{"77440":{"hotelName":"Sofitel Sydney Wentworth","hotelNameUtf8":"Sofitel Sydney Wentworth","countryName":"Australia","countryCode":"AU","cityName":"Sydney","blackOutDates":null,"currency":"AUD","curySymbole":"$","promoCode":"PO","shortMarketingText":"Save 25% on your stay","offerAmount":"25.00","reviewerScore":"60","likes":"80%","userRating":"5","starRating":"5","hotelType":null,"bestFor":null,"sortOrder":"115","facilities":"Gym,Pool","facilitiesText":"Spa","price":"212.50","travelText":"save","hotelId":"77440","marketText":"Save 25% on your stay","isMemberExclusive":"0","isPromocodeApplicable":"value","promotion":[{"PO":{"30.00":"Save 30% on your stay"},"VA":["Rate includes breakfast","Rate includes up to 20% off"]}]},"162601":{"hotelName":"BLUE Sydney","hotelNameUtf8":"BLUE Sydney","countryName":"Australia","countryCode":"AU","cityName":"Sydney","blackOutDates":null,"currency":"AUD","curySymbole":"$","promoCode":"PO","shortMarketingText":"Extended Stay Offer, Stay 3 Nights & Save 15%","offerAmount":"15.00","reviewerScore":"60","likes":"80%","userRating":"5","starRating":"5","hotelType":null,"bestFor":null,"sortOrder":"105","facilities":"Gym,Pool","facilitiesText":"Spa","price":"184.69","travelText":"save","hotelId":"162601","marketText":"Extended Stay Offer, Stay 3 Nights & Save 15%","isMemberExclusive":"0","isPromocodeApplicable":"value","promotion":[{"PO":{"20.00":"Stay 5 Nights & Save 20%"}}]},"321377":{"hotelName":"Adina Apartment Hotel Sydney, Crown St","hotelNameUtf8":"Adina Apartment Hotel Sydney, Crown St","countryName":"Australia","countryCode":"AU","cityName":"Sydney","blackOutDates":null,"currency":"AUD","curySymbole":"$","promoCode":"PO","shortMarketingText":"Stay 4 & Save 25%","offerAmount":"25.00","reviewerScore":"60","likes":"80%","userRating":"4","starRating":"4","hotelType":null,"bestFor":null,"sortOrder":"100","facilities":"Gym,Pool","facilitiesText":"Spa","price":"182.39","travelText":"save","hotelId":"321377","marketText":"Stay 4 & Save 25%","isMemberExclusive":"0","isPromocodeApplicable":"value","promotion":[{"PO":{"30.00":"Limited Time Offer, Stay 3 Nights & Save 30%"}}]},"323302":{"hotelName":"Rendezvous Hotel Sydney The Rocks","hotelNameUtf8":"Rendezvous Hotel Sydney The Rocks","countryName":"Australia","countryCode":"AU","cityName":"Sydney","blackOutDates":null,"currency":"AUD","curySymbole":"$","promoCode":"PO","shortMarketingText":"Limited Time Offer! Stay 2 Nights & Save 30%","offerAmount":"30.00","reviewerScore":"60","likes":"80%","userRating":"4","starRating":"4","hotelType":null,"bestFor":null,"sortOrder":"105","facilities":"Gym,Pool","facilitiesText":"Spa","price":"117.10","travelText":"save","hotelId":"323302","marketText":"Limited Time Offer! Stay 2 Nights & Save 30%","isMemberExclusive":"0","isPromocodeApplicable":"value","promotion":[{"PO":{"30.00":"Limited Time Offer! Stay 2 Nights & Save 30%"}}]},"316582":{"hotelName":"Vibe Hotel Rushcutters Sydney","hotelNameUtf8":"Vibe Hotel Rushcutters Sydney","countryName":"Australia","countryCode":"AU","cityName":"Sydney","blackOutDates":null,"currency":"AUD","curySymbole":"$","promoCode":"PO","shortMarketingText":"Limited Time Offer, Stay 2 Nights & Save 30%","offerAmount":"30.00","reviewerScore":"60","likes":"80%","userRating":"4","starRating":"4","hotelType":null,"bestFor":null,"sortOrder":"105","facilities":"Gym,Pool","facilitiesText":"Spa","price":"91.64","travelText":"save","hotelId":"316582","marketText":"Limited Time Offer, Stay 2 Nights & Save 30%","isMemberExclusive":"0","isPromocodeApplicable":"value","promotion":[{"PO":{"30.00":"Limited Time Offer, Stay 2 Nights & Save 30%"},"VA":["Buffet Breakfast Included"]}]},"321099":{"hotelName":"Travelodge Wynyard Sydney","hotelNameUtf8":"Travelodge Wynyard Sydney","countryName":"Australia","countryCode":"AU","cityName":"Sydney","blackOutDates":null,"currency":"AUD","curySymbole":"$","promoCode":"PO","shortMarketingText":"Check-in from 5pm & checkout by 9am","offerAmount":"10.00","reviewerScore":"60","likes":"80%","userRating":"4","starRating":"4","hotelType":null,"bestFor":null,"sortOrder":"85","facilities":"Gym,Pool","facilitiesText":"Spa","price":"121.91","travelText":"save","hotelId":"321099","marketText":"Check-in from 5pm & checkout by 9am","isMemberExclusive":"0","isPromocodeApplicable":"value","promotion":[{"PO":{"30.00":"Limited Time Offer, Stay 2 Nights & Save 30%"},"VA":["Includes Breakfast for 2","Check-in from 5pm & checkout by 9am"]}]},"312329":{"hotelName":"Adina Apartment Hotel Sydney, Harbourside","hotelNameUtf8":"Adina Apartment Hotel Sydney, Harbourside","countryName":"Australia","countryCode":"AU","cityName":"Sydney","blackOutDates":null,"currency":"AUD","curySymbole":"$","promoCode":"PO","shortMarketingText":"Stay 2 Nights and Save 10%","offerAmount":"10.00","reviewerScore":"60","likes":"80%","userRating":"4","starRating":"4","hotelType":null,"bestFor":null,"sortOrder":"85","facilities":"Gym,Pool","facilitiesText":"Spa","price":"146.46","travelText":"save","hotelId":"312329","marketText":"Stay 2 Nights and Save 10%","isMemberExclusive":"0","isPromocodeApplicable":"value","promotion":[{"PO":{"30.00":"Limited Time Offer, Stay 3 Nights & Save 30%"}}]},"323064":{"hotelName":"Rendezvous Hotel Sydney Central","hotelNameUtf8":"Rendezvous Hotel Sydney Central","countryName":"Australia","countryCode":"AU","cityName":"Sydney","blackOutDates":null,"currency":"AUD","curySymbole":"$","promoCode":"PO","shortMarketingText":"Limited Time Offer! Stay 2 Nights & Save 30%","offerAmount":"30.00","reviewerScore":"60","likes":"80%","userRating":"4","starRating":"4","hotelType":null,"bestFor":null,"sortOrder":"105","facilities":"Gym,Pool","facilitiesText":"Spa","price":"99.60","travelText":"save","hotelId":"323064","marketText":"Limited Time Offer! Stay 2 Nights & Save 30%","isMemberExclusive":"0","isPromocodeApplicable":"value","promotion":[{"PO":{"30.00":"Limited Time Offer! Stay 2 Nights & Save 30%"}}]},"317414":{"hotelName":"Vibe Hotel Sydney","hotelNameUtf8":"Vibe Hotel Sydney","countryName":"Australia","countryCode":"AU","cityName":"Sydney","blackOutDates":null,"currency":"AUD","curySymbole":"$","promoCode":"PO","shortMarketingText":"Stay 2 Nights and Save 20%","offerAmount":"20.00","reviewerScore":"60","likes":"80%","userRating":"4","starRating":"4","hotelType":null,"bestFor":null,"sortOrder":"95","facilities":"Gym,Pool","facilitiesText":"Spa","price":"104.73","travelText":"save","hotelId":"317414","marketText":"Stay 2 Nights and Save 20%","isMemberExclusive":"0","isPromocodeApplicable":"value","promotion":[{"PO":{"30.00":"Limited Time Offer, Stay 2 Nights & Save 30%"}}]},"259021":{"hotelName":"Rydges World Square Hotel Sydney","hotelNameUtf8":"Rydges World Square Hotel Sydney","countryName":"Australia","countryCode":"AU","cityName":"Sydney","blackOutDates":null,"currency":"AUD","curySymbole":"$","promoCode":"PO","shortMarketingText":"Limited Time Offer, Stay 2 Nights & Save 25%","offerAmount":"25.00","reviewerScore":"60","likes":"80%","userRating":"4","starRating":"4","hotelType":null,"bestFor":null,"sortOrder":"100","facilities":"Gym,Pool","facilitiesText":"Spa","price":"128.87","travelText":"save","hotelId":"259021","marketText":"Limited Time Offer, Stay 2 Nights & Save 25%","isMemberExclusive":"0","isPromocodeApplicable":"value","promotion":[{"PO":{"25.00":"Limited Time Offer, Stay 2 Nights & Save 25%"},"VA":["Stay 3 Nights & Save 15%","Special rate for check-in after 8:30pm"]}]},"28840":{"hotelName":"The Westin Sydney","hotelNameUtf8":"The Westin Sydney","countryName":"Australia","countryCode":"AU","cityName":"Sydney","blackOutDates":null,"currency":"AUD","curySymbole":"$","promoCode":"PO","shortMarketingText":"Save 10% on your stay","offerAmount":"10.00","reviewerScore":"60","likes":"80%","userRating":"5","starRating":"5","hotelType":null,"bestFor":null,"sortOrder":"100","facilities":"Gym,Pool","facilitiesText":"Spa","price":"286.37","travelText":"save","hotelId":"28840","marketText":"Save 10% on your stay","isMemberExclusive":"0","isPromocodeApplicable":"value","promotion":[{"PO":{"10.00":"Save 10% on your stay"},"VA":["This week only! Save up to 50%"]}]},"248800":{"hotelName":"Rydges Sydney Central","hotelNameUtf8":"Rydges Sydney Central","countryName":"Australia","countryCode":"AU","cityName":"Sydney","blackOutDates":null,"currency":"AUD","curySymbole":"$","promoCode":"PO","shortMarketingText":"Book Now & Save 25% + FREE Room Upgrade","offerAmount":"25.00","reviewerScore":"60","likes":"80%","userRating":"4","starRating":"4","hotelType":null,"bestFor":null,"sortOrder":"100","facilities":"Gym,Pool","facilitiesText":"Spa","price":"122.04","travelText":"save","hotelId":"248800","marketText":"Book Now & Save 25% + FREE Room Upgrade","isMemberExclusive":"0","isPromocodeApplicable":"value","promotion":[{"PO":{"25.00":"Book Now & Save 25% + FREE Room Upgrade"}}]},"329786":{"hotelName":"Larmont Sydney - by Lancemore (formally Diamant Hotel Sydney)","hotelNameUtf8":"Larmont Sydney - by Lancemore (formally Diamant Hotel Sydney)","countryName":"Australia","countryCode":"AU","cityName":"Sydney","blackOutDates":null,"currency":"AUD","curySymbole":"$","promoCode":"PO","shortMarketingText":"Stay 2 Nights & Save 15%","offerAmount":"15.00","reviewerScore":"60","likes":"80%","userRating":"4","starRating":"4","hotelType":null,"bestFor":null,"sortOrder":"90","facilities":"Gym,Pool","facilitiesText":"Spa","price":"126.74","travelText":"save","hotelId":"329786","marketText":"Stay 2 Nights & Save 15%","isMemberExclusive":"0","isPromocodeApplicable":"value","promotion":[{"PO":{"25.00":"Limited Time Offer, Stay 2 Nights & Save 25%"},"VA":["Includes Breakfast for 2"]}]},"476651":{"hotelName":"Park8 Hotel by 8Hotels","hotelNameUtf8":"Park8 Hotel by 8Hotels","countryName":"Australia","countryCode":"AU","cityName":"Sydney","blackOutDates":null,"currency":"AUD","curySymbole":"$","promoCode":"PO","shortMarketingText":"Stay 2 Nights and Save 15%","offerAmount":"15.00","reviewerScore":"60","likes":"80%","userRating":"4","starRating":"4","hotelType":null,"bestFor":null,"sortOrder":"90","facilities":"Gym,Pool","facilitiesText":"Spa","price":"153.78","travelText":"save","hotelId":"476651","marketText":"Stay 2 Nights and Save 15%","isMemberExclusive":"0","isPromocodeApplicable":"value","promotion":[{"PO":{"20.00":"Stay 3 Nights and Save 20%"},"VA":["Save 20% & 12pm Late Check Out","Includes Breakfast Daily"]}]},"327066":{"hotelName":"Pensione Hotel Sydney - by 8Hotels","hotelNameUtf8":"Pensione Hotel Sydney - by 8Hotels","countryName":"Australia","countryCode":"AU","cityName":"Sydney","blackOutDates":null,"currency":"AUD","curySymbole":"$","promoCode":"PO","shortMarketingText":"Stay 2 Nights & Save 15%","offerAmount":"15.00","reviewerScore":"60","likes":"80%","userRating":"3","starRating":"3","hotelType":null,"bestFor":null,"sortOrder":"75","facilities":"Gym,Pool","facilitiesText":"Spa","price":"95.82","travelText":"save","hotelId":"327066","marketText":"Stay 2 Nights & Save 15%","isMemberExclusive":"0","isPromocodeApplicable":"value","promotion":[{"PO":{"35.00":"Stay 2 Nights & Save 35%"}}]},"332919":{"hotelName":"The Kirketon Hotel Sydney - by 8Hotels","hotelNameUtf8":"The Kirketon Hotel Sydney - by 8Hotels","countryName":"Australia","countryCode":"AU","cityName":"Sydney","blackOutDates":null,"currency":"AUD","curySymbole":"$","promoCode":"PO","shortMarketingText":"Stay 2 Nights and Save 15%","offerAmount":"15.00","reviewerScore":"60","likes":"80%","userRating":"4","starRating":"4","hotelType":null,"bestFor":null,"sortOrder":"90","facilities":"Gym,Pool","facilitiesText":"Spa","price":"134.45","travelText":"save","hotelId":"332919","marketText":"Stay 2 Nights and Save 15%","isMemberExclusive":"0","isPromocodeApplicable":"value","promotion":[{"PO":{"20.00":"Stay 3 Nights and Save 20%"}}]},"326961":{"hotelName":"Adina Apartment Hotel Sydney","hotelNameUtf8":"Adina Apartment Hotel Sydney","countryName":"Australia","countryCode":"AU","cityName":"Sydney","blackOutDates":null,"currency":"AUD","curySymbole":"$","promoCode":"PO","shortMarketingText":"Stay 2 Nights and Save 10%","offerAmount":"10.00","reviewerScore":"60","likes":"80%","userRating":"4","starRating":"4","hotelType":null,"bestFor":null,"sortOrder":"85","facilities":"Gym,Pool","facilitiesText":"Spa","price":"135.00","travelText":"save","hotelId":"326961","marketText":"Stay 2 Nights and Save 10%","isMemberExclusive":"0","isPromocodeApplicable":"value","promotion":[{"PO":{"20.00":"Stay 3 Nights & Save 20%"}}]},"525571":{"hotelName":"Seasons Darling Harbour Sydney","hotelNameUtf8":"Seasons Darling Harbour Sydney","countryName":"Australia","countryCode":"AU","cityName":"Sydney","blackOutDates":null,"currency":"AUD","curySymbole":"$","promoCode":"PO","shortMarketingText":"Stay 2 Nights & Save 10%","offerAmount":"10.00","reviewerScore":"60","likes":"80%","userRating":"4","starRating":"4","hotelType":null,"bestFor":null,"sortOrder":"85","facilities":"Gym,Pool","facilitiesText":"Spa","price":"97.36","travelText":"save","hotelId":"525571","marketText":"Stay 2 Nights & Save 10%","isMemberExclusive":"0","isPromocodeApplicable":"value","promotion":[{"PO":{"20.00":"Stay 3 Nights & Save 20%"}}]},"320361":{"hotelName":"Seasons Harbour Plaza","hotelNameUtf8":"Seasons Harbour Plaza","countryName":"Australia","countryCode":"AU","cityName":"Sydney","blackOutDates":null,"currency":"AUD","curySymbole":"$","promoCode":"PO","shortMarketingText":"Stay 2 Nights & Save 15%","offerAmount":"15.00","reviewerScore":"60","likes":"80%","userRating":"4","starRating":"4","hotelType":null,"bestFor":null,"sortOrder":"90","facilities":"Gym,Pool","facilitiesText":"Spa","price":"92.73","travelText":"save","hotelId":"320361","marketText":"Stay 2 Nights & Save 15%","isMemberExclusive":"0","isPromocodeApplicable":"value","promotion":[{"PO":{"20.00":"Limited Time Offer, Stay 2 Nights & Save 20%"}}]},"675691":{"hotelName":"The Bayswater Sydney","hotelNameUtf8":"The Bayswater Sydney","countryName":"Australia","countryCode":"AU","cityName":"Sydney","blackOutDates":null,"currency":"AUD","curySymbole":"$","promoCode":"PO","shortMarketingText":"Non-Refundable Deal","offerAmount":"9.00","reviewerScore":"60","likes":"80%","userRating":"4","starRating":"4","hotelType":null,"bestFor":null,"sortOrder":"84","facilities":"Gym,Pool","facilitiesText":"Spa","price":"83.56","travelText":"save","hotelId":"675691","marketText":"Non-Refundable Deal","isMemberExclusive":"0","isPromocodeApplicable":"value","promotion":[{"PO":{"20.00":"Stay 2 save 20%"}}]},"321646":{"hotelName":"Oaks Goldsbrough Apartments Sydney","hotelNameUtf8":"Oaks Goldsbrough Apartments Sydney","countryName":"Australia","countryCode":"AU","cityName":"Sydney","blackOutDates":null,"currency":"AUD","curySymbole":"$","promoCode":"PO","shortMarketingText":"Stay 2 Nights & Save 5%","offerAmount":"5.00","reviewerScore":"60","likes":"80%","userRating":"4","starRating":"4","hotelType":null,"bestFor":null,"sortOrder":"80","facilities":"Gym,Pool","facilitiesText":"Spa","price":"108.30","travelText":"save","hotelId":"321646","marketText":"Stay 2 Nights & Save 5%","isMemberExclusive":"0","isPromocodeApplicable":"value","promotion":[{"PO":{"15.00":"Stay 3 Nights & Save 15%"}}]},"322691":{"hotelName":"Oaks Hyde Park Plaza Sydney","hotelNameUtf8":"Oaks Hyde Park Plaza Sydney","countryName":"Australia","countryCode":"AU","cityName":"Sydney","blackOutDates":null,"currency":"AUD","curySymbole":"$","promoCode":"PO","shortMarketingText":"Limited Time Offer, Stay 2 Nights & Save 15%","offerAmount":"15.00","reviewerScore":"60","likes":"80%","userRating":"4","starRating":"4","hotelType":null,"bestFor":null,"sortOrder":"90","facilities":"Gym,Pool","facilitiesText":"Spa","price":"110.50","travelText":"save","hotelId":"322691","marketText":"Limited Time Offer, Stay 2 Nights & Save 15%","isMemberExclusive":"0","isPromocodeApplicable":"value","promotion":[{"PO":{"15.00":"Limited Time Offer, Stay 2 Nights & Save 15%"}}]},"313592":{"hotelName":"The Grace Hotel Sydney","hotelNameUtf8":"The Grace Hotel Sydney","countryName":"Australia","countryCode":"AU","cityName":"Sydney","blackOutDates":null,"currency":"AUD","curySymbole":"$","promoCode":"PO","shortMarketingText":"Limited Time Offer, Stay 2 Nights & Save 10%","offerAmount":"10.00","reviewerScore":"60","likes":"80%","userRating":"4","starRating":"4","hotelType":null,"bestFor":null,"sortOrder":"85","facilities":"Gym,Pool","facilitiesText":"Spa","price":"147.28","travelText":"save","hotelId":"313592","marketText":"Limited Time Offer, Stay 2 Nights & Save 10%","isMemberExclusive":"0","isPromocodeApplicable":"value","promotion":[{"PO":{"15.00":"Limited Time Offer, Stay 3 Nights & Save 15%"}}]},"318477":{"hotelName":"Travelodge Sydney","hotelNameUtf8":"Travelodge Sydney","countryName":"Australia","countryCode":"AU","cityName":"Sydney","blackOutDates":null,"currency":"AUD","curySymbole":"$","promoCode":"PO","shortMarketingText":"Limited Time Offer, Stay 2 Nights & Save 30%","offerAmount":"30.00","reviewerScore":"60","likes":"80%","userRating":"3","starRating":"3","hotelType":null,"bestFor":null,"sortOrder":"90","facilities":"Gym,Pool","facilitiesText":"Spa","price":"91.64","travelText":"save","hotelId":"318477","marketText":"Limited Time Offer, Stay 2 Nights & Save 30%","isMemberExclusive":"0","isPromocodeApplicable":"value","promotion":[{"PO":{"30.00":"Limited Time Offer, Stay 2 Nights & Save 30%"}}]},"1092141":{"hotelName":"1888 Hotel","hotelNameUtf8":"1888 Hotel","countryName":"Australia","countryCode":"AU","cityName":"Sydney","blackOutDates":null,"currency":"AUD","curySymbole":"$","promoCode":"PO","shortMarketingText":"Stay 3 Nights & Save 15%","offerAmount":"15.00","reviewerScore":"60","likes":"80%","userRating":"4","starRating":"4","hotelType":null,"bestFor":null,"sortOrder":"90","facilities":"Gym,Pool","facilitiesText":"Spa","price":"166.65","travelText":"save","hotelId":"1092141","marketText":"Stay 3 Nights & Save 15%","isMemberExclusive":"0","isPromocodeApplicable":"value","promotion":[{"PO":{"15.00":"Stay 3 Nights & Save 15%"}}]},"331887":{"hotelName":"Oaks on Castlereagh Sydney","hotelNameUtf8":"Oaks on Castlereagh Sydney","countryName":"Australia","countryCode":"AU","cityName":"Sydney","blackOutDates":null,"currency":"AUD","curySymbole":"$","promoCode":"PO","shortMarketingText":"Stay 2 Nights & Save 5%","offerAmount":"5.00","reviewerScore":"60","likes":"80%","userRating":"4","starRating":"4","hotelType":null,"bestFor":null,"sortOrder":"80","facilities":"Gym,Pool","facilitiesText":"Spa","price":"122.55","travelText":"save","hotelId":"331887","marketText":"Stay 2 Nights & Save 5%","isMemberExclusive":"0","isPromocodeApplicable":"value","promotion":[{"PO":{"10.00":"Check-in Today & Save 10%"}}]},"348323":{"hotelName":"Medina Serviced Apartments Martin Place","hotelNameUtf8":"Medina Serviced Apartments Martin Place","countryName":"Australia","countryCode":"AU","cityName":"Sydney","blackOutDates":null,"currency":"AUD","curySymbole":"$","promoCode":"PO","shortMarketingText":"Stay 2 Nights & Save 10%","offerAmount":"10.00","reviewerScore":"60","likes":"80%","userRating":"4","starRating":"4","hotelType":null,"bestFor":null,"sortOrder":"85","facilities":"Gym,Pool","facilitiesText":"Spa","price":"135.00","travelText":"save","hotelId":"348323","marketText":"Stay 2 Nights & Save 10%","isMemberExclusive":"0","isPromocodeApplicable":"value","promotion":[{"PO":{"10.00":"Stay 2 Nights & Save 10%"}}]},"310879":{"hotelName":"Adina Apartment Hotel Sydney, Central","hotelNameUtf8":"Adina Apartment Hotel Sydney, Central","countryName":"Australia","countryCode":"AU","cityName":"Sydney","blackOutDates":null,"currency":"AUD","curySymbole":"$","promoCode":"PO","shortMarketingText":"Stay 2 Nights & Save 10%","offerAmount":"10.00","reviewerScore":"60","likes":"80%","userRating":"4","starRating":"4","hotelType":null,"bestFor":null,"sortOrder":"85","facilities":"Gym,Pool","facilitiesText":"Spa","price":"154.65","travelText":"save","hotelId":"310879","marketText":"Stay 2 Nights & Save 10%","isMemberExclusive":"0","isPromocodeApplicable":"value","promotion":[{"PO":{"10.00":"Stay 2 Nights & Save 10%"}}]},"331978":{"hotelName":"Springfield Lodge","hotelNameUtf8":"Springfield Lodge","countryName":"Australia","countryCode":"AU","cityName":"Sydney","blackOutDates":null,"currency":"AUD","curySymbole":"$","promoCode":"PO","shortMarketingText":"Non - Refundable Deal","offerAmount":"9.00","reviewerScore":"60","likes":"80%","userRating":"3","starRating":"3","hotelType":null,"bestFor":null,"sortOrder":"69","facilities":"Gym,Pool","facilitiesText":"Spa","price":"81.90","travelText":"save","hotelId":"331978","marketText":"Non - Refundable Deal","isMemberExclusive":"0","isPromocodeApplicable":"value","promotion":[{"PO":{"25.00":"Same Day Deal"}}]},"537731":{"hotelName":"Central Station Hotel","hotelNameUtf8":"Central Station Hotel","countryName":"Australia","countryCode":"AU","cityName":"Sydney","blackOutDates":null,"currency":"AUD","curySymbole":"$","promoCode":"PO","shortMarketingText":"Stay 2 Nights & Save 20%","offerAmount":"20.00","reviewerScore":"60","likes":"80%","userRating":"3","starRating":"3","hotelType":null,"bestFor":null,"sortOrder":"80","facilities":"Gym,Pool","facilitiesText":"Spa","price":"93.82","travelText":"save","hotelId":"537731","marketText":"Stay 2 Nights & Save 20%","isMemberExclusive":"0","isPromocodeApplicable":"value","promotion":[{"PO":{"20.00":"Stay 2 Nights & Save 20%"}}]}}