{"hotel-id#1": {"hotelNameOld": "Bali Dynasty Resort", "hotelName": "Bali Dynasty Resort", "hotelNameUtf8": "Bali Dynasty Resort", "countryName": "Indonesia", "countryCode": "IDN", "cityName": "Bali", "thImgUrl": null, "blackOutDates": null, "currency": "AUD", "curySymbole": "$", "promoId": null, "shortMarketingText": "Stay 3 Nights & Save 20%", "reviewerScore": "60", "likes": "88%", "userRating": "4", "starRating": "4", "hotelType": null, "bestFor": null, "sortOrder": "1", "facilities": "Gym,Pool", "facilitiesText": "Spa", "price": "199", "travelText": "save", "hotelId": "434651", "marketText": "Stay 3 Nights & Save 20%", "isMemberExclusive": "0", "isPromocodeApplicable": "value"}, "hotel-id#2": {"hotelNameOld": "Grand Mirage Resort Bali", "hotelName": "Grand Mirage Resort Bali", "hotelNameUtf8": "Grand Mirage Resort Bali", "countryName": "Indonesia", "countryCode": "IDN", "cityName": "Bali", "thImgUrl": "https:\/\/www.tnetnoc.com\/hotelphotos\/793\/321793\/2241284-Grand-Mirage-Resort-Bali-Hotel-Exterior-1-LP.jpg", "blackOutDates": null, "currency": "AUD", "curySymbole": "$", "promoId": null, "shortMarketingText": "Members Only! Save 10%", "reviewerScore": "60", "likes": "88%", "userRating": "5", "starRating": "5", "hotelType": null, "bestFor": null, "sortOrder": "1", "facilities": "Gym,Pool", "facilitiesText": "Spa", "price": "199", "travelText": "save", "hotelId": "321793", "marketText": "Members Only! Save 10%", "isMemberExclusive": "1", "isPromocodeApplicable": "value"}, "hotel-id#3": {"hotelNameOld": "Jayakarta Beach Resort and Spa Bali", "hotelName": "Jayakarta Beach Resort and Spa Bali", "hotelNameUtf8": "Jayakarta Beach Resort and Spa Bali", "countryName": "Indonesia", "countryCode": "IDN", "cityName": "Bali", "thImgUrl": null, "blackOutDates": null, "currency": "AUD", "curySymbole": "$", "promoId": null, "shortMarketingText": "Members Only! Save 55%", "reviewerScore": "60", "likes": "88%", "userRating": "4", "starRating": "4", "hotelType": null, "bestFor": null, "sortOrder": "1", "facilities": "Gym,Pool", "facilitiesText": "Spa", "price": "199", "travelText": "save", "hotelId": "316576", "marketText": "Members Only! Save 55%", "isMemberExclusive": "1", "isPromocodeApplicable": "value"}, "hotel-id#4": {"hotelNameOld": "Jayakarta Beach Resort and Spa Bali", "hotelName": "Jayakarta Beach Resort and Spa Bali", "hotelNameUtf8": "Jayakarta Beach Resort and Spa Bali", "countryName": "Indonesia", "countryCode": "IDN", "cityName": "Bali", "thImgUrl": null, "blackOutDates": null, "currency": "AUD", "curySymbole": "$", "promoId": null, "shortMarketingText": "Book 30 Days In Advance & Save 25%", "reviewerScore": "60", "likes": "88%", "userRating": "4", "starRating": "4", "hotelType": null, "bestFor": null, "sortOrder": "1", "facilities": "Gym,Pool", "facilitiesText": "Spa", "price": "199", "travelText": "save", "hotelId": "316576", "marketText": "Book 30 Days In Advance & Save 25%", "isMemberExclusive": "0", "isPromocodeApplicable": "value"}, "hotel-id#5": {"hotelNameOld": "Padma Resort Bali At Legian", "hotelName": "Padma Resort Bali At Legian", "hotelNameUtf8": "Padma Resort Bali At Legian", "countryName": "Indonesia", "countryCode": "IDN", "cityName": "Bali", "thImgUrl": null, "blackOutDates": null, "currency": "AUD", "curySymbole": "$", "promoId": null, "shortMarketingText": "Book 14 Days In Advance & Save 30%", "reviewerScore": "60", "likes": "88%", "userRating": "5", "starRating": "5", "hotelType": null, "bestFor": null, "sortOrder": "1", "facilities": "Gym,Pool", "facilitiesText": "Spa", "price": "199", "travelText": "save", "hotelId": "340042", "marketText": "Book 14 Days In Advance & Save 30%", "isMemberExclusive": "0", "isPromocodeApplicable": "value"}, "hotel-id#6": {"hotelNameOld": "Prama Sanur Beach Hotel Bali", "hotelName": "Prama Sanur Beach Hotel Bali", "hotelNameUtf8": "Prama Sanur Beach Hotel Bali", "countryName": "Indonesia", "countryCode": "IDN", "cityName": "Bali", "thImgUrl": null, "blackOutDates": null, "currency": "AUD", "curySymbole": "$", "promoId": null, "shortMarketingText": "Member Only! Save 30%", "reviewerScore": "60", "likes": "88%", "userRating": "4", "starRating": "4", "hotelType": null, "bestFor": null, "sortOrder": "1", "facilities": "Gym,Pool", "facilitiesText": "Spa", "price": "199", "travelText": "save", "hotelId": "314955", "marketText": "Member Only! Save 30%", "isMemberExclusive": "1", "isPromocodeApplicable": "value"}, "hotel-id#7": {"hotelNameOld": "Prama Sanur Beach Hotel Bali", "hotelName": "Prama Sanur Beach Hotel Bali", "hotelNameUtf8": "Prama Sanur Beach Hotel Bali", "countryName": "Indonesia", "countryCode": "IDN", "cityName": "Bali", "thImgUrl": null, "blackOutDates": null, "currency": "AUD", "curySymbole": "$", "promoId": null, "shortMarketingText": "Book Now & Save 28%", "reviewerScore": "60", "likes": "88%", "userRating": "4", "starRating": "4", "hotelType": null, "bestFor": null, "sortOrder": "1", "facilities": "Gym,Pool", "facilitiesText": "Spa", "price": "199", "travelText": "save", "hotelId": "314955", "marketText": "Book Now & Save 28%", "isMemberExclusive": "0", "isPromocodeApplicable": "value"}, "hotel-id#8": {"hotelNameOld": "Melia Bali Villas and Spa Resort", "hotelName": "Melia Bali Villas and Spa Resort", "hotelNameUtf8": "Melia Bali Villas and Spa Resort", "countryName": "Indonesia", "countryCode": "IDN", "cityName": "Bali", "thImgUrl": null, "blackOutDates": null, "currency": "AUD", "curySymbole": "$", "promoId": null, "shortMarketingText": "Book 8 Days In Advance & Save 10%", "reviewerScore": "60", "likes": "88%", "userRating": "5", "starRating": "5", "hotelType": null, "bestFor": null, "sortOrder": "1", "facilities": "Gym,Pool", "facilitiesText": "Spa", "price": "199", "travelText": "save", "hotelId": "2639", "marketText": "Book 8 Days In Advance & Save 10%", "isMemberExclusive": "0", "isPromocodeApplicable": "value"}, "hotel-id#9": {"hotelNameOld": "Melia Bali Villas and Spa Resort", "hotelName": "Melia Bali Villas and Spa Resort", "hotelNameUtf8": "Melia Bali Villas and Spa Resort", "countryName": "Indonesia", "countryCode": "IDN", "cityName": "Bali", "thImgUrl": null, "blackOutDates": null, "currency": "AUD", "curySymbole": "$", "promoId": null, "shortMarketingText": "Book 22 Days In Advance & Save 15%", "reviewerScore": "60", "likes": "88%", "userRating": "5", "starRating": "5", "hotelType": null, "bestFor": null, "sortOrder": "1", "facilities": "Gym,Pool", "facilitiesText": "Spa", "price": "199", "travelText": "save", "hotelId": "2639", "marketText": "Book 22 Days In Advance & Save 15%", "isMemberExclusive": "0", "isPromocodeApplicable": "value"}, "hotel-id#10": {"hotelNameOld": "Grand Nikko Bali", "hotelName": "Grand Nikko Bali", "hotelNameUtf8": "Grand Nikko Bali", "countryName": "Indonesia", "countryCode": "IDN", "cityName": "Bali", "thImgUrl": null, "blackOutDates": null, "currency": "AUD", "curySymbole": "$", "promoId": null, "shortMarketingText": "Book Now & Save 20%", "reviewerScore": "60", "likes": "88%", "userRating": "5", "starRating": "5", "hotelType": null, "bestFor": null, "sortOrder": "1", "facilities": "Gym,Pool", "facilitiesText": "Spa", "price": "199", "travelText": "save", "hotelId": "340314", "marketText": "Book Now & Save 20%", "isMemberExclusive": "0", "isPromocodeApplicable": "value"}, "hotel-id#11": {"hotelNameOld": "Grand Nikko Bali", "hotelName": "Grand Nikko Bali", "hotelNameUtf8": "Grand Nikko Bali", "countryName": "Indonesia", "countryCode": "IDN", "cityName": "Bali", "thImgUrl": null, "blackOutDates": null, "currency": "AUD", "curySymbole": "$", "promoId": null, "shortMarketingText": "Book 14 Days In Advance & Save 25%", "reviewerScore": "60", "likes": "88%", "userRating": "5", "starRating": "5", "hotelType": null, "bestFor": null, "sortOrder": "1", "facilities": "Gym,Pool", "facilitiesText": "Spa", "price": "199", "travelText": "save", "hotelId": "340314", "marketText": "Book 14 Days In Advance & Save 25%", "isMemberExclusive": "0", "isPromocodeApplicable": "value"}, "hotel-id#12": {"hotelNameOld": "Segara Village Hotel Bali", "hotelName": "Segara Village Hotel Bali", "hotelNameUtf8": "Segara Village Hotel Bali", "countryName": "Indonesia", "countryCode": "IDN", "cityName": "Bali", "thImgUrl": null, "blackOutDates": null, "currency": "AUD", "curySymbole": "$", "promoId": null, "shortMarketingText": "Member Only - Stay 3 Nights & Save 50%", "reviewerScore": "60", "likes": "88%", "userRating": "4", "starRating": "4", "hotelType": null, "bestFor": null, "sortOrder": "1", "facilities": "Gym,Pool", "facilitiesText": "Spa", "price": "199", "travelText": "save", "hotelId": "262569", "marketText": "Member Only - Stay 3 Nights & Save 50%", "isMemberExclusive": "1", "isPromocodeApplicable": "value"}, "hotel-id#13": {"hotelNameOld": "Segara Village Hotel Bali", "hotelName": "Segara Village Hotel Bali", "hotelNameUtf8": "Segara Village Hotel Bali", "countryName": "Indonesia", "countryCode": "IDN", "cityName": "Bali", "thImgUrl": null, "blackOutDates": null, "currency": "AUD", "curySymbole": "$", "promoId": null, "shortMarketingText": "Book Now & Save 40%", "reviewerScore": "60", "likes": "88%", "userRating": "4", "starRating": "4", "hotelType": null, "bestFor": null, "sortOrder": "1", "facilities": "Gym,Pool", "facilitiesText": "Spa", "price": "199", "travelText": "save", "hotelId": "262569", "marketText": "Book Now & Save 40%", "isMemberExclusive": "0", "isPromocodeApplicable": "value"}, "hotel-id#14": {"hotelNameOld": "The Laguna, a Luxury Collection Resort & Spa, Nusa Dua, Bali", "hotelName": "The Laguna, a Luxury Collection Resort & Spa, Nusa Dua, Bali", "hotelNameUtf8": "The Laguna, a Luxury Collection Resort & Spa, Nusa Dua, Bali", "countryName": "Indonesia", "countryCode": "IDN", "cityName": "Bali", "thImgUrl": null, "blackOutDates": null, "currency": "AUD", "curySymbole": "$", "promoId": null, "shortMarketingText": "Save 30% on your stay", "reviewerScore": "60", "likes": "88%", "userRating": "5", "starRating": "5", "hotelType": null, "bestFor": null, "sortOrder": "1", "facilities": "Gym,Pool", "facilitiesText": "Spa", "price": "199", "travelText": "save", "hotelId": "254199", "marketText": "Save 30% on your stay", "isMemberExclusive": "0", "isPromocodeApplicable": "value"}, "hotel-id#15": {"hotelNameOld": "Nusa Dua Beach Hotel and Spa", "hotelName": "Nusa Dua Beach Hotel and Spa", "hotelNameUtf8": "Nusa Dua Beach Hotel and Spa", "countryName": "Indonesia", "countryCode": "IDN", "cityName": "Bali", "thImgUrl": null, "blackOutDates": null, "currency": "AUD", "curySymbole": "$", "promoId": null, "shortMarketingText": "Members Only! Save 25%", "reviewerScore": "60", "likes": "88%", "userRating": "5", "starRating": "5", "hotelType": null, "bestFor": null, "sortOrder": "1", "facilities": "Gym,Pool", "facilitiesText": "Spa", "price": "199", "travelText": "save", "hotelId": "32275", "marketText": "Members Only! Save 25%", "isMemberExclusive": "1", "isPromocodeApplicable": "value"}, "hotel-id#16": {"hotelNameOld": "Nusa Dua Beach Hotel and Spa", "hotelName": "Nusa Dua Beach Hotel and Spa", "hotelNameUtf8": "Nusa Dua Beach Hotel and Spa", "countryName": "Indonesia", "countryCode": "IDN", "cityName": "Bali", "thImgUrl": null, "blackOutDates": null, "currency": "AUD", "curySymbole": "$", "promoId": null, "shortMarketingText": "Book Now & Save 20%", "reviewerScore": "60", "likes": "88%", "userRating": "5", "starRating": "5", "hotelType": null, "bestFor": null, "sortOrder": "1", "facilities": "Gym,Pool", "facilitiesText": "Spa", "price": "199", "travelText": "save", "hotelId": "32275", "marketText": "Book Now & Save 20%", "isMemberExclusive": "0", "isPromocodeApplicable": "value"}, "hotel-id#17": {"hotelNameOld": "AYANA Resort and Spa Bali", "hotelName": "AYANA Resort and Spa Bali", "hotelNameUtf8": "AYANA Resort and Spa Bali", "countryName": "Indonesia", "countryCode": "IDN", "cityName": "Bali", "thImgUrl": null, "blackOutDates": null, "currency": "AUD", "curySymbole": "$", "promoId": null, "shortMarketingText": "Book Now & Save 15%", "reviewerScore": "60", "likes": "88%", "userRating": "5", "starRating": "5", "hotelType": null, "bestFor": null, "sortOrder": "1", "facilities": "Gym,Pool", "facilitiesText": "Spa", "price": "199", "travelText": "save", "hotelId": "316973", "marketText": "Book Now & Save 15%", "isMemberExclusive": "0", "isPromocodeApplicable": "value"}, "hotel-id#18": {"hotelNameOld": "AYANA Resort and Spa Bali", "hotelName": "AYANA Resort and Spa Bali", "hotelNameUtf8": "AYANA Resort and Spa Bali", "countryName": "Indonesia", "countryCode": "IDN", "cityName": "Bali", "thImgUrl": null, "blackOutDates": null, "currency": "AUD", "curySymbole": "$", "promoId": null, "shortMarketingText": "Book Now & Save 10%", "reviewerScore": "60", "likes": "88%", "userRating": "5", "starRating": "5", "hotelType": null, "bestFor": null, "sortOrder": "1", "facilities": "Gym,Pool", "facilitiesText": "Spa", "price": "199", "travelText": "save", "hotelId": "316973", "marketText": "Book Now & Save 10%", "isMemberExclusive": "0", "isPromocodeApplicable": "value"}, "hotel-id#19": {"hotelNameOld": "The Bounty Hotel Bali", "hotelName": "The Bounty Hotel Bali", "hotelNameUtf8": "The Bounty Hotel Bali", "countryName": "Indonesia", "countryCode": "IDN", "cityName": "Bali", "thImgUrl": null, "blackOutDates": null, "currency": "AUD", "curySymbole": "$", "promoId": null, "shortMarketingText": "Book Now & Save 50%", "reviewerScore": "60", "likes": "88%", "userRating": "3", "starRating": "3", "hotelType": null, "bestFor": null, "sortOrder": "1", "facilities": "Gym,Pool", "facilitiesText": "Spa", "price": "199", "travelText": "save", "hotelId": "316577", "marketText": "Book Now & Save 50%", "isMemberExclusive": "0", "isPromocodeApplicable": "value"}, "hotel-id#20": {"hotelNameOld": "The Bounty Hotel Bali", "hotelName": "The Bounty Hotel Bali", "hotelNameUtf8": "The Bounty Hotel Bali", "countryName": "Indonesia", "countryCode": "IDN", "cityName": "Bali", "thImgUrl": null, "blackOutDates": null, "currency": "AUD", "curySymbole": "$", "promoId": null, "shortMarketingText": "Book Now & Save 40%", "reviewerScore": "60", "likes": "88%", "userRating": "3", "starRating": "3", "hotelType": null, "bestFor": null, "sortOrder": "1", "facilities": "Gym,Pool", "facilitiesText": "Spa", "price": "199", "travelText": "save", "hotelId": "316577", "marketText": "Book Now & Save 40%", "isMemberExclusive": "0", "isPromocodeApplicable": "value"}, "hotel-id#21": {"hotelNameOld": "Ayodya Resort Bali", "hotelName": "Ayodya Resort Bali", "hotelNameUtf8": "Ayodya Resort Bali", "countryName": "Indonesia", "countryCode": "IDN", "cityName": "Bali", "thImgUrl": "https:\/\/www.tnetnoc.com\/hotelphotos\/558\/24558\/2631759-Ayodya-Resort-Bali-Hotel-Exterior-2-LP.jpg", "blackOutDates": null, "currency": "AUD", "curySymbole": "$", "promoId": null, "shortMarketingText": "Member Only! Save 20%", "reviewerScore": "60", "likes": "88%", "userRating": "5", "starRating": "5", "hotelType": null, "bestFor": null, "sortOrder": "1", "facilities": "Gym,Pool", "facilitiesText": "Spa", "price": "199", "travelText": "save", "hotelId": "24558", "marketText": "Member Only! Save 20%", "isMemberExclusive": "1", "isPromocodeApplicable": "value"}, "hotel-id#22": {"hotelNameOld": "The Grand Bali Nusa Dua", "hotelName": "The Grand Bali Nusa Dua", "hotelNameUtf8": "The Grand Bali Nusa Dua", "countryName": "Indonesia", "countryCode": "IDN", "cityName": "Bali", "thImgUrl": null, "blackOutDates": null, "currency": "AUD", "curySymbole": "$", "promoId": null, "shortMarketingText": "Book 14 Days in Advance & Save 20%", "reviewerScore": "60", "likes": "88%", "userRating": "4", "starRating": "4", "hotelType": null, "bestFor": null, "sortOrder": "1", "facilities": "Gym,Pool", "facilitiesText": "Spa", "price": "199", "travelText": "save", "hotelId": "281038", "marketText": "Book 14 Days in Advance & Save 20%", "isMemberExclusive": "0", "isPromocodeApplicable": "value"}, "hotel-id#23": {"hotelNameOld": "Discovery Kartika Plaza Hotel Bali", "hotelName": "Discovery Kartika Plaza Hotel Bali", "hotelNameUtf8": "Discovery Kartika Plaza Hotel Bali", "countryName": "Indonesia", "countryCode": "IDN", "cityName": "Bali", "thImgUrl": null, "blackOutDates": null, "currency": "AUD", "curySymbole": "$", "promoId": null, "shortMarketingText": "Book Now & Save 20%", "reviewerScore": "60", "likes": "88%", "userRating": "5", "starRating": "5", "hotelType": null, "bestFor": null, "sortOrder": "1", "facilities": "Gym,Pool", "facilitiesText": "Spa", "price": "199", "travelText": "save", "hotelId": "318556", "marketText": "Book Now & Save 20%", "isMemberExclusive": "0", "isPromocodeApplicable": "value"}, "hotel-id#24": {"hotelNameOld": "Discovery Kartika Plaza Hotel Bali", "hotelName": "Discovery Kartika Plaza Hotel Bali", "hotelNameUtf8": "Discovery Kartika Plaza Hotel Bali", "countryName": "Indonesia", "countryCode": "IDN", "cityName": "Bali", "thImgUrl": null, "blackOutDates": null, "currency": "AUD", "curySymbole": "$", "promoId": null, "shortMarketingText": "Book 30 Days In Advance & Save 25%", "reviewerScore": "60", "likes": "88%", "userRating": "5", "starRating": "5", "hotelType": null, "bestFor": null, "sortOrder": "1", "facilities": "Gym,Pool", "facilitiesText": "Spa", "price": "199", "travelText": "save", "hotelId": "318556", "marketText": "Book 30 Days In Advance & Save 25%", "isMemberExclusive": "0", "isPromocodeApplicable": "value"}, "hotel-id#25": {"hotelNameOld": "Pat-Mase Villas", "hotelName": "Pat-Mase Villas", "hotelNameUtf8": "Pat-Mase Villas", "countryName": "Indonesia", "countryCode": "IDN", "cityName": "Bali", "thImgUrl": null, "blackOutDates": null, "currency": "AUD", "curySymbole": "$", "promoId": null, "shortMarketingText": "Book Now & Save 20%", "reviewerScore": "60", "likes": "88%", "userRating": "4", "starRating": "4", "hotelType": null, "bestFor": null, "sortOrder": "1", "facilities": "Gym,Pool", "facilitiesText": "Spa", "price": "199", "travelText": "save", "hotelId": "268309", "marketText": "Book Now & Save 20%", "isMemberExclusive": "0", "isPromocodeApplicable": "value"}, "hotel-id#26": {"hotelNameOld": "Alila Ubud", "hotelName": "Alila Ubud", "hotelNameUtf8": "Alila Ubud", "countryName": "Indonesia", "countryCode": "IDN", "cityName": "Bali", "thImgUrl": null, "blackOutDates": null, "currency": "AUD", "curySymbole": "$", "promoId": null, "shortMarketingText": "Stay 5 Nights & Save 25%", "reviewerScore": "60", "likes": "88%", "userRating": "5", "starRating": "5", "hotelType": null, "bestFor": null, "sortOrder": "1", "facilities": "Gym,Pool", "facilitiesText": "Spa", "price": "199", "travelText": "save", "hotelId": "84399", "marketText": "Stay 5 Nights & Save 25%", "isMemberExclusive": "0", "isPromocodeApplicable": "value"}, "hotel-id#27": {"hotelNameOld": "Alila Ubud", "hotelName": "Alila Ubud", "hotelNameUtf8": "Alila Ubud", "countryName": "Indonesia", "countryCode": "IDN", "cityName": "Bali", "thImgUrl": null, "blackOutDates": null, "currency": "AUD", "curySymbole": "$", "promoId": null, "shortMarketingText": "Book 14 Days In Advance & Save 20%", "reviewerScore": "60", "likes": "88%", "userRating": "5", "starRating": "5", "hotelType": null, "bestFor": null, "sortOrder": "1", "facilities": "Gym,Pool", "facilitiesText": "Spa", "price": "199", "travelText": "save", "hotelId": "84399", "marketText": "Book 14 Days In Advance & Save 20%", "isMemberExclusive": "0", "isPromocodeApplicable": "value"}, "hotel-id#28": {"hotelNameOld": "Alila Manggis", "hotelName": "Alila Manggis", "hotelNameUtf8": "Alila Manggis", "countryName": "Indonesia", "countryCode": "IDN", "cityName": "Bali", "thImgUrl": null, "blackOutDates": null, "currency": "AUD", "curySymbole": "$", "promoId": null, "shortMarketingText": "Stay 5 Nights & Save 25%", "reviewerScore": "60", "likes": "88%", "userRating": "4", "starRating": "4", "hotelType": null, "bestFor": null, "sortOrder": "1", "facilities": "Gym,Pool", "facilitiesText": "Spa", "price": "199", "travelText": "save", "hotelId": "217659", "marketText": "Stay 5 Nights & Save 25%", "isMemberExclusive": "0", "isPromocodeApplicable": "value"}, "hotel-id#29": {"hotelNameOld": "Alila Manggis", "hotelName": "Alila Manggis", "hotelNameUtf8": "Alila Manggis", "countryName": "Indonesia", "countryCode": "IDN", "cityName": "Bali", "thImgUrl": null, "blackOutDates": null, "currency": "AUD", "curySymbole": "$", "promoId": null, "shortMarketingText": "Book 21 Days In Advance & Save 20%", "reviewerScore": "60", "likes": "88%", "userRating": "4", "starRating": "4", "hotelType": null, "bestFor": null, "sortOrder": "1", "facilities": "Gym,Pool", "facilitiesText": "Spa", "price": "199", "travelText": "save", "hotelId": "217659", "marketText": "Book 21 Days In Advance & Save 20%", "isMemberExclusive": "0", "isPromocodeApplicable": "value"}, "hotel-id#30": {"hotelNameOld": "Grand Aston Bali Beach Resort", "hotelName": "Grand Aston Bali Beach Resort", "hotelNameUtf8": "Grand Aston Bali Beach Resort", "countryName": "Indonesia", "countryCode": "IDN", "cityName": "Bali", "thImgUrl": null, "blackOutDates": null, "currency": "AUD", "curySymbole": "$", "promoId": null, "shortMarketingText": "Book Now & Save 20%", "reviewerScore": "60", "likes": "88%", "userRating": "5", "starRating": "5", "hotelType": null, "bestFor": null, "sortOrder": "1", "facilities": "Gym,Pool", "facilitiesText": "Spa", "price": "199", "travelText": "save", "hotelId": "350335", "marketText": "Book Now & Save 20%", "isMemberExclusive": "0", "isPromocodeApplicable": "value"} }