{"hotel-id#1":{"hotelNameOld":"Abba Sants","hotelName":"Abba Sants","hotelNameUtf8":"Abba Sants","countryName":"Spain","countryCode":"ESP","cityName":"Barcelona","thImgUrl":null,"blackOutDates":null,"currency":"AUD","curySymbole":"$","promoId":null,"shortMarketingText":"Save 10% off! Non Refundable","reviewerScore":"60","likes":"88%","userRating":"4","starRating":"4","hotelType":null,"bestFor":null,"sortOrder":"1","facilities":"Gym,Pool","facilitiesText":"Spa","price":"199","travelText":"save","hotelId":"117484","marketText":"Save 10% off! Non Refundable","isMemberExclusive":"0","isPromocodeApplicable":"value"},"hotel-id#2":{"hotelNameOld":"Hesperia Metropol Hotel Barcelona","hotelName":"Hesperia Metropol Hotel Barcelona","hotelNameUtf8":"Hesperia Metropol Hotel Barcelona","countryName":"Spain","countryCode":"ESP","cityName":"Barcelona","thImgUrl":null,"blackOutDates":null,"currency":"AUD","curySymbole":"$","promoId":null,"shortMarketingText":"Book Now & Save 20% - Non Refundable","reviewerScore":"60","likes":"88%","userRating":"3","starRating":"3","hotelType":null,"bestFor":null,"sortOrder":"1","facilities":"Gym,Pool","facilitiesText":"Spa","price":"199","travelText":"save","hotelId":"6479","marketText":"Book Now & Save 20% - Non Refundable","isMemberExclusive":"0","isPromocodeApplicable":"value"},"hotel-id#3":{"hotelNameOld":"Expo Hotel Barcelona","hotelName":"Expo Hotel Barcelona","hotelNameUtf8":"Expo Hotel Barcelona","countryName":"Spain","countryCode":"ESP","cityName":"Barcelona","thImgUrl":null,"blackOutDates":null,"currency":"AUD","curySymbole":"$","promoId":null,"shortMarketingText":"Save 30% off!","reviewerScore":"60","likes":"88%","userRating":"4","starRating":"4","hotelType":null,"bestFor":null,"sortOrder":"1","facilities":"Gym,Pool","facilitiesText":"Spa","price":"199","travelText":"save","hotelId":"27796","marketText":"Save 30% off!","isMemberExclusive":"0","isPromocodeApplicable":"value"},"hotel-id#4":{"hotelNameOld":"Gotico Hotel Barcelona","hotelName":"Gotico Hotel Barcelona","hotelNameUtf8":"Gotico Hotel Barcelona","countryName":"Spain","countryCode":"ESP","cityName":"Barcelona","thImgUrl":null,"blackOutDates":null,"currency":"AUD","curySymbole":"$","promoId":null,"shortMarketingText":"Summer Sale: Save 15% off! Non Refundable","reviewerScore":"60","likes":"88%","userRating":"4","starRating":"4","hotelType":null,"bestFor":null,"sortOrder":"1","facilities":"Gym,Pool","facilitiesText":"Spa","price":"199","travelText":"save","hotelId":"73471","marketText":"Summer Sale: Save 15% off! Non Refundable","isMemberExclusive":"0","isPromocodeApplicable":"value"},"hotel-id#5":{"hotelNameOld":"Confortel Almirante","hotelName":"Confortel Almirante","hotelNameUtf8":"Confortel Almirante","countryName":"Spain","countryCode":"ESP","cityName":"Barcelona","thImgUrl":null,"blackOutDates":null,"currency":"AUD","curySymbole":"$","promoId":null,"shortMarketingText":"Stay 3 nights & Save 15% off!","reviewerScore":"60","likes":"88%","userRating":"4","starRating":"4","hotelType":null,"bestFor":null,"sortOrder":"1","facilities":"Gym,Pool","facilitiesText":"Spa","price":"199","travelText":"save","hotelId":"181095","marketText":"Stay 3 nights & Save 15% off!","isMemberExclusive":"0","isPromocodeApplicable":"value"},"hotel-id#6":{"hotelNameOld":"Confortel Almirante","hotelName":"Confortel Almirante","hotelNameUtf8":"Confortel Almirante","countryName":"Spain","countryCode":"ESP","cityName":"Barcelona","thImgUrl":null,"blackOutDates":null,"currency":"AUD","curySymbole":"$","promoId":null,"shortMarketingText":"Early Booking: Save 20% off - Non Refundable","reviewerScore":"60","likes":"88%","userRating":"4","starRating":"4","hotelType":null,"bestFor":null,"sortOrder":"1","facilities":"Gym,Pool","facilitiesText":"Spa","price":"199","travelText":"save","hotelId":"181095","marketText":"Early Booking: Save 20% off - Non Refundable","isMemberExclusive":"0","isPromocodeApplicable":"value"},"hotel-id#7":{"hotelNameOld":"Hotel Rialto","hotelName":"Hotel Rialto","hotelNameUtf8":"Hotel Rialto","countryName":"Spain","countryCode":"ESP","cityName":"Barcelona","thImgUrl":null,"blackOutDates":null,"currency":"AUD","curySymbole":"$","promoId":null,"shortMarketingText":"Summer Sale: Save 15% off! Non Refundable","reviewerScore":"60","likes":"88%","userRating":"3","starRating":"3","hotelType":null,"bestFor":null,"sortOrder":"1","facilities":"Gym,Pool","facilitiesText":"Spa","price":"199","travelText":"save","hotelId":"73479","marketText":"Summer Sale: Save 15% off! Non Refundable","isMemberExclusive":"0","isPromocodeApplicable":"value"},"hotel-id#8":{"hotelNameOld":"Zenit Barcelona Hotel","hotelName":"Zenit Barcelona Hotel","hotelNameUtf8":"Zenit Barcelona Hotel","countryName":"Spain","countryCode":"ESP","cityName":"Barcelona","thImgUrl":null,"blackOutDates":null,"currency":"AUD","curySymbole":"$","promoId":null,"shortMarketingText":"Book Now & Save 10% - Non Refundable","reviewerScore":"60","likes":"88%","userRating":"4","starRating":"4","hotelType":null,"bestFor":null,"sortOrder":"1","facilities":"Gym,Pool","facilitiesText":"Spa","price":"199","travelText":"save","hotelId":"286686","marketText":"Book Now & Save 10% - Non Refundable","isMemberExclusive":"0","isPromocodeApplicable":"value"},"hotel-id#9":{"hotelNameOld":"Zenit Barcelona Hotel","hotelName":"Zenit Barcelona Hotel","hotelNameUtf8":"Zenit Barcelona Hotel","countryName":"Spain","countryCode":"ESP","cityName":"Barcelona","thImgUrl":null,"blackOutDates":null,"currency":"AUD","curySymbole":"$","promoId":null,"shortMarketingText":"Stay 2 Nights & Save 14% - Non Refundable","reviewerScore":"60","likes":"88%","userRating":"4","starRating":"4","hotelType":null,"bestFor":null,"sortOrder":"1","facilities":"Gym,Pool","facilitiesText":"Spa","price":"199","travelText":"save","hotelId":"286686","marketText":"Stay 2 Nights & Save 14% - Non Refundable","isMemberExclusive":"0","isPromocodeApplicable":"value"},"hotel-id#10":{"hotelNameOld":"Moderno Hotel Barcelona","hotelName":"Moderno Hotel Barcelona","hotelNameUtf8":"Moderno Hotel Barcelona","countryName":"Spain","countryCode":"ESP","cityName":"Barcelona","thImgUrl":null,"blackOutDates":null,"currency":"AUD","curySymbole":"$","promoId":null,"shortMarketingText":"Early Booking Offer: Save 8% off!","reviewerScore":"60","likes":"88%","userRating":"3","starRating":"3","hotelType":null,"bestFor":null,"sortOrder":"1","facilities":"Gym,Pool","facilitiesText":"Spa","price":"199","travelText":"save","hotelId":"924691","marketText":"Early Booking Offer: Save 8% off!","isMemberExclusive":"0","isPromocodeApplicable":"value"},"hotel-id#11":{"hotelNameOld":"Europark Hotel Barcelona","hotelName":"Europark Hotel Barcelona","hotelNameUtf8":"Europark Hotel Barcelona","countryName":"Spain","countryCode":"ESP","cityName":"Barcelona","thImgUrl":null,"blackOutDates":null,"currency":"AUD","curySymbole":"$","promoId":null,"shortMarketingText":"","reviewerScore":"60","likes":"88%","userRating":"4","starRating":"4","hotelType":null,"bestFor":null,"sortOrder":"1","facilities":"Gym,Pool","facilitiesText":"Spa","price":"199","travelText":"save","hotelId":"294943","marketText":"","isMemberExclusive":"0","isPromocodeApplicable":"value"},"hotel-id#12":{"hotelNameOld":"Europark Hotel Barcelona","hotelName":"Europark Hotel Barcelona","hotelNameUtf8":"Europark Hotel Barcelona","countryName":"Spain","countryCode":"ESP","cityName":"Barcelona","thImgUrl":null,"blackOutDates":null,"currency":"AUD","curySymbole":"$","promoId":null,"shortMarketingText":"Book in advance & Get 20% off!","reviewerScore":"60","likes":"88%","userRating":"4","starRating":"4","hotelType":null,"bestFor":null,"sortOrder":"1","facilities":"Gym,Pool","facilitiesText":"Spa","price":"199","travelText":"save","hotelId":"294943","marketText":"Book in advance & Get 20% off!","isMemberExclusive":"0","isPromocodeApplicable":"value"},"hotel-id#13":{"hotelNameOld":"Europark Hotel Barcelona","hotelName":"Europark Hotel Barcelona","hotelNameUtf8":"Europark Hotel Barcelona","countryName":"Spain","countryCode":"ESP","cityName":"Barcelona","thImgUrl":null,"blackOutDates":null,"currency":"AUD","curySymbole":"$","promoId":null,"shortMarketingText":"City on Sale! Stay 3 nights & Save 15% off!","reviewerScore":"60","likes":"88%","userRating":"4","starRating":"4","hotelType":null,"bestFor":null,"sortOrder":"1","facilities":"Gym,Pool","facilitiesText":"Spa","price":"199","travelText":"save","hotelId":"294943","marketText":"City on Sale! Stay 3 nights & Save 15% off!","isMemberExclusive":"0","isPromocodeApplicable":"value"},"hotel-id#14":{"hotelNameOld":"El Palace Hotel Barcelona","hotelName":"El Palace Hotel Barcelona","hotelNameUtf8":"El Palace Hotel Barcelona","countryName":"Spain","countryCode":"ESP","cityName":"Barcelona","thImgUrl":null,"blackOutDates":null,"currency":"AUD","curySymbole":"$","promoId":null,"shortMarketingText":"Non Refundable: Save 8% off!","reviewerScore":"60","likes":"88%","userRating":"5","starRating":"5","hotelType":null,"bestFor":null,"sortOrder":"1","facilities":"Gym,Pool","facilitiesText":"Spa","price":"199","travelText":"save","hotelId":"7438","marketText":"Non Refundable: Save 8% off!","isMemberExclusive":"0","isPromocodeApplicable":"value"},"hotel-id#15":{"hotelNameOld":"El Palace Hotel Barcelona","hotelName":"El Palace Hotel Barcelona","hotelNameUtf8":"El Palace Hotel Barcelona","countryName":"Spain","countryCode":"ESP","cityName":"Barcelona","thImgUrl":null,"blackOutDates":null,"currency":"AUD","curySymbole":"$","promoId":null,"shortMarketingText":"Non Refundable: Stay 2 nights & Save 15% off!","reviewerScore":"60","likes":"88%","userRating":"5","starRating":"5","hotelType":null,"bestFor":null,"sortOrder":"1","facilities":"Gym,Pool","facilitiesText":"Spa","price":"199","travelText":"save","hotelId":"7438","marketText":"Non Refundable: Stay 2 nights & Save 15% off!","isMemberExclusive":"0","isPromocodeApplicable":"value"},"hotel-id#16":{"hotelNameOld":"Majestic Hotel & Spa Barcelona GL","hotelName":"Majestic Hotel & Spa Barcelona GL","hotelNameUtf8":"Majestic Hotel & Spa Barcelona GL","countryName":"Spain","countryCode":"ESP","cityName":"Barcelona","thImgUrl":null,"blackOutDates":null,"currency":"AUD","curySymbole":"$","promoId":null,"shortMarketingText":"Save 10% off - Non Refundable","reviewerScore":"60","likes":"88%","userRating":"5","starRating":"5","hotelType":null,"bestFor":null,"sortOrder":"1","facilities":"Gym,Pool","facilitiesText":"Spa","price":"199","travelText":"save","hotelId":"77941","marketText":"Save 10% off - Non Refundable","isMemberExclusive":"0","isPromocodeApplicable":"value"},"hotel-id#17":{"hotelNameOld":"Hotel Derby","hotelName":"Hotel Derby","hotelNameUtf8":"Hotel Derby","countryName":"Spain","countryCode":"ESP","cityName":"Barcelona","thImgUrl":null,"blackOutDates":null,"currency":"AUD","curySymbole":"$","promoId":null,"shortMarketingText":"Early Booking: Save 15% off!","reviewerScore":"60","likes":"88%","userRating":"4","starRating":"4","hotelType":null,"bestFor":null,"sortOrder":"1","facilities":"Gym,Pool","facilitiesText":"Spa","price":"199","travelText":"save","hotelId":"73949","marketText":"Early Booking: Save 15% off!","isMemberExclusive":"0","isPromocodeApplicable":"value"},"hotel-id#18":{"hotelNameOld":"Hotel Derby","hotelName":"Hotel Derby","hotelNameUtf8":"Hotel Derby","countryName":"Spain","countryCode":"ESP","cityName":"Barcelona","thImgUrl":null,"blackOutDates":null,"currency":"AUD","curySymbole":"$","promoId":null,"shortMarketingText":"Save 10%off! Non Refundable","reviewerScore":"60","likes":"88%","userRating":"4","starRating":"4","hotelType":null,"bestFor":null,"sortOrder":"1","facilities":"Gym,Pool","facilitiesText":"Spa","price":"199","travelText":"save","hotelId":"73949","marketText":"Save 10%off! Non Refundable","isMemberExclusive":"0","isPromocodeApplicable":"value"},"hotel-id#19":{"hotelNameOld":"Hotel Derby","hotelName":"Hotel Derby","hotelNameUtf8":"Hotel Derby","countryName":"Spain","countryCode":"ESP","cityName":"Barcelona","thImgUrl":null,"blackOutDates":null,"currency":"AUD","curySymbole":"$","promoId":null,"shortMarketingText":"Save 20%off! Non Refundable","reviewerScore":"60","likes":"88%","userRating":"4","starRating":"4","hotelType":null,"bestFor":null,"sortOrder":"1","facilities":"Gym,Pool","facilitiesText":"Spa","price":"199","travelText":"save","hotelId":"73949","marketText":"Save 20%off! Non Refundable","isMemberExclusive":"0","isPromocodeApplicable":"value"},"hotel-id#20":{"hotelNameOld":"Hotel Astoria","hotelName":"Hotel Astoria","hotelNameUtf8":"Hotel Astoria","countryName":"Spain","countryCode":"ESP","cityName":"Barcelona","thImgUrl":null,"blackOutDates":null,"currency":"AUD","curySymbole":"$","promoId":null,"shortMarketingText":"Stay 4 nights & Save 15% off!","reviewerScore":"60","likes":"88%","userRating":"3","starRating":"3","hotelType":null,"bestFor":null,"sortOrder":"1","facilities":"Gym,Pool","facilitiesText":"Spa","price":"199","travelText":"save","hotelId":"74044","marketText":"Stay 4 nights & Save 15% off!","isMemberExclusive":"0","isPromocodeApplicable":"value"},"hotel-id#21":{"hotelNameOld":"Hotel Astoria","hotelName":"Hotel Astoria","hotelNameUtf8":"Hotel Astoria","countryName":"Spain","countryCode":"ESP","cityName":"Barcelona","thImgUrl":null,"blackOutDates":null,"currency":"AUD","curySymbole":"$","promoId":null,"shortMarketingText":"Save 10%off! Non Refundable","reviewerScore":"60","likes":"88%","userRating":"3","starRating":"3","hotelType":null,"bestFor":null,"sortOrder":"1","facilities":"Gym,Pool","facilitiesText":"Spa","price":"199","travelText":"save","hotelId":"74044","marketText":"Save 10%off! Non Refundable","isMemberExclusive":"0","isPromocodeApplicable":"value"},"hotel-id#22":{"hotelNameOld":"Hotel Astoria","hotelName":"Hotel Astoria","hotelNameUtf8":"Hotel Astoria","countryName":"Spain","countryCode":"ESP","cityName":"Barcelona","thImgUrl":null,"blackOutDates":null,"currency":"AUD","curySymbole":"$","promoId":null,"shortMarketingText":"Save 20%off! Non Refundable","reviewerScore":"60","likes":"88%","userRating":"3","starRating":"3","hotelType":null,"bestFor":null,"sortOrder":"1","facilities":"Gym,Pool","facilitiesText":"Spa","price":"199","travelText":"save","hotelId":"74044","marketText":"Save 20%off! Non Refundable","isMemberExclusive":"0","isPromocodeApplicable":"value"},"hotel-id#23":{"hotelNameOld":"Hotel Balmes","hotelName":"Hotel Balmes","hotelNameUtf8":"Hotel Balmes","countryName":"Spain","countryCode":"ESP","cityName":"Barcelona","thImgUrl":null,"blackOutDates":null,"currency":"AUD","curySymbole":"$","promoId":null,"shortMarketingText":"Save 20%off! Non Refundable","reviewerScore":"60","likes":"88%","userRating":"3","starRating":"3","hotelType":null,"bestFor":null,"sortOrder":"1","facilities":"Gym,Pool","facilitiesText":"Spa","price":"199","travelText":"save","hotelId":"20996","marketText":"Save 20%off! Non Refundable","isMemberExclusive":"0","isPromocodeApplicable":"value"},"hotel-id#24":{"hotelNameOld":"Hotel Balmes","hotelName":"Hotel Balmes","hotelNameUtf8":"Hotel Balmes","countryName":"Spain","countryCode":"ESP","cityName":"Barcelona","thImgUrl":null,"blackOutDates":null,"currency":"AUD","curySymbole":"$","promoId":null,"shortMarketingText":"Early Booking: Save 15% off!","reviewerScore":"60","likes":"88%","userRating":"3","starRating":"3","hotelType":null,"bestFor":null,"sortOrder":"1","facilities":"Gym,Pool","facilitiesText":"Spa","price":"199","travelText":"save","hotelId":"20996","marketText":"Early Booking: Save 15% off!","isMemberExclusive":"0","isPromocodeApplicable":"value"},"hotel-id#25":{"hotelNameOld":"Chic & Basic Ramblas Hotel Barcelona","hotelName":"Chic & Basic Ramblas Hotel Barcelona","hotelNameUtf8":"Chic & Basic Ramblas Hotel Barcelona","countryName":"Spain","countryCode":"ESP","cityName":"Barcelona","thImgUrl":null,"blackOutDates":null,"currency":"AUD","curySymbole":"$","promoId":null,"shortMarketingText":"Save 10% off. Non Refundable","reviewerScore":"60","likes":"88%","userRating":"3","starRating":"3","hotelType":null,"bestFor":null,"sortOrder":"1","facilities":"Gym,Pool","facilitiesText":"Spa","price":"199","travelText":"save","hotelId":"111863","marketText":"Save 10% off. Non Refundable","isMemberExclusive":"0","isPromocodeApplicable":"value"},"hotel-id#26":{"hotelNameOld":"Aparthotel Atenea Calabria Barcelona","hotelName":"Aparthotel Atenea Calabria Barcelona","hotelNameUtf8":"Aparthotel Atenea Calabria Barcelona","countryName":"Spain","countryCode":"ESP","cityName":"Barcelona","thImgUrl":null,"blackOutDates":null,"currency":"AUD","curySymbole":"$","promoId":null,"shortMarketingText":"Stay 2 nights & Save 12% off!","reviewerScore":"60","likes":"88%","userRating":"3","starRating":"3","hotelType":null,"bestFor":null,"sortOrder":"1","facilities":"Gym,Pool","facilitiesText":"Spa","price":"199","travelText":"save","hotelId":"179529","marketText":"Stay 2 nights & Save 12% off!","isMemberExclusive":"0","isPromocodeApplicable":"value"},"hotel-id#27":{"hotelNameOld":"Aparthotel Atenea Calabria Barcelona","hotelName":"Aparthotel Atenea Calabria Barcelona","hotelNameUtf8":"Aparthotel Atenea Calabria Barcelona","countryName":"Spain","countryCode":"ESP","cityName":"Barcelona","thImgUrl":null,"blackOutDates":null,"currency":"AUD","curySymbole":"$","promoId":null,"shortMarketingText":"Long Stay Offer: Stay 7 nights & Save 10% off!","reviewerScore":"60","likes":"88%","userRating":"3","starRating":"3","hotelType":null,"bestFor":null,"sortOrder":"1","facilities":"Gym,Pool","facilitiesText":"Spa","price":"199","travelText":"save","hotelId":"179529","marketText":"Long Stay Offer: Stay 7 nights & Save 10% off!","isMemberExclusive":"0","isPromocodeApplicable":"value"},"hotel-id#28":{"hotelNameOld":"EXE Laietana Palace Hotel","hotelName":"EXE Laietana Palace Hotel","hotelNameUtf8":"EXE Laietana Palace Hotel","countryName":"Spain","countryCode":"ESP","cityName":"Barcelona","thImgUrl":null,"blackOutDates":null,"currency":"AUD","curySymbole":"$","promoId":null,"shortMarketingText":"Save 12% off! - Non Refundable","reviewerScore":"60","likes":"88%","userRating":"4","starRating":"4","hotelType":null,"bestFor":null,"sortOrder":"1","facilities":"Gym,Pool","facilitiesText":"Spa","price":"199","travelText":"save","hotelId":"259225","marketText":"Save 12% off! - Non Refundable","isMemberExclusive":"0","isPromocodeApplicable":"value"},"hotel-id#29":{"hotelNameOld":"NH Podium","hotelName":"NH Podium","hotelNameUtf8":"NH Podium","countryName":"Spain","countryCode":"ESP","cityName":"Barcelona","thImgUrl":null,"blackOutDates":null,"currency":"AUD","curySymbole":"$","promoId":null,"shortMarketingText":"Book Now & Save 15% - Non refundable","reviewerScore":"60","likes":"88%","userRating":"4","starRating":"4","hotelType":null,"bestFor":null,"sortOrder":"1","facilities":"Gym,Pool","facilitiesText":"Spa","price":"199","travelText":"save","hotelId":"104863","marketText":"Book Now & Save 15% - Non refundable","isMemberExclusive":"0","isPromocodeApplicable":"value"},"hotel-id#30":{"hotelNameOld":"Barcino Hotel Barcelona","hotelName":"Barcino Hotel Barcelona","hotelNameUtf8":"Barcino Hotel Barcelona","countryName":"Spain","countryCode":"ESP","cityName":"Barcelona","thImgUrl":null,"blackOutDates":null,"currency":"AUD","curySymbole":"$","promoId":null,"shortMarketingText":"Summer Sale: Save 15% off! Non Refundable","reviewerScore":"60","likes":"88%","userRating":"4","starRating":"4","hotelType":null,"bestFor":null,"sortOrder":"1","facilities":"Gym,Pool","facilitiesText":"Spa","price":"199","travelText":"save","hotelId":"73859","marketText":"Summer Sale: Save 15% off! Non Refundable","isMemberExclusive":"0","isPromocodeApplicable":"value"}}