{"hotel-id#1":{"hotelNameOld":"The Peninsula Beijing","hotelName":"The Peninsula Beijing","hotelNameUtf8":"The Peninsula Beijing","countryName":"China","countryCode":"CHN","cityName":"Beijing","thImgUrl":null,"blackOutDates":null,"currency":"AUD","curySymbole":"$","promoId":null,"shortMarketingText":"Stay 3 Night & Pay only 2","reviewerScore":"60","likes":"88%","userRating":"5","starRating":"5","hotelType":null,"bestFor":null,"sortOrder":"1","facilities":"Gym,Pool","facilitiesText":"Spa","price":"199","travelText":"save","hotelId":"160099","marketText":"Stay 3 Night & Pay only 2","isMemberExclusive":"0","isPromocodeApplicable":"value"},"hotel-id#2":{"hotelNameOld":"The Peninsula Beijing","hotelName":"The Peninsula Beijing","hotelNameUtf8":"The Peninsula Beijing","countryName":"China","countryCode":"CHN","cityName":"Beijing","thImgUrl":null,"blackOutDates":null,"currency":"AUD","curySymbole":"$","promoId":null,"shortMarketingText":"PKG - Stay 3 Nights & Save 50%","reviewerScore":"60","likes":"88%","userRating":"5","starRating":"5","hotelType":null,"bestFor":null,"sortOrder":"1","facilities":"Gym,Pool","facilitiesText":"Spa","price":"199","travelText":"save","hotelId":"160099","marketText":"PKG - Stay 3 Nights & Save 50%","isMemberExclusive":"0","isPromocodeApplicable":"value"},"hotel-id#3":{"hotelNameOld":"The Peninsula Beijing","hotelName":"The Peninsula Beijing","hotelNameUtf8":"The Peninsula Beijing","countryName":"China","countryCode":"CHN","cityName":"Beijing","thImgUrl":null,"blackOutDates":null,"currency":"AUD","curySymbole":"$","promoId":null,"shortMarketingText":"Stay 3 Nights & Save 30%","reviewerScore":"60","likes":"88%","userRating":"5","starRating":"5","hotelType":null,"bestFor":null,"sortOrder":"1","facilities":"Gym,Pool","facilitiesText":"Spa","price":"199","travelText":"save","hotelId":"160099","marketText":"Stay 3 Nights & Save 30%","isMemberExclusive":"0","isPromocodeApplicable":"value"},"hotel-id#4":{"hotelNameOld":"The Peninsula Beijing","hotelName":"The Peninsula Beijing","hotelNameUtf8":"The Peninsula Beijing","countryName":"China","countryCode":"CHN","cityName":"Beijing","thImgUrl":null,"blackOutDates":null,"currency":"AUD","curySymbole":"$","promoId":null,"shortMarketingText":"Book 7 Days In Advanced & Save 15%","reviewerScore":"60","likes":"88%","userRating":"5","starRating":"5","hotelType":null,"bestFor":null,"sortOrder":"1","facilities":"Gym,Pool","facilitiesText":"Spa","price":"199","travelText":"save","hotelId":"160099","marketText":"Book 7 Days In Advanced & Save 15%","isMemberExclusive":"0","isPromocodeApplicable":"value"},"hotel-id#5":{"hotelNameOld":"The Peninsula Beijing","hotelName":"The Peninsula Beijing","hotelNameUtf8":"The Peninsula Beijing","countryName":"China","countryCode":"CHN","cityName":"Beijing","thImgUrl":null,"blackOutDates":null,"currency":"AUD","curySymbole":"$","promoId":null,"shortMarketingText":"Stay 3 Nights & Save 15%","reviewerScore":"60","likes":"88%","userRating":"5","starRating":"5","hotelType":null,"bestFor":null,"sortOrder":"1","facilities":"Gym,Pool","facilitiesText":"Spa","price":"199","travelText":"save","hotelId":"160099","marketText":"Stay 3 Nights & Save 15%","isMemberExclusive":"0","isPromocodeApplicable":"value"},"hotel-id#6":{"hotelNameOld":"The Peninsula Beijing","hotelName":"The Peninsula Beijing","hotelNameUtf8":"The Peninsula Beijing","countryName":"China","countryCode":"CHN","cityName":"Beijing","thImgUrl":null,"blackOutDates":null,"currency":"AUD","curySymbole":"$","promoId":null,"shortMarketingText":"Book Now & Save 40%","reviewerScore":"60","likes":"88%","userRating":"5","starRating":"5","hotelType":null,"bestFor":null,"sortOrder":"1","facilities":"Gym,Pool","facilitiesText":"Spa","price":"199","travelText":"save","hotelId":"160099","marketText":"Book Now & Save 40%","isMemberExclusive":"0","isPromocodeApplicable":"value"},"hotel-id#7":{"hotelNameOld":"The Peninsula Beijing","hotelName":"The Peninsula Beijing","hotelNameUtf8":"The Peninsula Beijing","countryName":"China","countryCode":"CHN","cityName":"Beijing","thImgUrl":null,"blackOutDates":null,"currency":"AUD","curySymbole":"$","promoId":null,"shortMarketingText":"Book 14 Days In Advanced & Save 20%","reviewerScore":"60","likes":"88%","userRating":"5","starRating":"5","hotelType":null,"bestFor":null,"sortOrder":"1","facilities":"Gym,Pool","facilitiesText":"Spa","price":"199","travelText":"save","hotelId":"160099","marketText":"Book 14 Days In Advanced & Save 20%","isMemberExclusive":"0","isPromocodeApplicable":"value"},"hotel-id#8":{"hotelNameOld":"Kempinski Hotel Beijing Lufthansa Center","hotelName":"Kempinski Hotel Beijing Lufthansa Center","hotelNameUtf8":"Kempinski Hotel Beijing Lufthansa Center","countryName":"China","countryCode":"CHN","cityName":"Beijing","thImgUrl":null,"blackOutDates":null,"currency":"AUD","curySymbole":"$","promoId":null,"shortMarketingText":"Stay 2 Nights & Save 20%","reviewerScore":"60","likes":"88%","userRating":"5","starRating":"5","hotelType":null,"bestFor":null,"sortOrder":"1","facilities":"Gym,Pool","facilitiesText":"Spa","price":"199","travelText":"save","hotelId":"2172","marketText":"Stay 2 Nights & Save 20%","isMemberExclusive":"0","isPromocodeApplicable":"value"},"hotel-id#9":{"hotelNameOld":"Kempinski Hotel Beijing Lufthansa Center","hotelName":"Kempinski Hotel Beijing Lufthansa Center","hotelNameUtf8":"Kempinski Hotel Beijing Lufthansa Center","countryName":"China","countryCode":"CHN","cityName":"Beijing","thImgUrl":null,"blackOutDates":null,"currency":"AUD","curySymbole":"$","promoId":null,"shortMarketingText":"Stay 3 Nights & Save 35%","reviewerScore":"60","likes":"88%","userRating":"5","starRating":"5","hotelType":null,"bestFor":null,"sortOrder":"1","facilities":"Gym,Pool","facilitiesText":"Spa","price":"199","travelText":"save","hotelId":"2172","marketText":"Stay 3 Nights & Save 35%","isMemberExclusive":"0","isPromocodeApplicable":"value"},"hotel-id#10":{"hotelNameOld":"Kempinski Hotel Beijing Lufthansa Center","hotelName":"Kempinski Hotel Beijing Lufthansa Center","hotelNameUtf8":"Kempinski Hotel Beijing Lufthansa Center","countryName":"China","countryCode":"CHN","cityName":"Beijing","thImgUrl":null,"blackOutDates":null,"currency":"AUD","curySymbole":"$","promoId":null,"shortMarketingText":"Book 21 Days In Advance & Save 20%","reviewerScore":"60","likes":"88%","userRating":"5","starRating":"5","hotelType":null,"bestFor":null,"sortOrder":"1","facilities":"Gym,Pool","facilitiesText":"Spa","price":"199","travelText":"save","hotelId":"2172","marketText":"Book 21 Days In Advance & Save 20%","isMemberExclusive":"0","isPromocodeApplicable":"value"},"hotel-id#11":{"hotelNameOld":"Pentahotel Beijing Hotel","hotelName":"Pentahotel Beijing Hotel","hotelNameUtf8":"Pentahotel Beijing Hotel","countryName":"China","countryCode":"CHN","cityName":"Beijing","thImgUrl":null,"blackOutDates":null,"currency":"AUD","curySymbole":"$","promoId":null,"shortMarketingText":"Stay 3 Nights & Save 25%","reviewerScore":"60","likes":"88%","userRating":"4","starRating":"4","hotelType":null,"bestFor":null,"sortOrder":"1","facilities":"Gym,Pool","facilitiesText":"Spa","price":"199","travelText":"save","hotelId":"3656","marketText":"Stay 3 Nights & Save 25%","isMemberExclusive":"0","isPromocodeApplicable":"value"},"hotel-id#12":{"hotelNameOld":"Pentahotel Beijing Hotel","hotelName":"Pentahotel Beijing Hotel","hotelNameUtf8":"Pentahotel Beijing Hotel","countryName":"China","countryCode":"CHN","cityName":"Beijing","thImgUrl":null,"blackOutDates":null,"currency":"AUD","curySymbole":"$","promoId":null,"shortMarketingText":"Stay 2 Nights & Save 20%","reviewerScore":"60","likes":"88%","userRating":"4","starRating":"4","hotelType":null,"bestFor":null,"sortOrder":"1","facilities":"Gym,Pool","facilitiesText":"Spa","price":"199","travelText":"save","hotelId":"3656","marketText":"Stay 2 Nights & Save 20%","isMemberExclusive":"0","isPromocodeApplicable":"value"},"hotel-id#13":{"hotelNameOld":"Pentahotel Beijing Hotel","hotelName":"Pentahotel Beijing Hotel","hotelNameUtf8":"Pentahotel Beijing Hotel","countryName":"China","countryCode":"CHN","cityName":"Beijing","thImgUrl":null,"blackOutDates":null,"currency":"AUD","curySymbole":"$","promoId":null,"shortMarketingText":"Book 5 Days In Advance & Save 15%","reviewerScore":"60","likes":"88%","userRating":"4","starRating":"4","hotelType":null,"bestFor":null,"sortOrder":"1","facilities":"Gym,Pool","facilitiesText":"Spa","price":"199","travelText":"save","hotelId":"3656","marketText":"Book 5 Days In Advance & Save 15%","isMemberExclusive":"0","isPromocodeApplicable":"value"},"hotel-id#14":{"hotelNameOld":"Pentahotel Beijing Hotel","hotelName":"Pentahotel Beijing Hotel","hotelNameUtf8":"Pentahotel Beijing Hotel","countryName":"China","countryCode":"CHN","cityName":"Beijing","thImgUrl":null,"blackOutDates":null,"currency":"AUD","curySymbole":"$","promoId":null,"shortMarketingText":"Book 21 Days In Advance & Save 30%","reviewerScore":"60","likes":"88%","userRating":"4","starRating":"4","hotelType":null,"bestFor":null,"sortOrder":"1","facilities":"Gym,Pool","facilitiesText":"Spa","price":"199","travelText":"save","hotelId":"3656","marketText":"Book 21 Days In Advance & Save 30%","isMemberExclusive":"0","isPromocodeApplicable":"value"},"hotel-id#15":{"hotelNameOld":"Pentahotel Beijing Hotel","hotelName":"Pentahotel Beijing Hotel","hotelNameUtf8":"Pentahotel Beijing Hotel","countryName":"China","countryCode":"CHN","cityName":"Beijing","thImgUrl":null,"blackOutDates":null,"currency":"AUD","curySymbole":"$","promoId":null,"shortMarketingText":"Book 21 Days In Advance & Save 20%","reviewerScore":"60","likes":"88%","userRating":"4","starRating":"4","hotelType":null,"bestFor":null,"sortOrder":"1","facilities":"Gym,Pool","facilitiesText":"Spa","price":"199","travelText":"save","hotelId":"3656","marketText":"Book 21 Days In Advance & Save 20%","isMemberExclusive":"0","isPromocodeApplicable":"value"},"hotel-id#16":{"hotelNameOld":"Pentahotel Beijing Hotel","hotelName":"Pentahotel Beijing Hotel","hotelNameUtf8":"Pentahotel Beijing Hotel","countryName":"China","countryCode":"CHN","cityName":"Beijing","thImgUrl":null,"blackOutDates":null,"currency":"AUD","curySymbole":"$","promoId":null,"shortMarketingText":"Stay 3 Nights & Save 20%","reviewerScore":"60","likes":"88%","userRating":"4","starRating":"4","hotelType":null,"bestFor":null,"sortOrder":"1","facilities":"Gym,Pool","facilitiesText":"Spa","price":"199","travelText":"save","hotelId":"3656","marketText":"Stay 3 Nights & Save 20%","isMemberExclusive":"0","isPromocodeApplicable":"value"},"hotel-id#17":{"hotelNameOld":"Pentahotel Beijing Hotel","hotelName":"Pentahotel Beijing Hotel","hotelNameUtf8":"Pentahotel Beijing Hotel","countryName":"China","countryCode":"CHN","cityName":"Beijing","thImgUrl":null,"blackOutDates":null,"currency":"AUD","curySymbole":"$","promoId":null,"shortMarketingText":"Book 5 Days In Advance & Save 15%","reviewerScore":"60","likes":"88%","userRating":"4","starRating":"4","hotelType":null,"bestFor":null,"sortOrder":"1","facilities":"Gym,Pool","facilitiesText":"Spa","price":"199","travelText":"save","hotelId":"3656","marketText":"Book 5 Days In Advance & Save 15%","isMemberExclusive":"0","isPromocodeApplicable":"value"},"hotel-id#18":{"hotelNameOld":"Pentahotel Beijing Hotel","hotelName":"Pentahotel Beijing Hotel","hotelNameUtf8":"Pentahotel Beijing Hotel","countryName":"China","countryCode":"CHN","cityName":"Beijing","thImgUrl":null,"blackOutDates":null,"currency":"AUD","curySymbole":"$","promoId":null,"shortMarketingText":"Book 14 Days In Advance & Save 20%","reviewerScore":"60","likes":"88%","userRating":"4","starRating":"4","hotelType":null,"bestFor":null,"sortOrder":"1","facilities":"Gym,Pool","facilitiesText":"Spa","price":"199","travelText":"save","hotelId":"3656","marketText":"Book 14 Days In Advance & Save 20%","isMemberExclusive":"0","isPromocodeApplicable":"value"},"hotel-id#19":{"hotelNameOld":"Pentahotel Beijing Hotel","hotelName":"Pentahotel Beijing Hotel","hotelNameUtf8":"Pentahotel Beijing Hotel","countryName":"China","countryCode":"CHN","cityName":"Beijing","thImgUrl":null,"blackOutDates":null,"currency":"AUD","curySymbole":"$","promoId":null,"shortMarketingText":"Book 21 Days In Advance & Save 30%","reviewerScore":"60","likes":"88%","userRating":"4","starRating":"4","hotelType":null,"bestFor":null,"sortOrder":"1","facilities":"Gym,Pool","facilitiesText":"Spa","price":"199","travelText":"save","hotelId":"3656","marketText":"Book 21 Days In Advance & Save 30%","isMemberExclusive":"0","isPromocodeApplicable":"value"},"hotel-id#20":{"hotelNameOld":"Pentahotel Beijing Hotel","hotelName":"Pentahotel Beijing Hotel","hotelNameUtf8":"Pentahotel Beijing Hotel","countryName":"China","countryCode":"CHN","cityName":"Beijing","thImgUrl":null,"blackOutDates":null,"currency":"AUD","curySymbole":"$","promoId":null,"shortMarketingText":"Book 21 Days In Advance & Save 20%","reviewerScore":"60","likes":"88%","userRating":"4","starRating":"4","hotelType":null,"bestFor":null,"sortOrder":"1","facilities":"Gym,Pool","facilitiesText":"Spa","price":"199","travelText":"save","hotelId":"3656","marketText":"Book 21 Days In Advance & Save 20%","isMemberExclusive":"0","isPromocodeApplicable":"value"},"hotel-id#21":{"hotelNameOld":"Jianguo Hotel Beijing","hotelName":"Jianguo Hotel Beijing","hotelNameUtf8":"Jianguo Hotel Beijing","countryName":"China","countryCode":"CHN","cityName":"Beijing","thImgUrl":null,"blackOutDates":null,"currency":"AUD","curySymbole":"$","promoId":null,"shortMarketingText":"Stay 3 Nights & Save 15%","reviewerScore":"60","likes":"88%","userRating":"4","starRating":"4","hotelType":null,"bestFor":null,"sortOrder":"1","facilities":"Gym,Pool","facilitiesText":"Spa","price":"199","travelText":"save","hotelId":"4607","marketText":"Stay 3 Nights & Save 15%","isMemberExclusive":"0","isPromocodeApplicable":"value"},"hotel-id#22":{"hotelNameOld":"Jianguo Hotel Beijing","hotelName":"Jianguo Hotel Beijing","hotelNameUtf8":"Jianguo Hotel Beijing","countryName":"China","countryCode":"CHN","cityName":"Beijing","thImgUrl":null,"blackOutDates":null,"currency":"AUD","curySymbole":"$","promoId":null,"shortMarketingText":"Book 21 Days In Advance & Save 20%","reviewerScore":"60","likes":"88%","userRating":"4","starRating":"4","hotelType":null,"bestFor":null,"sortOrder":"1","facilities":"Gym,Pool","facilitiesText":"Spa","price":"199","travelText":"save","hotelId":"4607","marketText":"Book 21 Days In Advance & Save 20%","isMemberExclusive":"0","isPromocodeApplicable":"value"},"hotel-id#23":{"hotelNameOld":"Jianguo Hotel Beijing","hotelName":"Jianguo Hotel Beijing","hotelNameUtf8":"Jianguo Hotel Beijing","countryName":"China","countryCode":"CHN","cityName":"Beijing","thImgUrl":null,"blackOutDates":null,"currency":"AUD","curySymbole":"$","promoId":null,"shortMarketingText":"Member Only - Book & Save 25%","reviewerScore":"60","likes":"88%","userRating":"4","starRating":"4","hotelType":null,"bestFor":null,"sortOrder":"1","facilities":"Gym,Pool","facilitiesText":"Spa","price":"199","travelText":"save","hotelId":"4607","marketText":"Member Only - Book & Save 25%","isMemberExclusive":"0","isPromocodeApplicable":"value"},"hotel-id#24":{"hotelNameOld":"Novotel Beijing Xin Qiao","hotelName":"Novotel Beijing Xin Qiao","hotelNameUtf8":"Novotel Beijing Xin Qiao","countryName":"China","countryCode":"CHN","cityName":"Beijing","thImgUrl":null,"blackOutDates":null,"currency":"AUD","curySymbole":"$","promoId":null,"shortMarketingText":"Book & Save 40%","reviewerScore":"60","likes":"88%","userRating":"4","starRating":"4","hotelType":null,"bestFor":null,"sortOrder":"1","facilities":"Gym,Pool","facilitiesText":"Spa","price":"199","travelText":"save","hotelId":"81267","marketText":"Book & Save 40%","isMemberExclusive":"0","isPromocodeApplicable":"value"},"hotel-id#25":{"hotelNameOld":"Novotel Beijing Xin Qiao","hotelName":"Novotel Beijing Xin Qiao","hotelNameUtf8":"Novotel Beijing Xin Qiao","countryName":"China","countryCode":"CHN","cityName":"Beijing","thImgUrl":null,"blackOutDates":null,"currency":"AUD","curySymbole":"$","promoId":null,"shortMarketingText":"Rate includes up to 40% off","reviewerScore":"60","likes":"88%","userRating":"4","starRating":"4","hotelType":null,"bestFor":null,"sortOrder":"1","facilities":"Gym,Pool","facilitiesText":"Spa","price":"199","travelText":"save","hotelId":"81267","marketText":"Rate includes up to 40% off","isMemberExclusive":"0","isPromocodeApplicable":"value"},"hotel-id#26":{"hotelNameOld":"Capital Hotel Beijing","hotelName":"Capital Hotel Beijing","hotelNameUtf8":"Capital Hotel Beijing","countryName":"China","countryCode":"CHN","cityName":"Beijing","thImgUrl":null,"blackOutDates":null,"currency":"AUD","curySymbole":"$","promoId":null,"shortMarketingText":"PKG - Book Now & Save 30%","reviewerScore":"60","likes":"88%","userRating":"5","starRating":"5","hotelType":null,"bestFor":null,"sortOrder":"1","facilities":"Gym,Pool","facilitiesText":"Spa","price":"199","travelText":"save","hotelId":"318474","marketText":"PKG - Book Now & Save 30%","isMemberExclusive":"0","isPromocodeApplicable":"value"},"hotel-id#27":{"hotelNameOld":"Capital Hotel Beijing","hotelName":"Capital Hotel Beijing","hotelNameUtf8":"Capital Hotel Beijing","countryName":"China","countryCode":"CHN","cityName":"Beijing","thImgUrl":null,"blackOutDates":null,"currency":"AUD","curySymbole":"$","promoId":null,"shortMarketingText":"Book 7 day in advance Save 25%","reviewerScore":"60","likes":"88%","userRating":"5","starRating":"5","hotelType":null,"bestFor":null,"sortOrder":"1","facilities":"Gym,Pool","facilitiesText":"Spa","price":"199","travelText":"save","hotelId":"318474","marketText":"Book 7 day in advance Save 25%","isMemberExclusive":"0","isPromocodeApplicable":"value"},"hotel-id#28":{"hotelNameOld":"Howard Johnson Paragon Hotel Beijing","hotelName":"Howard Johnson Paragon Hotel Beijing","hotelNameUtf8":"Howard Johnson Paragon Hotel Beijing","countryName":"China","countryCode":"CHN","cityName":"Beijing","thImgUrl":"https:\/\/www.tnetnoc.com\/hotelphotos\/501\/315501\/69481597-Howard-Johnson-Paragon-Hotel-Beijing-Other-2-LP.jpg","blackOutDates":null,"currency":"AUD","curySymbole":"$","promoId":null,"shortMarketingText":"Book 3 Days In Advance & Save 10%","reviewerScore":"60","likes":"88%","userRating":"4","starRating":"4","hotelType":null,"bestFor":null,"sortOrder":"1","facilities":"Gym,Pool","facilitiesText":"Spa","price":"199","travelText":"save","hotelId":"315501","marketText":"Book 3 Days In Advance & Save 10%","isMemberExclusive":"0","isPromocodeApplicable":"value"},"hotel-id#29":{"hotelNameOld":"Howard Johnson Paragon Hotel Beijing","hotelName":"Howard Johnson Paragon Hotel Beijing","hotelNameUtf8":"Howard Johnson Paragon Hotel Beijing","countryName":"China","countryCode":"CHN","cityName":"Beijing","thImgUrl":"https:\/\/www.tnetnoc.com\/hotelphotos\/501\/315501\/69481597-Howard-Johnson-Paragon-Hotel-Beijing-Other-2-LP.jpg","blackOutDates":null,"currency":"AUD","curySymbole":"$","promoId":null,"shortMarketingText":"Book 7 Days In Advance & Save 20%","reviewerScore":"60","likes":"88%","userRating":"4","starRating":"4","hotelType":null,"bestFor":null,"sortOrder":"1","facilities":"Gym,Pool","facilitiesText":"Spa","price":"199","travelText":"save","hotelId":"315501","marketText":"Book 7 Days In Advance & Save 20%","isMemberExclusive":"0","isPromocodeApplicable":"value"},"hotel-id#30":{"hotelNameOld":"Grand Skylight CATIC Hotel Beijing","hotelName":"Grand Skylight CATIC Hotel Beijing","hotelNameUtf8":"Grand Skylight CATIC Hotel Beijing","countryName":"China","countryCode":"CHN","cityName":"Beijing","thImgUrl":null,"blackOutDates":null,"currency":"AUD","curySymbole":"$","promoId":null,"shortMarketingText":"Stay 3 Nights & Save 10%","reviewerScore":"60","likes":"88%","userRating":"5","starRating":"5","hotelType":null,"bestFor":null,"sortOrder":"1","facilities":"Gym,Pool","facilitiesText":"Spa","price":"199","travelText":"save","hotelId":"292082","marketText":"Stay 3 Nights & Save 10%","isMemberExclusive":"0","isPromocodeApplicable":"value"}}