{"hotel-id#1":{"hotelNameOld":"Park Plaza Unique Hotel Buenos Aires","hotelName":"Park Plaza Unique Hotel Buenos Aires","hotelNameUtf8":"Park Plaza Unique Hotel Buenos Aires","countryName":"Argentina","countryCode":"ARG","cityName":"Buenos Aires","thImgUrl":null,"blackOutDates":null,"currency":"AUD","curySymbole":"$","promoId":null,"shortMarketingText":"Save 25% on 3 nights or more","reviewerScore":"60","likes":"88%","userRating":"4","starRating":"4","hotelType":null,"bestFor":null,"sortOrder":"1","facilities":"Gym,Pool","facilitiesText":"Spa","price":"199","travelText":"save","hotelId":"280097","marketText":"Save 25% on 3 nights or more","isMemberExclusive":"0","isPromocodeApplicable":"value"},"hotel-id#2":{"hotelNameOld":"Park Plaza Unique Hotel Buenos Aires","hotelName":"Park Plaza Unique Hotel Buenos Aires","hotelNameUtf8":"Park Plaza Unique Hotel Buenos Aires","countryName":"Argentina","countryCode":"ARG","cityName":"Buenos Aires","thImgUrl":null,"blackOutDates":null,"currency":"AUD","curySymbole":"$","promoId":null,"shortMarketingText":"Book 20 days in advance and save 25%","reviewerScore":"60","likes":"88%","userRating":"4","starRating":"4","hotelType":null,"bestFor":null,"sortOrder":"1","facilities":"Gym,Pool","facilitiesText":"Spa","price":"199","travelText":"save","hotelId":"280097","marketText":"Book 20 days in advance and save 25%","isMemberExclusive":"0","isPromocodeApplicable":"value"},"hotel-id#3":{"hotelNameOld":"Unique Executive Chateau Hotel Buenos Aires","hotelName":"Unique Executive Chateau Hotel Buenos Aires","hotelNameUtf8":"Unique Executive Chateau Hotel Buenos Aires","countryName":"Argentina","countryCode":"ARG","cityName":"Buenos Aires","thImgUrl":null,"blackOutDates":null,"currency":"AUD","curySymbole":"$","promoId":null,"shortMarketingText":"SAVE","reviewerScore":"60","likes":"88%","userRating":"4","starRating":"4","hotelType":null,"bestFor":null,"sortOrder":"1","facilities":"Gym,Pool","facilitiesText":"Spa","price":"199","travelText":"save","hotelId":"280095","marketText":"SAVE","isMemberExclusive":"0","isPromocodeApplicable":"value"},"hotel-id#4":{"hotelNameOld":"Unique Art Elegance Hotel Buenos Aires","hotelName":"Unique Art Elegance Hotel Buenos Aires","hotelNameUtf8":"Unique Art Elegance Hotel Buenos Aires","countryName":"Argentina","countryCode":"ARG","cityName":"Buenos Aires","thImgUrl":null,"blackOutDates":null,"currency":"AUD","curySymbole":"$","promoId":null,"shortMarketingText":"Save 25% on 3 nights or more","reviewerScore":"60","likes":"88%","userRating":"4","starRating":"4","hotelType":null,"bestFor":null,"sortOrder":"1","facilities":"Gym,Pool","facilitiesText":"Spa","price":"199","travelText":"save","hotelId":"889911","marketText":"Save 25% on 3 nights or more","isMemberExclusive":"0","isPromocodeApplicable":"value"},"hotel-id#5":{"hotelNameOld":"Unique Executive Central Hotel Buenos Aires","hotelName":"Unique Executive Central Hotel Buenos Aires","hotelNameUtf8":"Unique Executive Central Hotel Buenos Aires","countryName":"Argentina","countryCode":"ARG","cityName":"Buenos Aires","thImgUrl":null,"blackOutDates":null,"currency":"AUD","curySymbole":"$","promoId":null,"shortMarketingText":"Save 25% on 3 nights or more","reviewerScore":"60","likes":"88%","userRating":"4","starRating":"4","hotelType":null,"bestFor":null,"sortOrder":"1","facilities":"Gym,Pool","facilitiesText":"Spa","price":"199","travelText":"save","hotelId":"889901","marketText":"Save 25% on 3 nights or more","isMemberExclusive":"0","isPromocodeApplicable":"value"},"hotel-id#6":{"hotelNameOld":"Unique Executive Central Hotel Buenos Aires","hotelName":"Unique Executive Central Hotel Buenos Aires","hotelNameUtf8":"Unique Executive Central Hotel Buenos Aires","countryName":"Argentina","countryCode":"ARG","cityName":"Buenos Aires","thImgUrl":null,"blackOutDates":null,"currency":"AUD","curySymbole":"$","promoId":null,"shortMarketingText":"Book 20 days in advance and save 25%","reviewerScore":"60","likes":"88%","userRating":"4","starRating":"4","hotelType":null,"bestFor":null,"sortOrder":"1","facilities":"Gym,Pool","facilitiesText":"Spa","price":"199","travelText":"save","hotelId":"889901","marketText":"Book 20 days in advance and save 25%","isMemberExclusive":"0","isPromocodeApplicable":"value"},"hotel-id#7":{"hotelNameOld":"Claridge Hotel Buenos Aires","hotelName":"Claridge Hotel Buenos Aires","hotelNameUtf8":"Claridge Hotel Buenos Aires","countryName":"Argentina","countryCode":"ARG","cityName":"Buenos Aires","thImgUrl":null,"blackOutDates":null,"currency":"AUD","curySymbole":"$","promoId":null,"shortMarketingText":"Save 10% on selected nights","reviewerScore":"60","likes":"88%","userRating":"5","starRating":"5","hotelType":null,"bestFor":null,"sortOrder":"1","facilities":"Gym,Pool","facilitiesText":"Spa","price":"199","travelText":"save","hotelId":"36621","marketText":"Save 10% on selected nights","isMemberExclusive":"0","isPromocodeApplicable":"value"},"hotel-id#8":{"hotelNameOld":"Colon Hotel Buenos Aires","hotelName":"Colon Hotel Buenos Aires","hotelNameUtf8":"Colon Hotel Buenos Aires","countryName":"Argentina","countryCode":"ARG","cityName":"Buenos Aires","thImgUrl":null,"blackOutDates":null,"currency":"AUD","curySymbole":"$","promoId":null,"shortMarketingText":"Save 10% on selected nights","reviewerScore":"60","likes":"88%","userRating":"4","starRating":"4","hotelType":null,"bestFor":null,"sortOrder":"1","facilities":"Gym,Pool","facilitiesText":"Spa","price":"199","travelText":"save","hotelId":"290711","marketText":"Save 10% on selected nights","isMemberExclusive":"0","isPromocodeApplicable":"value"},"hotel-id#9":{"hotelNameOld":"Colon Hotel Buenos Aires","hotelName":"Colon Hotel Buenos Aires","hotelNameUtf8":"Colon Hotel Buenos Aires","countryName":"Argentina","countryCode":"ARG","cityName":"Buenos Aires","thImgUrl":null,"blackOutDates":null,"currency":"AUD","curySymbole":"$","promoId":null,"shortMarketingText":"Book 15 days in advance and save 10%","reviewerScore":"60","likes":"88%","userRating":"4","starRating":"4","hotelType":null,"bestFor":null,"sortOrder":"1","facilities":"Gym,Pool","facilitiesText":"Spa","price":"199","travelText":"save","hotelId":"290711","marketText":"Book 15 days in advance and save 10%","isMemberExclusive":"0","isPromocodeApplicable":"value"},"hotel-id#10":{"hotelNameOld":"Panamericano Hotel Buenos Aires","hotelName":"Panamericano Hotel Buenos Aires","hotelNameUtf8":"Panamericano Hotel Buenos Aires","countryName":"Argentina","countryCode":"ARG","cityName":"Buenos Aires","thImgUrl":null,"blackOutDates":null,"currency":"AUD","curySymbole":"$","promoId":null,"shortMarketingText":"Save 15% on 5 nights or more","reviewerScore":"60","likes":"88%","userRating":"4","starRating":"4","hotelType":null,"bestFor":null,"sortOrder":"1","facilities":"Gym,Pool","facilitiesText":"Spa","price":"199","travelText":"save","hotelId":"956571","marketText":"Save 15% on 5 nights or more","isMemberExclusive":"0","isPromocodeApplicable":"value"},"hotel-id#11":{"hotelNameOld":"Panamericano Hotel Buenos Aires","hotelName":"Panamericano Hotel Buenos Aires","hotelNameUtf8":"Panamericano Hotel Buenos Aires","countryName":"Argentina","countryCode":"ARG","cityName":"Buenos Aires","thImgUrl":null,"blackOutDates":null,"currency":"AUD","curySymbole":"$","promoId":null,"shortMarketingText":"Save 10% per night","reviewerScore":"60","likes":"88%","userRating":"4","starRating":"4","hotelType":null,"bestFor":null,"sortOrder":"1","facilities":"Gym,Pool","facilitiesText":"Spa","price":"199","travelText":"save","hotelId":"956571","marketText":"Save 10% per night","isMemberExclusive":"0","isPromocodeApplicable":"value"},"hotel-id#12":{"hotelNameOld":"Panamericano Hotel Buenos Aires","hotelName":"Panamericano Hotel Buenos Aires","hotelNameUtf8":"Panamericano Hotel Buenos Aires","countryName":"Argentina","countryCode":"ARG","cityName":"Buenos Aires","thImgUrl":null,"blackOutDates":null,"currency":"AUD","curySymbole":"$","promoId":null,"shortMarketingText":"16% on 5 nights or more - City View","reviewerScore":"60","likes":"88%","userRating":"4","starRating":"4","hotelType":null,"bestFor":null,"sortOrder":"1","facilities":"Gym,Pool","facilitiesText":"Spa","price":"199","travelText":"save","hotelId":"956571","marketText":"16% on 5 nights or more - City View","isMemberExclusive":"0","isPromocodeApplicable":"value"},"hotel-id#13":{"hotelNameOld":"Panamericano Hotel Buenos Aires","hotelName":"Panamericano Hotel Buenos Aires","hotelNameUtf8":"Panamericano Hotel Buenos Aires","countryName":"Argentina","countryCode":"ARG","cityName":"Buenos Aires","thImgUrl":null,"blackOutDates":null,"currency":"AUD","curySymbole":"$","promoId":null,"shortMarketingText":"18% on 5 nights or more - Studio Suite","reviewerScore":"60","likes":"88%","userRating":"4","starRating":"4","hotelType":null,"bestFor":null,"sortOrder":"1","facilities":"Gym,Pool","facilitiesText":"Spa","price":"199","travelText":"save","hotelId":"956571","marketText":"18% on 5 nights or more - Studio Suite","isMemberExclusive":"0","isPromocodeApplicable":"value"},"hotel-id#14":{"hotelNameOld":"Panamericano Hotel Buenos Aires","hotelName":"Panamericano Hotel Buenos Aires","hotelNameUtf8":"Panamericano Hotel Buenos Aires","countryName":"Argentina","countryCode":"ARG","cityName":"Buenos Aires","thImgUrl":null,"blackOutDates":null,"currency":"AUD","curySymbole":"$","promoId":null,"shortMarketingText":"12% on 3 nights - City View","reviewerScore":"60","likes":"88%","userRating":"4","starRating":"4","hotelType":null,"bestFor":null,"sortOrder":"1","facilities":"Gym,Pool","facilitiesText":"Spa","price":"199","travelText":"save","hotelId":"956571","marketText":"12% on 3 nights - City View","isMemberExclusive":"0","isPromocodeApplicable":"value"},"hotel-id#15":{"hotelNameOld":"Panamericano Hotel Buenos Aires","hotelName":"Panamericano Hotel Buenos Aires","hotelNameUtf8":"Panamericano Hotel Buenos Aires","countryName":"Argentina","countryCode":"ARG","cityName":"Buenos Aires","thImgUrl":null,"blackOutDates":null,"currency":"AUD","curySymbole":"$","promoId":null,"shortMarketingText":"14% on 3 nights - Studio Suite","reviewerScore":"60","likes":"88%","userRating":"4","starRating":"4","hotelType":null,"bestFor":null,"sortOrder":"1","facilities":"Gym,Pool","facilitiesText":"Spa","price":"199","travelText":"save","hotelId":"956571","marketText":"14% on 3 nights - Studio Suite","isMemberExclusive":"0","isPromocodeApplicable":"value"},"hotel-id#16":{"hotelNameOld":"Panamericano Hotel Buenos Aires","hotelName":"Panamericano Hotel Buenos Aires","hotelNameUtf8":"Panamericano Hotel Buenos Aires","countryName":"Argentina","countryCode":"ARG","cityName":"Buenos Aires","thImgUrl":null,"blackOutDates":null,"currency":"AUD","curySymbole":"$","promoId":null,"shortMarketingText":"20% on 3 nights - Upper Studio and Suite","reviewerScore":"60","likes":"88%","userRating":"4","starRating":"4","hotelType":null,"bestFor":null,"sortOrder":"1","facilities":"Gym,Pool","facilitiesText":"Spa","price":"199","travelText":"save","hotelId":"956571","marketText":"20% on 3 nights - Upper Studio and Suite","isMemberExclusive":"0","isPromocodeApplicable":"value"},"hotel-id#17":{"hotelNameOld":"Dolmen Hotel Buenos Aires ","hotelName":"Dolmen Hotel Buenos Aires ","hotelNameUtf8":"Dolmen Hotel Buenos Aires ","countryName":"Argentina","countryCode":"ARG","cityName":"Buenos Aires","thImgUrl":null,"blackOutDates":null,"currency":"AUD","curySymbole":"$","promoId":null,"shortMarketingText":"Save 20%","reviewerScore":"60","likes":"88%","userRating":"4","starRating":"4","hotelType":null,"bestFor":null,"sortOrder":"1","facilities":"Gym,Pool","facilitiesText":"Spa","price":"199","travelText":"save","hotelId":"281332","marketText":"Save 20%","isMemberExclusive":"0","isPromocodeApplicable":"value"},"hotel-id#18":{"hotelNameOld":"Melia Buenos Aires","hotelName":"Melia Buenos Aires","hotelNameUtf8":"Melia Buenos Aires","countryName":"Argentina","countryCode":"ARG","cityName":"Buenos Aires","thImgUrl":null,"blackOutDates":null,"currency":"AUD","curySymbole":"$","promoId":null,"shortMarketingText":"Book now and save 11%","reviewerScore":"60","likes":"88%","userRating":"5","starRating":"5","hotelType":null,"bestFor":null,"sortOrder":"1","facilities":"Gym,Pool","facilitiesText":"Spa","price":"199","travelText":"save","hotelId":"12888","marketText":"Book now and save 11%","isMemberExclusive":"0","isPromocodeApplicable":"value"},"hotel-id#19":{"hotelNameOld":"Melia Buenos Aires","hotelName":"Melia Buenos Aires","hotelNameUtf8":"Melia Buenos Aires","countryName":"Argentina","countryCode":"ARG","cityName":"Buenos Aires","thImgUrl":null,"blackOutDates":null,"currency":"AUD","curySymbole":"$","promoId":null,"shortMarketingText":"Book now and save 8%","reviewerScore":"60","likes":"88%","userRating":"5","starRating":"5","hotelType":null,"bestFor":null,"sortOrder":"1","facilities":"Gym,Pool","facilitiesText":"Spa","price":"199","travelText":"save","hotelId":"12888","marketText":"Book now and save 8%","isMemberExclusive":"0","isPromocodeApplicable":"value"},"hotel-id#20":{"hotelNameOld":"Savoy Hotel Buenos Aires","hotelName":"Savoy Hotel Buenos Aires","hotelNameUtf8":"Savoy Hotel Buenos Aires","countryName":"Argentina","countryCode":"ARG","cityName":"Buenos Aires","thImgUrl":null,"blackOutDates":null,"currency":"AUD","curySymbole":"$","promoId":null,"shortMarketingText":"SAVE","reviewerScore":"60","likes":"88%","userRating":"4","starRating":"4","hotelType":null,"bestFor":null,"sortOrder":"1","facilities":"Gym,Pool","facilitiesText":"Spa","price":"199","travelText":"save","hotelId":"394451","marketText":"SAVE","isMemberExclusive":"0","isPromocodeApplicable":"value"},"hotel-id#21":{"hotelNameOld":"Savoy Hotel Buenos Aires","hotelName":"Savoy Hotel Buenos Aires","hotelNameUtf8":"Savoy Hotel Buenos Aires","countryName":"Argentina","countryCode":"ARG","cityName":"Buenos Aires","thImgUrl":null,"blackOutDates":null,"currency":"AUD","curySymbole":"$","promoId":null,"shortMarketingText":"Save 25% off per night!","reviewerScore":"60","likes":"88%","userRating":"4","starRating":"4","hotelType":null,"bestFor":null,"sortOrder":"1","facilities":"Gym,Pool","facilitiesText":"Spa","price":"199","travelText":"save","hotelId":"394451","marketText":"Save 25% off per night!","isMemberExclusive":"0","isPromocodeApplicable":"value"},"hotel-id#22":{"hotelNameOld":"Savoy Hotel Buenos Aires","hotelName":"Savoy Hotel Buenos Aires","hotelNameUtf8":"Savoy Hotel Buenos Aires","countryName":"Argentina","countryCode":"ARG","cityName":"Buenos Aires","thImgUrl":null,"blackOutDates":null,"currency":"AUD","curySymbole":"$","promoId":null,"shortMarketingText":"Save 23% per night!","reviewerScore":"60","likes":"88%","userRating":"4","starRating":"4","hotelType":null,"bestFor":null,"sortOrder":"1","facilities":"Gym,Pool","facilitiesText":"Spa","price":"199","travelText":"save","hotelId":"394451","marketText":"Save 23% per night!","isMemberExclusive":"0","isPromocodeApplicable":"value"},"hotel-id#23":{"hotelNameOld":"Wilton Hotel Buenos Aires","hotelName":"Wilton Hotel Buenos Aires","hotelNameUtf8":"Wilton Hotel Buenos Aires","countryName":"Argentina","countryCode":"ARG","cityName":"Buenos Aires","thImgUrl":null,"blackOutDates":null,"currency":"AUD","curySymbole":"$","promoId":null,"shortMarketingText":"40% off book by February 7th","reviewerScore":"60","likes":"88%","userRating":"4","starRating":"4","hotelType":null,"bestFor":null,"sortOrder":"1","facilities":"Gym,Pool","facilitiesText":"Spa","price":"199","travelText":"save","hotelId":"49312","marketText":"40% off book by February 7th","isMemberExclusive":"0","isPromocodeApplicable":"value"},"hotel-id#24":{"hotelNameOld":"Wilton Hotel Buenos Aires","hotelName":"Wilton Hotel Buenos Aires","hotelNameUtf8":"Wilton Hotel Buenos Aires","countryName":"Argentina","countryCode":"ARG","cityName":"Buenos Aires","thImgUrl":null,"blackOutDates":null,"currency":"AUD","curySymbole":"$","promoId":null,"shortMarketingText":"Save 25% per night","reviewerScore":"60","likes":"88%","userRating":"4","starRating":"4","hotelType":null,"bestFor":null,"sortOrder":"1","facilities":"Gym,Pool","facilitiesText":"Spa","price":"199","travelText":"save","hotelId":"49312","marketText":"Save 25% per night","isMemberExclusive":"0","isPromocodeApplicable":"value"},"hotel-id#25":{"hotelNameOld":"Wilton Hotel Buenos Aires","hotelName":"Wilton Hotel Buenos Aires","hotelNameUtf8":"Wilton Hotel Buenos Aires","countryName":"Argentina","countryCode":"ARG","cityName":"Buenos Aires","thImgUrl":null,"blackOutDates":null,"currency":"AUD","curySymbole":"$","promoId":null,"shortMarketingText":"Book 30 days in advance and save 35%","reviewerScore":"60","likes":"88%","userRating":"4","starRating":"4","hotelType":null,"bestFor":null,"sortOrder":"1","facilities":"Gym,Pool","facilitiesText":"Spa","price":"199","travelText":"save","hotelId":"49312","marketText":"Book 30 days in advance and save 35%","isMemberExclusive":"0","isPromocodeApplicable":"value"},"hotel-id#26":{"hotelNameOld":"Sofitel Hotel Buenos Aires","hotelName":"Sofitel Hotel Buenos Aires","hotelNameUtf8":"Sofitel Hotel Buenos Aires","countryName":"Argentina","countryCode":"ARG","cityName":"Buenos Aires","thImgUrl":null,"blackOutDates":null,"currency":"AUD","curySymbole":"$","promoId":null,"shortMarketingText":"Rate includes breakfast","reviewerScore":"60","likes":"88%","userRating":"5","starRating":"5","hotelType":null,"bestFor":null,"sortOrder":"1","facilities":"Gym,Pool","facilitiesText":"Spa","price":"199","travelText":"save","hotelId":"71750","marketText":"Rate includes breakfast","isMemberExclusive":"0","isPromocodeApplicable":"value"},"hotel-id#27":{"hotelNameOld":"Sofitel Hotel Buenos Aires","hotelName":"Sofitel Hotel Buenos Aires","hotelNameUtf8":"Sofitel Hotel Buenos Aires","countryName":"Argentina","countryCode":"ARG","cityName":"Buenos Aires","thImgUrl":null,"blackOutDates":null,"currency":"AUD","curySymbole":"$","promoId":null,"shortMarketingText":"Save 30% on your stay","reviewerScore":"60","likes":"88%","userRating":"5","starRating":"5","hotelType":null,"bestFor":null,"sortOrder":"1","facilities":"Gym,Pool","facilitiesText":"Spa","price":"199","travelText":"save","hotelId":"71750","marketText":"Save 30% on your stay","isMemberExclusive":"0","isPromocodeApplicable":"value"},"hotel-id#28":{"hotelNameOld":"Marriott Plaza Hotel Buenos Aires","hotelName":"Marriott Plaza Hotel Buenos Aires","hotelNameUtf8":"Marriott Plaza Hotel Buenos Aires","countryName":"Argentina","countryCode":"ARG","cityName":"Buenos Aires","thImgUrl":null,"blackOutDates":null,"currency":"AUD","curySymbole":"$","promoId":null,"shortMarketingText":"Save 33% on 3 nights","reviewerScore":"60","likes":"88%","userRating":"4","starRating":"4","hotelType":null,"bestFor":null,"sortOrder":"1","facilities":"Gym,Pool","facilitiesText":"Spa","price":"199","travelText":"save","hotelId":"39129","marketText":"Save 33% on 3 nights","isMemberExclusive":"0","isPromocodeApplicable":"value"},"hotel-id#29":{"hotelNameOld":"Etoile Hotel Recoleta","hotelName":"Etoile Hotel Recoleta","hotelNameUtf8":"Etoile Hotel Recoleta","countryName":"Argentina","countryCode":"ARG","cityName":"Buenos Aires","thImgUrl":null,"blackOutDates":null,"currency":"AUD","curySymbole":"$","promoId":null,"shortMarketingText":"Save 10% per night","reviewerScore":"60","likes":"88%","userRating":"3","starRating":"3","hotelType":null,"bestFor":null,"sortOrder":"1","facilities":"Gym,Pool","facilitiesText":"Spa","price":"199","travelText":"save","hotelId":"219511","marketText":"Save 10% per night","isMemberExclusive":"0","isPromocodeApplicable":"value"},"hotel-id#30":{"hotelNameOld":"Etoile Hotel Recoleta","hotelName":"Etoile Hotel Recoleta","hotelNameUtf8":"Etoile Hotel Recoleta","countryName":"Argentina","countryCode":"ARG","cityName":"Buenos Aires","thImgUrl":null,"blackOutDates":null,"currency":"AUD","curySymbole":"$","promoId":null,"shortMarketingText":"Reduced Rate","reviewerScore":"60","likes":"88%","userRating":"3","starRating":"3","hotelType":null,"bestFor":null,"sortOrder":"1","facilities":"Gym,Pool","facilitiesText":"Spa","price":"199","travelText":"save","hotelId":"219511","marketText":"Reduced Rate","isMemberExclusive":"0","isPromocodeApplicable":"value"}}