{
    "hotel-id#1": {
        "hotelNameOld": "Bay Village Tropical Retreat Cairns",
        "hotelName": "Bay Village Tropical Retreat Cairns",
        "hotelNameUtf8": "Bay Village Tropical Retreat Cairns",
        "countryName": "Australia",
        "countryCode": "AUS",
        "cityName": "Cairns",
        "thImgUrl": null,
        "blackOutDates": null,
        "currency": "AUD",
        "curySymbole": "$",
        "promoId": null,
        "shortMarketingText": "Stay 4 Nights & Save 30%",
        "reviewerScore": "60",
        "likes": "88%",
        "userRating": "4",
        "starRating": "4",
        "hotelType": null,
        "bestFor": null,
        "sortOrder": "1",
        "facilities": "Gym,Pool",
        "facilitiesText": "Spa",
        "price": "199",
        "travelText": "save",
        "hotelId": "317677",
        "marketText": "Stay 4 Nights & Save 30%",
        "isMemberExclusive": "0",
        "isPromocodeApplicable": "value"
    },
    "hotel-id#2": {
        "hotelNameOld": "Rydges Plaza Cairns",
        "hotelName": "Rydges Plaza Cairns",
        "hotelNameUtf8": "Rydges Plaza Cairns",
        "countryName": "Australia",
        "countryCode": "AUS",
        "cityName": "Cairns",
        "thImgUrl": null,
        "blackOutDates": null,
        "currency": "AUD",
        "curySymbole": "$",
        "promoId": null,
        "shortMarketingText": "Book 21 Days In Advance & Save 15%",
        "reviewerScore": "60",
        "likes": "88%",
        "userRating": "4",
        "starRating": "4",
        "hotelType": null,
        "bestFor": null,
        "sortOrder": "1",
        "facilities": "Gym,Pool",
        "facilitiesText": "Spa",
        "price": "199",
        "travelText": "save",
        "hotelId": "190624",
        "marketText": "Book 21 Days In Advance & Save 15%",
        "isMemberExclusive": "0",
        "isPromocodeApplicable": "value"
    },
    "hotel-id#3": {
        "hotelNameOld": "Rydges Plaza Cairns",
        "hotelName": "Rydges Plaza Cairns",
        "hotelNameUtf8": "Rydges Plaza Cairns",
        "countryName": "Australia",
        "countryCode": "AUS",
        "cityName": "Cairns",
        "thImgUrl": null,
        "blackOutDates": null,
        "currency": "AUD",
        "curySymbole": "$",
        "promoId": null,
        "shortMarketingText": "Book 30 Days In Advance, Stay 3 Nights & Save 20%",
        "reviewerScore": "60",
        "likes": "88%",
        "userRating": "4",
        "starRating": "4",
        "hotelType": null,
        "bestFor": null,
        "sortOrder": "1",
        "facilities": "Gym,Pool",
        "facilitiesText": "Spa",
        "price": "199",
        "travelText": "save",
        "hotelId": "190624",
        "marketText": "Book 30 Days In Advance, Stay 3 Nights & Save 20%",
        "isMemberExclusive": "0",
        "isPromocodeApplicable": "value"
    },
    "hotel-id#4": {
        "hotelNameOld": "Pacific Hotel Cairns",
        "hotelName": "Pacific Hotel Cairns",
        "hotelNameUtf8": "Pacific Hotel Cairns",
        "countryName": "Australia",
        "countryCode": "AUS",
        "cityName": "Cairns",
        "thImgUrl": null,
        "blackOutDates": null,
        "currency": "AUD",
        "curySymbole": "$",
        "promoId": null,
        "shortMarketingText": "Stay 3 Nights & Save 30%",
        "reviewerScore": "60",
        "likes": "88%",
        "userRating": "5",
        "starRating": "5",
        "hotelType": null,
        "bestFor": null,
        "sortOrder": "1",
        "facilities": "Gym,Pool",
        "facilitiesText": "Spa",
        "price": "199",
        "travelText": "save",
        "hotelId": "327410",
        "marketText": "Stay 3 Nights & Save 30%",
        "isMemberExclusive": "0",
        "isPromocodeApplicable": "value"
    },
    "hotel-id#5": {
        "hotelNameOld": "Cairns Sheridan Hotel & Conference Centre",
        "hotelName": "Cairns Sheridan Hotel & Conference Centre",
        "hotelNameUtf8": "Cairns Sheridan Hotel & Conference Centre",
        "countryName": "Australia",
        "countryCode": "AUS",
        "cityName": "Cairns",
        "thImgUrl": null,
        "blackOutDates": null,
        "currency": "AUD",
        "curySymbole": "$",
        "promoId": null,
        "shortMarketingText": "Stay 2 Nights & Save 10%",
        "reviewerScore": "60",
        "likes": "88%",
        "userRating": "5",
        "starRating": "5",
        "hotelType": null,
        "bestFor": null,
        "sortOrder": "1",
        "facilities": "Gym,Pool",
        "facilitiesText": "Spa",
        "price": "199",
        "travelText": "save",
        "hotelId": "46688",
        "marketText": "Stay 2 Nights & Save 10%",
        "isMemberExclusive": "0",
        "isPromocodeApplicable": "value"
    },
    "hotel-id#6": {
        "hotelNameOld": "Cairns Sheridan Hotel & Conference Centre",
        "hotelName": "Cairns Sheridan Hotel & Conference Centre",
        "hotelNameUtf8": "Cairns Sheridan Hotel & Conference Centre",
        "countryName": "Australia",
        "countryCode": "AUS",
        "cityName": "Cairns",
        "thImgUrl": null,
        "blackOutDates": null,
        "currency": "AUD",
        "curySymbole": "$",
        "promoId": null,
        "shortMarketingText": "Book 30 Days In Advance, Stay 3 Nights & Save 15%",
        "reviewerScore": "60",
        "likes": "88%",
        "userRating": "5",
        "starRating": "5",
        "hotelType": null,
        "bestFor": null,
        "sortOrder": "1",
        "facilities": "Gym,Pool",
        "facilitiesText": "Spa",
        "price": "199",
        "travelText": "save",
        "hotelId": "46688",
        "marketText": "Book 30 Days In Advance, Stay 3 Nights & Save 15%",
        "isMemberExclusive": "0",
        "isPromocodeApplicable": "value"
    },
    "hotel-id#7": {
        "hotelNameOld": "Rydges Tradewinds Hotel and Spa Cairns",
        "hotelName": "Rydges Tradewinds Hotel and Spa Cairns",
        "hotelNameUtf8": "Rydges Tradewinds Hotel and Spa Cairns",
        "countryName": "Australia",
        "countryCode": "AUS",
        "cityName": "Cairns",
        "thImgUrl": null,
        "blackOutDates": null,
        "currency": "AUD",
        "curySymbole": "$",
        "promoId": null,
        "shortMarketingText": "Book 7 Days In Advance & Save 15%",
        "reviewerScore": "60",
        "likes": "88%",
        "userRating": "5",
        "starRating": "5",
        "hotelType": null,
        "bestFor": null,
        "sortOrder": "1",
        "facilities": "Gym,Pool",
        "facilitiesText": "Spa",
        "price": "199",
        "travelText": "save",
        "hotelId": "190629",
        "marketText": "Book 7 Days In Advance & Save 15%",
        "isMemberExclusive": "0",
        "isPromocodeApplicable": "value"
    },
    "hotel-id#8": {
        "hotelNameOld": "Coral Tree Inn Cairns",
        "hotelName": "Coral Tree Inn Cairns",
        "hotelNameUtf8": "Coral Tree Inn Cairns",
        "countryName": "Australia",
        "countryCode": "AUS",
        "cityName": "Cairns",
        "thImgUrl": null,
        "blackOutDates": null,
        "currency": "AUD",
        "curySymbole": "$",
        "promoId": null,
        "shortMarketingText": "Stay 3 Nights & Save 25%",
        "reviewerScore": "60",
        "likes": "88%",
        "userRating": "4",
        "starRating": "4",
        "hotelType": null,
        "bestFor": null,
        "sortOrder": "1",
        "facilities": "Gym,Pool",
        "facilitiesText": "Spa",
        "price": "199",
        "travelText": "save",
        "hotelId": "316461",
        "marketText": "Stay 3 Nights & Save 25%",
        "isMemberExclusive": "0",
        "isPromocodeApplicable": "value"
    },
    "hotel-id#9": {
        "hotelNameOld": "Hides Hotel Cairns",
        "hotelName": "Hides Hotel Cairns",
        "hotelNameUtf8": "Hides Hotel Cairns",
        "countryName": "Australia",
        "countryCode": "AUS",
        "cityName": "Cairns",
        "thImgUrl": null,
        "blackOutDates": null,
        "currency": "AUD",
        "curySymbole": "$",
        "promoId": null,
        "shortMarketingText": "Stay 2 Nights & Save 20%",
        "reviewerScore": "60",
        "likes": "88%",
        "userRating": "4",
        "starRating": "4",
        "hotelType": null,
        "bestFor": null,
        "sortOrder": "1",
        "facilities": "Gym,Pool",
        "facilitiesText": "Spa",
        "price": "199",
        "travelText": "save",
        "hotelId": "319640",
        "marketText": "Stay 2 Nights & Save 20%",
        "isMemberExclusive": "0",
        "isPromocodeApplicable": "value"
    },
    "hotel-id#10": {
        "hotelNameOld": "Hides Hotel Cairns",
        "hotelName": "Hides Hotel Cairns",
        "hotelNameUtf8": "Hides Hotel Cairns",
        "countryName": "Australia",
        "countryCode": "AUS",
        "cityName": "Cairns",
        "thImgUrl": null,
        "blackOutDates": null,
        "currency": "AUD",
        "curySymbole": "$",
        "promoId": null,
        "shortMarketingText": "Stay 3 Nights & Save 25%",
        "reviewerScore": "60",
        "likes": "88%",
        "userRating": "4",
        "starRating": "4",
        "hotelType": null,
        "bestFor": null,
        "sortOrder": "1",
        "facilities": "Gym,Pool",
        "facilitiesText": "Spa",
        "price": "199",
        "travelText": "save",
        "hotelId": "319640",
        "marketText": "Stay 3 Nights & Save 25%",
        "isMemberExclusive": "0",
        "isPromocodeApplicable": "value"
    },
    "hotel-id#11": {
        "hotelNameOld": "Cairns Queens Court",
        "hotelName": "Cairns Queens Court",
        "hotelNameUtf8": "Cairns Queens Court",
        "countryName": "Australia",
        "countryCode": "AUS",
        "cityName": "Cairns",
        "thImgUrl": null,
        "blackOutDates": null,
        "currency": "AUD",
        "curySymbole": "$",
        "promoId": null,
        "shortMarketingText": "Stay 3 Nights & Save 35%",
        "reviewerScore": "60",
        "likes": "88%",
        "userRating": "4",
        "starRating": "4",
        "hotelType": null,
        "bestFor": null,
        "sortOrder": "1",
        "facilities": "Gym,Pool",
        "facilitiesText": "Spa",
        "price": "199",
        "travelText": "save",
        "hotelId": "323228",
        "marketText": "Stay 3 Nights & Save 35%",
        "isMemberExclusive": "0",
        "isPromocodeApplicable": "value"
    },
    "hotel-id#12": {
        "hotelNameOld": "Cairns Queens Court",
        "hotelName": "Cairns Queens Court",
        "hotelNameUtf8": "Cairns Queens Court",
        "countryName": "Australia",
        "countryCode": "AUS",
        "cityName": "Cairns",
        "thImgUrl": null,
        "blackOutDates": null,
        "currency": "AUD",
        "curySymbole": "$",
        "promoId": null,
        "shortMarketingText": "Stay 2 Nights & Save 25%",
        "reviewerScore": "60",
        "likes": "88%",
        "userRating": "4",
        "starRating": "4",
        "hotelType": null,
        "bestFor": null,
        "sortOrder": "1",
        "facilities": "Gym,Pool",
        "facilitiesText": "Spa",
        "price": "199",
        "travelText": "save",
        "hotelId": "323228",
        "marketText": "Stay 2 Nights & Save 25%",
        "isMemberExclusive": "0",
        "isPromocodeApplicable": "value"
    },
    "hotel-id#13": {
        "hotelNameOld": "Cairns Queens Court",
        "hotelName": "Cairns Queens Court",
        "hotelNameUtf8": "Cairns Queens Court",
        "countryName": "Australia",
        "countryCode": "AUS",
        "cityName": "Cairns",
        "thImgUrl": null,
        "blackOutDates": null,
        "currency": "AUD",
        "curySymbole": "$",
        "promoId": null,
        "shortMarketingText": "Stay 2 Nights & Save 30%",
        "reviewerScore": "60",
        "likes": "88%",
        "userRating": "4",
        "starRating": "4",
        "hotelType": null,
        "bestFor": null,
        "sortOrder": "1",
        "facilities": "Gym,Pool",
        "facilitiesText": "Spa",
        "price": "199",
        "travelText": "save",
        "hotelId": "323228",
        "marketText": "Stay 2 Nights & Save 30%",
        "isMemberExclusive": "0",
        "isPromocodeApplicable": "value"
    },
    "hotel-id#14": {
        "hotelNameOld": "Cairns Queens Court",
        "hotelName": "Cairns Queens Court",
        "hotelNameUtf8": "Cairns Queens Court",
        "countryName": "Australia",
        "countryCode": "AUS",
        "cityName": "Cairns",
        "thImgUrl": null,
        "blackOutDates": null,
        "currency": "AUD",
        "curySymbole": "$",
        "promoId": null,
        "shortMarketingText": "Stay 2 Nights & Save 20%",
        "reviewerScore": "60",
        "likes": "88%",
        "userRating": "4",
        "starRating": "4",
        "hotelType": null,
        "bestFor": null,
        "sortOrder": "1",
        "facilities": "Gym,Pool",
        "facilitiesText": "Spa",
        "price": "199",
        "travelText": "save",
        "hotelId": "323228",
        "marketText": "Stay 2 Nights & Save 20%",
        "isMemberExclusive": "0",
        "isPromocodeApplicable": "value"
    },
    "hotel-id#15": {
        "hotelNameOld": "Cairns Queens Court",
        "hotelName": "Cairns Queens Court",
        "hotelNameUtf8": "Cairns Queens Court",
        "countryName": "Australia",
        "countryCode": "AUS",
        "cityName": "Cairns",
        "thImgUrl": null,
        "blackOutDates": null,
        "currency": "AUD",
        "curySymbole": "$",
        "promoId": null,
        "shortMarketingText": "Stay 2 Nights & Save 10%",
        "reviewerScore": "60",
        "likes": "88%",
        "userRating": "4",
        "starRating": "4",
        "hotelType": null,
        "bestFor": null,
        "sortOrder": "1",
        "facilities": "Gym,Pool",
        "facilitiesText": "Spa",
        "price": "199",
        "travelText": "save",
        "hotelId": "323228",
        "marketText": "Stay 2 Nights & Save 10%",
        "isMemberExclusive": "0",
        "isPromocodeApplicable": "value"
    },
    "hotel-id#16": {
        "hotelNameOld": "Southern Cross Atrium Apartments Cairns",
        "hotelName": "Southern Cross Atrium Apartments Cairns",
        "hotelNameUtf8": "Southern Cross Atrium Apartments Cairns",
        "countryName": "Australia",
        "countryCode": "AUS",
        "cityName": "Cairns",
        "thImgUrl": null,
        "blackOutDates": null,
        "currency": "AUD",
        "curySymbole": "$",
        "promoId": null,
        "shortMarketingText": "Stay 5 Nights & Save 10%",
        "reviewerScore": "60",
        "likes": "88%",
        "userRating": "4",
        "starRating": "4",
        "hotelType": null,
        "bestFor": null,
        "sortOrder": "1",
        "facilities": "Gym,Pool",
        "facilitiesText": "Spa",
        "price": "199",
        "travelText": "save",
        "hotelId": "320201",
        "marketText": "Stay 5 Nights & Save 10%",
        "isMemberExclusive": "0",
        "isPromocodeApplicable": "value"
    },
    "hotel-id#17": {
        "hotelNameOld": "Discovery Cairns",
        "hotelName": "Discovery Cairns",
        "hotelNameUtf8": "Discovery Cairns",
        "countryName": "Australia",
        "countryCode": "AUS",
        "cityName": "Cairns",
        "thImgUrl": null,
        "blackOutDates": null,
        "currency": "AUD",
        "curySymbole": "$",
        "promoId": null,
        "shortMarketingText": "Stay 3 Nights & Save 30%",
        "reviewerScore": "60",
        "likes": "88%",
        "userRating": "4",
        "starRating": "4",
        "hotelType": null,
        "bestFor": null,
        "sortOrder": "1",
        "facilities": "Gym,Pool",
        "facilitiesText": "Spa",
        "price": "199",
        "travelText": "save",
        "hotelId": "317747",
        "marketText": "Stay 3 Nights & Save 30%",
        "isMemberExclusive": "0",
        "isPromocodeApplicable": "value"
    },
    "hotel-id#18": {
        "hotelNameOld": "Discovery Cairns",
        "hotelName": "Discovery Cairns",
        "hotelNameUtf8": "Discovery Cairns",
        "countryName": "Australia",
        "countryCode": "AUS",
        "cityName": "Cairns",
        "thImgUrl": null,
        "blackOutDates": null,
        "currency": "AUD",
        "curySymbole": "$",
        "promoId": null,
        "shortMarketingText": "Stay 2 Nights & Save 20%",
        "reviewerScore": "60",
        "likes": "88%",
        "userRating": "4",
        "starRating": "4",
        "hotelType": null,
        "bestFor": null,
        "sortOrder": "1",
        "facilities": "Gym,Pool",
        "facilitiesText": "Spa",
        "price": "199",
        "travelText": "save",
        "hotelId": "317747",
        "marketText": "Stay 2 Nights & Save 20%",
        "isMemberExclusive": "0",
        "isPromocodeApplicable": "value"
    },
    "hotel-id#19": {
        "hotelNameOld": "Fitzroy Island Resort",
        "hotelName": "Fitzroy Island Resort",
        "hotelNameUtf8": "Fitzroy Island Resort",
        "countryName": "Australia",
        "countryCode": "AUS",
        "cityName": "Cairns",
        "thImgUrl": null,
        "blackOutDates": null,
        "currency": "AUD",
        "curySymbole": "$",
        "promoId": null,
        "shortMarketingText": "Stay 3 Nights & Save 15%",
        "reviewerScore": "60",
        "likes": "88%",
        "userRating": "5",
        "starRating": "5",
        "hotelType": null,
        "bestFor": null,
        "sortOrder": "1",
        "facilities": "Gym,Pool",
        "facilitiesText": "Spa",
        "price": "199",
        "travelText": "save",
        "hotelId": "447911",
        "marketText": "Stay 3 Nights & Save 15%",
        "isMemberExclusive": "0",
        "isPromocodeApplicable": "value"
    },
    "hotel-id#20": {
        "hotelNameOld": "Surfers Century Oceanside Apartments Gold Coast",
        "hotelName": "Surfers Century Oceanside Apartments Gold Coast",
        "hotelNameUtf8": "Surfers Century Oceanside Apartments Gold Coast",
        "countryName": "Australia",
        "countryCode": "AUS",
        "cityName": "Gold Coast",
        "thImgUrl": null,
        "blackOutDates": null,
        "currency": "AUD",
        "curySymbole": "$",
        "promoId": null,
        "shortMarketingText": "Members Only! Stay 5 Nights & Save 10%",
        "reviewerScore": "60",
        "likes": "88%",
        "userRating": "4",
        "starRating": "4",
        "hotelType": null,
        "bestFor": null,
        "sortOrder": "1",
        "facilities": "Gym,Pool",
        "facilitiesText": "Spa",
        "price": "199",
        "travelText": "save",
        "hotelId": "318349",
        "marketText": "Members Only! Stay 5 Nights & Save 10%",
        "isMemberExclusive": "1",
        "isPromocodeApplicable": "value"
    },
    "hotel-id#21": {
        "hotelNameOld": "Surfers Century Oceanside Apartments Gold Coast",
        "hotelName": "Surfers Century Oceanside Apartments Gold Coast",
        "hotelNameUtf8": "Surfers Century Oceanside Apartments Gold Coast",
        "countryName": "Australia",
        "countryCode": "AUS",
        "cityName": "Gold Coast",
        "thImgUrl": null,
        "blackOutDates": null,
        "currency": "AUD",
        "curySymbole": "$",
        "promoId": null,
        "shortMarketingText": "Book 14 Days In Advance, Stay 7 Nights & Save 10%",
        "reviewerScore": "60",
        "likes": "88%",
        "userRating": "4",
        "starRating": "4",
        "hotelType": null,
        "bestFor": null,
        "sortOrder": "1",
        "facilities": "Gym,Pool",
        "facilitiesText": "Spa",
        "price": "199",
        "travelText": "save",
        "hotelId": "318349",
        "marketText": "Book 14 Days In Advance, Stay 7 Nights & Save 10%",
        "isMemberExclusive": "0",
        "isPromocodeApplicable": "value"
    },
    "hotel-id#22": {
        "hotelNameOld": "Maldives Resort Gold Coast",
        "hotelName": "Maldives Resort Gold Coast",
        "hotelNameUtf8": "Maldives Resort Gold Coast",
        "countryName": "Australia",
        "countryCode": "AUS",
        "cityName": "Gold Coast",
        "thImgUrl": null,
        "blackOutDates": null,
        "currency": "AUD",
        "curySymbole": "$",
        "promoId": null,
        "shortMarketingText": "Members Only! Stay 4 Nights & Save 10%",
        "reviewerScore": "60",
        "likes": "88%",
        "userRating": "3",
        "starRating": "3",
        "hotelType": null,
        "bestFor": null,
        "sortOrder": "1",
        "facilities": "Gym,Pool",
        "facilitiesText": "Spa",
        "price": "199",
        "travelText": "save",
        "hotelId": "564471",
        "marketText": "Members Only! Stay 4 Nights & Save 10%",
        "isMemberExclusive": "1",
        "isPromocodeApplicable": "value"
    },
    "hotel-id#23": {
        "hotelNameOld": "Pacific Views Resort Gold Coast",
        "hotelName": "Pacific Views Resort Gold Coast",
        "hotelNameUtf8": "Pacific Views Resort Gold Coast",
        "countryName": "Australia",
        "countryCode": "AUS",
        "cityName": "Gold Coast",
        "thImgUrl": null,
        "blackOutDates": null,
        "currency": "AUD",
        "curySymbole": "$",
        "promoId": null,
        "shortMarketingText": "Stay 5 Nights & Save 17%",
        "reviewerScore": "60",
        "likes": "88%",
        "userRating": "4",
        "starRating": "4",
        "hotelType": null,
        "bestFor": null,
        "sortOrder": "1",
        "facilities": "Gym,Pool",
        "facilitiesText": "Spa",
        "price": "199",
        "travelText": "save",
        "hotelId": "332921",
        "marketText": "Stay 5 Nights & Save 17%",
        "isMemberExclusive": "0",
        "isPromocodeApplicable": "value"
    },
    "hotel-id#24": {
        "hotelNameOld": "Pacific Views Resort Gold Coast",
        "hotelName": "Pacific Views Resort Gold Coast",
        "hotelNameUtf8": "Pacific Views Resort Gold Coast",
        "countryName": "Australia",
        "countryCode": "AUS",
        "cityName": "Gold Coast",
        "thImgUrl": null,
        "blackOutDates": null,
        "currency": "AUD",
        "curySymbole": "$",
        "promoId": null,
        "shortMarketingText": "Stay 5 Nights & Save 24%",
        "reviewerScore": "60",
        "likes": "88%",
        "userRating": "4",
        "starRating": "4",
        "hotelType": null,
        "bestFor": null,
        "sortOrder": "1",
        "facilities": "Gym,Pool",
        "facilitiesText": "Spa",
        "price": "199",
        "travelText": "save",
        "hotelId": "332921",
        "marketText": "Stay 5 Nights & Save 24%",
        "isMemberExclusive": "0",
        "isPromocodeApplicable": "value"
    },
    "hotel-id#25": {
        "hotelNameOld": "Pacific Views Resort Gold Coast",
        "hotelName": "Pacific Views Resort Gold Coast",
        "hotelNameUtf8": "Pacific Views Resort Gold Coast",
        "countryName": "Australia",
        "countryCode": "AUS",
        "cityName": "Gold Coast",
        "thImgUrl": null,
        "blackOutDates": null,
        "currency": "AUD",
        "curySymbole": "$",
        "promoId": null,
        "shortMarketingText": "Stay 3 Nights & Save 16%",
        "reviewerScore": "60",
        "likes": "88%",
        "userRating": "4",
        "starRating": "4",
        "hotelType": null,
        "bestFor": null,
        "sortOrder": "1",
        "facilities": "Gym,Pool",
        "facilitiesText": "Spa",
        "price": "199",
        "travelText": "save",
        "hotelId": "332921",
        "marketText": "Stay 3 Nights & Save 16%",
        "isMemberExclusive": "0",
        "isPromocodeApplicable": "value"
    },
    "hotel-id#26": {
        "hotelNameOld": "Paradise Island Resort Gold Coast",
        "hotelName": "Paradise Island Resort Gold Coast",
        "hotelNameUtf8": "Paradise Island Resort Gold Coast",
        "countryName": "Australia",
        "countryCode": "AUS",
        "cityName": "Gold Coast",
        "thImgUrl": null,
        "blackOutDates": null,
        "currency": "AUD",
        "curySymbole": "$",
        "promoId": null,
        "shortMarketingText": "Members Only! Stay 4 Nights & Save 50%",
        "reviewerScore": "60",
        "likes": "88%",
        "userRating": "4",
        "starRating": "4",
        "hotelType": null,
        "bestFor": null,
        "sortOrder": "1",
        "facilities": "Gym,Pool",
        "facilitiesText": "Spa",
        "price": "199",
        "travelText": "save",
        "hotelId": "939901",
        "marketText": "Members Only! Stay 4 Nights & Save 50%",
        "isMemberExclusive": "1",
        "isPromocodeApplicable": "value"
    },
    "hotel-id#27": {
        "hotelNameOld": "Broadbeach Travel Inn Apartments",
        "hotelName": "Broadbeach Travel Inn Apartments",
        "hotelNameUtf8": "Broadbeach Travel Inn Apartments",
        "countryName": "Australia",
        "countryCode": "AUS",
        "cityName": "Gold Coast",
        "thImgUrl": null,
        "blackOutDates": null,
        "currency": "AUD",
        "curySymbole": "$",
        "promoId": null,
        "shortMarketingText": "Stay 3 Nights & Save 30%",
        "reviewerScore": "60",
        "likes": "88%",
        "userRating": "4",
        "starRating": "4",
        "hotelType": null,
        "bestFor": null,
        "sortOrder": "1",
        "facilities": "Gym,Pool",
        "facilitiesText": "Spa",
        "price": "199",
        "travelText": "save",
        "hotelId": "64945",
        "marketText": "Stay 3 Nights & Save 30%",
        "isMemberExclusive": "0",
        "isPromocodeApplicable": "value"
    },
    "hotel-id#28": {
        "hotelNameOld": "South Pacific Plaza Broadbeach",
        "hotelName": "South Pacific Plaza Broadbeach",
        "hotelNameUtf8": "South Pacific Plaza Broadbeach",
        "countryName": "Australia",
        "countryCode": "AUS",
        "cityName": "Gold Coast",
        "thImgUrl": null,
        "blackOutDates": null,
        "currency": "AUD",
        "curySymbole": "$",
        "promoId": null,
        "shortMarketingText": "Stay 3 Nights & Save 20%",
        "reviewerScore": "60",
        "likes": "88%",
        "userRating": "4",
        "starRating": "4",
        "hotelType": null,
        "bestFor": null,
        "sortOrder": "1",
        "facilities": "Gym,Pool",
        "facilitiesText": "Spa",
        "price": "199",
        "travelText": "save",
        "hotelId": "320391",
        "marketText": "Stay 3 Nights & Save 20%",
        "isMemberExclusive": "0",
        "isPromocodeApplicable": "value"
    },
    "hotel-id#29": {
        "hotelNameOld": "South Pacific Plaza Broadbeach",
        "hotelName": "South Pacific Plaza Broadbeach",
        "hotelNameUtf8": "South Pacific Plaza Broadbeach",
        "countryName": "Australia",
        "countryCode": "AUS",
        "cityName": "Gold Coast",
        "thImgUrl": null,
        "blackOutDates": null,
        "currency": "AUD",
        "curySymbole": "$",
        "promoId": null,
        "shortMarketingText": "Book 28 Days In Advance, Stay 3 Nights & Save 10%",
        "reviewerScore": "60",
        "likes": "88%",
        "userRating": "4",
        "starRating": "4",
        "hotelType": null,
        "bestFor": null,
        "sortOrder": "1",
        "facilities": "Gym,Pool",
        "facilitiesText": "Spa",
        "price": "199",
        "travelText": "save",
        "hotelId": "320391",
        "marketText": "Book 28 Days In Advance, Stay 3 Nights & Save 10%",
        "isMemberExclusive": "0",
        "isPromocodeApplicable": "value"
    },
    "hotel-id#30": {
        "hotelNameOld": "Sunset Island Resort Gold Coast",
        "hotelName": "Sunset Island Resort Gold Coast",
        "hotelNameUtf8": "Sunset Island Resort Gold Coast",
        "countryName": "Australia",
        "countryCode": "AUS",
        "cityName": "Gold Coast",
        "thImgUrl": null,
        "blackOutDates": null,
        "currency": "AUD",
        "curySymbole": "$",
        "promoId": null,
        "shortMarketingText": "Stay 7 Nights & Pay Only 5",
        "reviewerScore": "60",
        "likes": "88%",
        "userRating": "4",
        "starRating": "4",
        "hotelType": null,
        "bestFor": null,
        "sortOrder": "1",
        "facilities": "Gym,Pool",
        "facilitiesText": "Spa",
        "price": "199",
        "travelText": "save",
        "hotelId": "566131",
        "marketText": "Stay 7 Nights & Pay Only 5",
        "isMemberExclusive": "0",
        "isPromocodeApplicable": "value"
    }
}