{"Australia, New Zealand Pacific":{"resignCode":"code1","nameUtf8":"Australia, New Zealand & Pacific","cities":{"Sydney":{"nameUtf8":"Sydney","code":"509","image":"http://www.globalopulence.com/wp-content/uploads/2015/02/opera_house.jpg"},"Melbourne":{"nameUtf8":"Melbourne","code":"1002","image":"http://www.melbourne.vic.gov.au/AboutCouncil/MediaCentre/MediaHiRes/PrincesBridge.jpg"},"Gold Coast":{"nameUtf8":"Gold Coast","code":"654","image":"http://www.mondolingua.it/wp-content/uploads/gold-coast-3.jpg"},"Cairns":{"nameUtf8":"Cairns","code":"662","image":"http://www.vroomvroomvroom.com.au/images/VroomCMS/ThalaBeachCairns.jpg"}}},"Asia":{"resignCode":"code1","nameUtf8":"Asia","cities":{"Bali":{"nameUtf8":"Bali","code":"51656","image":"http://d1vmp8zzttzftq.cloudfront.net/wp-content/uploads/2012/05/Tabanan-Bali-Traditional-Dances-Are-Performed-by-Local-Professional-Actors-1600x1066.jpg"},"Bangkok":{"nameUtf8":"Bangkok","code":"29307","image":"http://d1vmp8zzttzftq.cloudfront.net/wp-content/uploads/2013/03/sanphet-prasat-palace-ancient-city-bangkok-thailand-1600x1066.jpg"},"Hong Kong":{"nameUtf8":"Hong Kong","code":"29244","image":"http://www.fxweek.com/IMG/438/142438/hong-kong-dayjpg11.jpg"},"Beijing":{"nameUtf8":"Beijing","code":"26620","image":"http://cache-graphicslib.viator.com/graphicslib/destination/beijing-178215.jpg"},"Shanghai":{"nameUtf8":"Shanghai","code":"26611","image":"http://cdn.crccasia.com/files/Shanghai-Location2.jpg"}}},"Europe":{"resignCode":"code1","nameUtf8":"Europe","cities":{"London":{"nameUtf8":"London","code":"28874","image":"/n/themes/deals/images/backgrounds/London.jpg"},"Paris":{"nameUtf8":"Paris","code":"28242","image":"http://www.mrwallpaper.com/wallpapers/paris-sunset.jpg"},"Barcelona":{"nameUtf8":"Barcelona","code":"27640","image":"http://content.presspage.com/uploads/685/beauty-parc-guell-barcelona-wallpaper.jpg"},"Madrid":{"nameUtf8":"Madrid","code":"27674","image":"http://topwalls.net/wp-content/uploads/2013/05/Madrid-Spain.jpg"},"Rome":{"nameUtf8":"Rome","code":"29793","image":"http://www.dailyventure.com/media/highres/rome_coliseum.jpg"}}},"Americas":{"resignCode":"code1","nameUtf8":"Americas","cities":{"Buenos Aires":{"nameUtf8":"Buenos Aires","code":"232","image":"http://www.singledudetravel.com/wp-content/uploads/2012/06/Buenos-Aires.jpg"}," Rio de Janeiro ":{"nameUtf8":" Rio de Janeiro ","code":"1339","image":"https://images.booking-channel.com/synergy/HTL00213/images_public/HTL00213/rio/1500/riooo.jpg"}}}}