{"hotel-id#1":{"hotelNameOld":"Grand Hotel Wien Vienna","hotelName":"Grand Hotel Wien Vienna","hotelNameUtf8":"Grand Hotel Wien Vienna","countryName":"austria","countryCode":"AUU","cityName":"Vienna","thImgUrl":"http:\/\/www.tnetnoc.com\/hotelphotos\/967\/246967\/2241284-Moana-Surfrider-A-Westin-Resort-and-Spa-BarLounge-1-DEF.jpg","blackOutDates":"2016-01-01, 2016-01-02, 2016-01-03, 2016-01-04, 2016-01-05, 2016-01-06, 2016-01-07","currency":"USD","curySymbole":"$","promoId":"ZIL2Z1","shortMarketingText":"","reviewerScore":"43","likes":"88%","userRating":"4","starRating":"3","hotelType":"Boutique","bestFor":"Business, Couples, Friends","sortOrder":"1","facilities":"Gym,Pool,Etc","facilitiesText":"Free wifi, Brack fast included","price":"730","travelText":"test test","hotelId":"2500","marketText":"Get up to 20% off","isMemberExclusive":"true","isPromocodeApplicable":"value"},"hotel-id#2":{"hotelNameOld":"Grand Hotel Wien Vienna","hotelName":"Grand Hotel Wien Vienna","hotelNameUtf8":"Grand Hotel Wien Vienna","countryName":"austria","countryCode":"AUU","cityName":"Vienna","thImgUrl":"http:\/\/www.tnetnoc.com\/hotelphotos\/967\/246967\/2241284-Moana-Surfrider-A-Westin-Resort-and-Spa-BarLounge-1-DEF.jpg","blackOutDates":"2016-01-01, 2016-01-02, 2016-01-03, 2016-01-04, 2016-01-05, 2016-01-06, 2016-01-07","currency":"USD","curySymbole":"$","promoId":"ZIL2Z1","shortMarketingText":"","reviewerScore":"43","likes":"88%","userRating":"4","starRating":"3","hotelType":"Boutique","bestFor":"Business, Couples, Friends","sortOrder":"1","facilities":"Gym,Pool,Etc","facilitiesText":"Free wifi, Brack fast included","price":"73","travelText":"test test","hotelId":"2500","marketText":"Get up to 20% off","isMemberExclusive":"false","isPromocodeApplicable":"value"},"hotel-id#3":{"hotelNameOld":"Grand Hotel Wien Vienna","hotelName":"Grand Hotel Wien Vienna","hotelNameUtf8":"Grand Hotel Wien Vienna","countryName":"austria","countryCode":"AUU","cityName":"Vienna","thImgUrl":"http:\/\/www.tnetnoc.com\/hotelphotos\/967\/246967\/2241284-Moana-Surfrider-A-Westin-Resort-and-Spa-BarLounge-1-DEF.jpg","blackOutDates":"2016-01-01, 2016-01-02, 2016-01-03, 2016-01-04, 2016-01-05, 2016-01-06, 2016-01-07","currency":"USD","curySymbole":"$","promoId":"ZIL2Z1","shortMarketingText":"","reviewerScore":"43","likes":"88%","userRating":"4","starRating":"3","hotelType":"Boutique","bestFor":"Business, Couples, Friends","sortOrder":"1","facilities":"Gym,Pool,Etc","facilitiesText":"Free wifi, Brack fast included","price":"76","travelText":"test test","hotelId":"2500","marketText":"Get up to 20% off","isMemberExclusive":"true","isPromocodeApplicable":"value"},"hotel-id#4":{"hotelNameOld":"Grand Hotel Wien Vienna","hotelName":"Grand Hotel Wien Vienna","hotelNameUtf8":"Grand Hotel Wien Vienna","countryName":"austria","countryCode":"AUU","cityName":"Vienna","thImgUrl":"http:\/\/www.tnetnoc.com\/hotelphotos\/967\/246967\/2241284-Moana-Surfrider-A-Westin-Resort-and-Spa-BarLounge-1-DEF.jpg","blackOutDates":"2016-01-01, 2016-01-02, 2016-01-03, 2016-01-04, 2016-01-05, 2016-01-06, 2016-01-07","currency":"USD","curySymbole":"$","promoId":"ZIL2Z1","shortMarketingText":"","reviewerScore":"43","likes":"88%","userRating":"4","starRating":"3","hotelType":"Boutique","bestFor":"Business, Couples, Friends","sortOrder":"1","facilities":"Gym,Pool,Etc","facilitiesText":"Free wifi, Brack fast included","price":"985","travelText":"test test","hotelId":"2500","marketText":"Get up to 20% off","isMemberExclusive":"value","isPromocodeApplicable":"value"},"hotel-id#5":{"hotelNameOld":"Grand Hotel Wien Vienna","hotelName":"Grand Hotel Wien Vienna","hotelNameUtf8":"Grand Hotel Wien Vienna","countryName":"austria","countryCode":"AUU","cityName":"Vienna","thImgUrl":"http:\/\/www.tnetnoc.com\/hotelphotos\/967\/246967\/2241284-Moana-Surfrider-A-Westin-Resort-and-Spa-BarLounge-1-DEF.jpg","blackOutDates":"2016-01-01, 2016-01-02, 2016-01-03, 2016-01-04, 2016-01-05, 2016-01-06, 2016-01-07","currency":"USD","curySymbole":"$","promoId":"ZIL2Z1","shortMarketingText":"","reviewerScore":"43","likes":"88%","userRating":"4","starRating":"3","hotelType":"Boutique","bestFor":"Business, Couples, Friends","sortOrder":"1","facilities":"Gym,Pool,Etc","facilitiesText":"Free wifi, Brack fast included","price":"75","travelText":"test test","hotelId":"2500","marketText":"Get up to 20% off","isMemberExclusive":"true","isPromocodeApplicable":"value"},"hotel-id#6":{"hotelNameOld":"Grand Hotel Wien Vienna","hotelName":"Grand Hotel Wien Vienna","hotelNameUtf8":"Grand Hotel Wien Vienna","countryName":"austria","countryCode":"AUU","cityName":"Vienna","thImgUrl":"http:\/\/www.tnetnoc.com\/hotelphotos\/967\/246967\/2241284-Moana-Surfrider-A-Westin-Resort-and-Spa-BarLounge-1-DEF.jpg","blackOutDates":"2016-01-01, 2016-01-02, 2016-01-03, 2016-01-04, 2016-01-05, 2016-01-06, 2016-01-07","currency":"USD","curySymbole":"$","promoId":"ZIL2Z1","shortMarketingText":"","reviewerScore":"43","likes":"88%","userRating":"4","starRating":"3","hotelType":"Boutique","bestFor":"Business, Couples, Friends","sortOrder":"1","facilities":"Gym,Pool,Etc","facilitiesText":"Free wifi, Brack fast included","price":"280","travelText":"test test","hotelId":"2500","marketText":"Get up to 20% off","isMemberExclusive":"true","isPromocodeApplicable":"value"},"hotel-id#7":{"hotelNameOld":"Grand Hotel Wien Vienna","hotelName":"Grand Hotel Wien Vienna","hotelNameUtf8":"Grand Hotel Wien Vienna","countryName":"austria","countryCode":"AUU","cityName":"Vienna","thImgUrl":"http:\/\/www.tnetnoc.com\/hotelphotos\/967\/246967\/2241284-Moana-Surfrider-A-Westin-Resort-and-Spa-BarLounge-1-DEF.jpg","blackOutDates":"2016-01-01, 2016-01-02, 2016-01-03, 2016-01-04, 2016-01-05, 2016-01-06, 2016-01-07","currency":"USD","curySymbole":"$","promoId":"ZIL2Z1","shortMarketingText":"","reviewerScore":"43","likes":"88%","userRating":"4","starRating":"3","hotelType":"Boutique","bestFor":"Business, Couples, Friends","sortOrder":"1","facilities":"Gym,Pool,Etc","facilitiesText":"Free wifi, Brack fast included","price":"120","travelText":"test test","hotelId":"2500","marketText":"Get up to 20% off","isMemberExclusive":"value","isPromocodeApplicable":"value"},"hotel-id#8":{"hotelNameOld":"Grand Hotel Wien Vienna","hotelName":"Grand Hotel Wien Vienna","hotelNameUtf8":"Grand Hotel Wien Vienna","countryName":"austria","countryCode":"AUU","cityName":"Vienna","thImgUrl":"http:\/\/www.tnetnoc.com\/hotelphotos\/967\/246967\/2241284-Moana-Surfrider-A-Westin-Resort-and-Spa-BarLounge-1-DEF.jpg","blackOutDates":"2016-01-01, 2016-01-02, 2016-01-03, 2016-01-04, 2016-01-05, 2016-01-06, 2016-01-07","currency":"USD","curySymbole":"$","promoId":"ZIL2Z1","shortMarketingText":"","reviewerScore":"43","likes":"88%","userRating":"4","starRating":"3","hotelType":"Boutique","bestFor":"Business, Couples, Friends","sortOrder":"1","facilities":"Gym,Pool,Etc","facilitiesText":"Free wifi, Brack fast included","price":"630","travelText":"test test","hotelId":"2500","marketText":"Get up to 20% off","isMemberExclusive":"value","isPromocodeApplicable":"value"},"hotel-id#9":{"hotelNameOld":"Grand Hotel Wien Vienna","hotelName":"Grand Hotel Wien Vienna","hotelNameUtf8":"Grand Hotel Wien Vienna","countryName":"austria","countryCode":"AUU","cityName":"Vienna","thImgUrl":"http:\/\/www.tnetnoc.com\/hotelphotos\/967\/246967\/2241284-Moana-Surfrider-A-Westin-Resort-and-Spa-BarLounge-1-DEF.jpg","blackOutDates":"2016-01-01, 2016-01-02, 2016-01-03, 2016-01-04, 2016-01-05, 2016-01-06, 2016-01-07","currency":"USD","curySymbole":"$","promoId":"ZIL2Z1","shortMarketingText":"","reviewerScore":"43","likes":"88%","userRating":"4","starRating":"3","hotelType":"Boutique","bestFor":"Business, Couples, Friends","sortOrder":"1","facilities":"Gym,Pool,Etc","facilitiesText":"Free wifi, Brack fast included","price":"720","travelText":"test test","hotelId":"2500","marketText":"Get up to 20% off","isMemberExclusive":"value","isPromocodeApplicable":"value"},"hotel-id#10":{"hotelNameOld":"Grand Hotel Wien Vienna","hotelName":"Grand Hotel Wien Vienna","hotelNameUtf8":"Grand Hotel Wien Vienna","countryName":"austria","countryCode":"AUU","cityName":"Vienna","thImgUrl":"http:\/\/www.tnetnoc.com\/hotelphotos\/967\/246967\/2241284-Moana-Surfrider-A-Westin-Resort-and-Spa-BarLounge-1-DEF.jpg","blackOutDates":"2016-01-01, 2016-01-02, 2016-01-03, 2016-01-04, 2016-01-05, 2016-01-06, 2016-01-07","currency":"USD","curySymbole":"$","promoId":"ZIL2Z1","shortMarketingText":"","reviewerScore":"43","likes":"88%","userRating":"4","starRating":"3","hotelType":"Boutique","bestFor":"Business, Couples, Friends","sortOrder":"1","facilities":"Gym,Pool,Etc","facilitiesText":"Free wifi, Brack fast included","price":"40","travelText":"test test","hotelId":"2500","marketText":"Get up to 20% off","isMemberExclusive":"true","isPromocodeApplicable":"value"},"hotel-id#11":{"hotelNameOld":"Grand Hotel Wien Vienna","hotelName":"Grand Hotel Wien Vienna","hotelNameUtf8":"Grand Hotel Wien Vienna","countryName":"austria","countryCode":"AUU","cityName":"Vienna","thImgUrl":"http:\/\/www.tnetnoc.com\/hotelphotos\/967\/246967\/2241284-Moana-Surfrider-A-Westin-Resort-and-Spa-BarLounge-1-DEF.jpg","blackOutDates":"2016-01-01, 2016-01-02, 2016-01-03, 2016-01-04, 2016-01-05, 2016-01-06, 2016-01-07","currency":"USD","curySymbole":"$","promoId":"ZIL2Z1","shortMarketingText":"","reviewerScore":"43","likes":"88%","userRating":"4","starRating":"3","hotelType":"Boutique","bestFor":"Business, Couples, Friends","sortOrder":"1","facilities":"Gym,Pool,Etc","facilitiesText":"Free wifi, Brack fast included","price":"583","travelText":"test test","hotelId":"2500","marketText":"Get up to 20% off","isMemberExclusive":"true","isPromocodeApplicable":"value"},"hotel-id#12":{"hotelNameOld":"Grand Hotel Wien Vienna","hotelName":"Grand Hotel Wien Vienna","hotelNameUtf8":"Grand Hotel Wien Vienna","countryName":"austria","countryCode":"AUU","cityName":"Vienna","thImgUrl":"http:\/\/www.tnetnoc.com\/hotelphotos\/967\/246967\/2241284-Moana-Surfrider-A-Westin-Resort-and-Spa-BarLounge-1-DEF.jpg","blackOutDates":"2016-01-01, 2016-01-02, 2016-01-03, 2016-01-04, 2016-01-05, 2016-01-06, 2016-01-07","currency":"USD","curySymbole":"$","promoId":"ZIL2Z1","shortMarketingText":"","reviewerScore":"43","likes":"88%","userRating":"4","starRating":"3","hotelType":"Boutique","bestFor":"Business, Couples, Friends","sortOrder":"1","facilities":"Gym,Pool,Etc","facilitiesText":"Free wifi, Brack fast included","price":"456","travelText":"test test","hotelId":"2500","marketText":"Get up to 20% off","isMemberExclusive":"value","isPromocodeApplicable":"value"},"hotel-id#13":{"hotelNameOld":"Grand Hotel Wien Vienna","hotelName":"Grand Hotel Wien Vienna","hotelNameUtf8":"Grand Hotel Wien Vienna","countryName":"austria","countryCode":"AUU","cityName":"Vienna","thImgUrl":"http:\/\/www.tnetnoc.com\/hotelphotos\/967\/246967\/2241284-Moana-Surfrider-A-Westin-Resort-and-Spa-BarLounge-1-DEF.jpg","blackOutDates":"2016-01-01, 2016-01-02, 2016-01-03, 2016-01-04, 2016-01-05, 2016-01-06, 2016-01-07","currency":"USD","curySymbole":"$","promoId":"ZIL2Z1","shortMarketingText":"","reviewerScore":"43","likes":"88%","userRating":"4","starRating":"3","hotelType":"Boutique","bestFor":"Business, Couples, Friends","sortOrder":"1","facilities":"Gym,Pool,Etc","facilitiesText":"Free wifi, Brack fast included","price":"763","travelText":"test test","hotelId":"2500","marketText":"Get up to 20% off","isMemberExclusive":"value","isPromocodeApplicable":"value"},"hotel-id#14":{"hotelNameOld":"Grand Hotel Wien Vienna","hotelName":"Grand Hotel Wien Vienna","hotelNameUtf8":"Grand Hotel Wien Vienna","countryName":"austria","countryCode":"AUU","cityName":"Vienna","thImgUrl":"http:\/\/www.tnetnoc.com\/hotelphotos\/967\/246967\/2241284-Moana-Surfrider-A-Westin-Resort-and-Spa-BarLounge-1-DEF.jpg","blackOutDates":"2016-01-01, 2016-01-02, 2016-01-03, 2016-01-04, 2016-01-05, 2016-01-06, 2016-01-07","currency":"USD","curySymbole":"$","promoId":"ZIL2Z1","shortMarketingText":"","reviewerScore":"43","likes":"88%","userRating":"4","starRating":"3","hotelType":"Boutique","bestFor":"Business, Couples, Friends","sortOrder":"1","facilities":"Gym,Pool,Etc","facilitiesText":"Free wifi, Brack fast included","price":"963","travelText":"test test","hotelId":"2500","marketText":"Get up to 20% off","isMemberExclusive":"value","isPromocodeApplicable":"value"},"hotel-id#15":{"hotelNameOld":"Grand Hotel Wien Vienna","hotelName":"Grand Hotel Wien Vienna","hotelNameUtf8":"Grand Hotel Wien Vienna","countryName":"austria","countryCode":"AUU","cityName":"Vienna","thImgUrl":"http:\/\/www.tnetnoc.com\/hotelphotos\/967\/246967\/2241284-Moana-Surfrider-A-Westin-Resort-and-Spa-BarLounge-1-DEF.jpg","blackOutDates":"2016-01-01, 2016-01-02, 2016-01-03, 2016-01-04, 2016-01-05, 2016-01-06, 2016-01-07","currency":"USD","curySymbole":"$","promoId":"ZIL2Z1","shortMarketingText":"","reviewerScore":"43","likes":"88%","userRating":"4","starRating":"3","hotelType":"Boutique","bestFor":"Business, Couples, Friends","sortOrder":"1","facilities":"Gym,Pool,Etc","facilitiesText":"Free wifi, Brack fast included","price":"745","travelText":"test test","hotelId":"2500","marketText":"Get up to 20% off","isMemberExclusive":"true","isPromocodeApplicable":"value"},"hotel-id#16":{"hotelNameOld":"Grand Hotel Wien Vienna","hotelName":"Grand Hotel Wien Vienna","hotelNameUtf8":"Grand Hotel Wien Vienna","countryName":"austria","countryCode":"AUU","cityName":"Vienna","thImgUrl":"http:\/\/www.tnetnoc.com\/hotelphotos\/967\/246967\/2241284-Moana-Surfrider-A-Westin-Resort-and-Spa-BarLounge-1-DEF.jpg","blackOutDates":"2016-01-01, 2016-01-02, 2016-01-03, 2016-01-04, 2016-01-05, 2016-01-06, 2016-01-07","currency":"USD","curySymbole":"$","promoId":"ZIL2Z1","shortMarketingText":"","reviewerScore":"43","likes":"88%","userRating":"4","starRating":"3","hotelType":"Boutique","bestFor":"Business, Couples, Friends","sortOrder":"1","facilities":"Gym,Pool,Etc","facilitiesText":"Free wifi, Brack fast included","price":"123","travelText":"test test","hotelId":"2500","marketText":"Get up to 20% off","isMemberExclusive":"value","isPromocodeApplicable":"value"},"hotel-id#17":{"hotelNameOld":"Grand Hotel Wien Vienna","hotelName":"Grand Hotel Wien Vienna","hotelNameUtf8":"Grand Hotel Wien Vienna","countryName":"austria","countryCode":"AUU","cityName":"Vienna","thImgUrl":"http:\/\/www.tnetnoc.com\/hotelphotos\/967\/246967\/2241284-Moana-Surfrider-A-Westin-Resort-and-Spa-BarLounge-1-DEF.jpg","blackOutDates":"2016-01-01, 2016-01-02, 2016-01-03, 2016-01-04, 2016-01-05, 2016-01-06, 2016-01-07","currency":"USD","curySymbole":"$","promoId":"ZIL2Z1","shortMarketingText":"","reviewerScore":"43","likes":"88%","userRating":"4","starRating":"3","hotelType":"Boutique","bestFor":"Business, Couples, Friends","sortOrder":"1","facilities":"Gym,Pool,Etc","facilitiesText":"Free wifi, Brack fast included","price":"500","travelText":"test test","hotelId":"2500","marketText":"Get up to 20% off","isMemberExclusive":"value","isPromocodeApplicable":"value"}}