{"hotel-id#1":{"hotelNameOld":"Vibe Hotel Gold Coast","hotelName":"Vibe Hotel Gold Coast","hotelNameUtf8":"Vibe Hotel Gold Coast","countryName":"Australia","countryCode":"AUS","cityName":"Gold Coast","thImgUrl":null,"blackOutDates":null,"currency":"AUD","curySymbole":"$","promoId":null,"shortMarketingText":"Stay 2 Nights & Save 15%","reviewerScore":"60","likes":"88%","userRating":"5","starRating":"5","hotelType":null,"bestFor":null,"sortOrder":"1","facilities":"Gym,Pool","facilitiesText":"Spa","price":"199","travelText":"save","hotelId":"319533","marketText":"Stay 2 Nights & Save 15%","isMemberExclusive":"0","isPromocodeApplicable":"value"},"hotel-id#2":{"hotelNameOld":"Jupiters Hotel and Casino Gold Coast","hotelName":"Jupiters Hotel and Casino Gold Coast","hotelNameUtf8":"Jupiters Hotel and Casino Gold Coast","countryName":"Australia","countryCode":"AUS","cityName":"Gold Coast","thImgUrl":null,"blackOutDates":null,"currency":"AUD","curySymbole":"$","promoId":null,"shortMarketingText":"Members Only! Stay 2 Nights & Save 20% + FREE WiFi","reviewerScore":"60","likes":"88%","userRating":"5","starRating":"5","hotelType":null,"bestFor":null,"sortOrder":"1","facilities":"Gym,Pool","facilitiesText":"Spa","price":"199","travelText":"save","hotelId":"316563","marketText":"Members Only! Stay 2 Nights & Save 20% + FREE WiFi","isMemberExclusive":"1","isPromocodeApplicable":"value"},"hotel-id#3":{"hotelNameOld":"Islander Resort Hotel Gold Coast","hotelName":"Islander Resort Hotel Gold Coast","hotelNameUtf8":"Islander Resort Hotel Gold Coast","countryName":"Australia","countryCode":"AUS","cityName":"Gold Coast","thImgUrl":null,"blackOutDates":null,"currency":"AUD","curySymbole":"$","promoId":null,"shortMarketingText":"Members Only! Stay 3 Nights & Save 20%","reviewerScore":"60","likes":"88%","userRating":"3","starRating":"3","hotelType":null,"bestFor":null,"sortOrder":"1","facilities":"Gym,Pool","facilitiesText":"Spa","price":"199","travelText":"save","hotelId":"317258","marketText":"Members Only! Stay 3 Nights & Save 20%","isMemberExclusive":"1","isPromocodeApplicable":"value"},"hotel-id#4":{"hotelNameOld":"Beachcomber Resort Surfers Paradise","hotelName":"Beachcomber Resort Surfers Paradise","hotelNameUtf8":"Beachcomber Resort Surfers Paradise","countryName":"Australia","countryCode":"AUS","cityName":"Gold Coast","thImgUrl":null,"blackOutDates":null,"currency":"AUD","curySymbole":"$","promoId":null,"shortMarketingText":"Book 30 Days in Advance & Save 20%","reviewerScore":"60","likes":"88%","userRating":"3","starRating":"3","hotelType":null,"bestFor":null,"sortOrder":"1","facilities":"Gym,Pool","facilitiesText":"Spa","price":"199","travelText":"save","hotelId":"241430","marketText":"Book 30 Days in Advance & Save 20%","isMemberExclusive":"0","isPromocodeApplicable":"value"},"hotel-id#5":{"hotelNameOld":"Beachcomber Resort Surfers Paradise","hotelName":"Beachcomber Resort Surfers Paradise","hotelNameUtf8":"Beachcomber Resort Surfers Paradise","countryName":"Australia","countryCode":"AUS","cityName":"Gold Coast","thImgUrl":null,"blackOutDates":null,"currency":"AUD","curySymbole":"$","promoId":null,"shortMarketingText":"Members Only! Stay 3 Nights & Save 45%","reviewerScore":"60","likes":"88%","userRating":"3","starRating":"3","hotelType":null,"bestFor":null,"sortOrder":"1","facilities":"Gym,Pool","facilitiesText":"Spa","price":"199","travelText":"save","hotelId":"241430","marketText":"Members Only! Stay 3 Nights & Save 45%","isMemberExclusive":"1","isPromocodeApplicable":"value"},"hotel-id#6":{"hotelNameOld":"Beachcomber Resort Surfers Paradise","hotelName":"Beachcomber Resort Surfers Paradise","hotelNameUtf8":"Beachcomber Resort Surfers Paradise","countryName":"Australia","countryCode":"AUS","cityName":"Gold Coast","thImgUrl":null,"blackOutDates":null,"currency":"AUD","curySymbole":"$","promoId":null,"shortMarketingText":"Stay 5 Nights & Save 40%","reviewerScore":"60","likes":"88%","userRating":"3","starRating":"3","hotelType":null,"bestFor":null,"sortOrder":"1","facilities":"Gym,Pool","facilitiesText":"Spa","price":"199","travelText":"save","hotelId":"241430","marketText":"Stay 5 Nights & Save 40%","isMemberExclusive":"0","isPromocodeApplicable":"value"},"hotel-id#7":{"hotelNameOld":"Palazzo Versace Hotel Gold Coast","hotelName":"Palazzo Versace Hotel Gold Coast","hotelNameUtf8":"Palazzo Versace Hotel Gold Coast","countryName":"Australia","countryCode":"AUS","cityName":"Gold Coast","thImgUrl":null,"blackOutDates":null,"currency":"AUD","curySymbole":"$","promoId":null,"shortMarketingText":"Stay 5 Nights & Save 20%","reviewerScore":"60","likes":"88%","userRating":"5","starRating":"5","hotelType":null,"bestFor":null,"sortOrder":"1","facilities":"Gym,Pool","facilitiesText":"Spa","price":"199","travelText":"save","hotelId":"200312","marketText":"Stay 5 Nights & Save 20%","isMemberExclusive":"0","isPromocodeApplicable":"value"},"hotel-id#8":{"hotelNameOld":"Palazzo Versace Hotel Gold Coast","hotelName":"Palazzo Versace Hotel Gold Coast","hotelNameUtf8":"Palazzo Versace Hotel Gold Coast","countryName":"Australia","countryCode":"AUS","cityName":"Gold Coast","thImgUrl":null,"blackOutDates":null,"currency":"AUD","curySymbole":"$","promoId":null,"shortMarketingText":"Book 14 Days In Advance & Save 10%","reviewerScore":"60","likes":"88%","userRating":"5","starRating":"5","hotelType":null,"bestFor":null,"sortOrder":"1","facilities":"Gym,Pool","facilitiesText":"Spa","price":"199","travelText":"save","hotelId":"200312","marketText":"Book 14 Days In Advance & Save 10%","isMemberExclusive":"0","isPromocodeApplicable":"value"},"hotel-id#9":{"hotelNameOld":"Sofitel Gold Coast Broadbeach Hotel","hotelName":"Sofitel Gold Coast Broadbeach Hotel","hotelNameUtf8":"Sofitel Gold Coast Broadbeach Hotel","countryName":"Australia","countryCode":"AUS","cityName":"Gold Coast","thImgUrl":null,"blackOutDates":null,"currency":"AUD","curySymbole":"$","promoId":null,"shortMarketingText":"Save 30% on your stay","reviewerScore":"60","likes":"88%","userRating":"5","starRating":"5","hotelType":null,"bestFor":null,"sortOrder":"1","facilities":"Gym,Pool","facilitiesText":"Spa","price":"199","travelText":"save","hotelId":"91823","marketText":"Save 30% on your stay","isMemberExclusive":"0","isPromocodeApplicable":"value"},"hotel-id#10":{"hotelNameOld":"Sofitel Gold Coast Broadbeach Hotel","hotelName":"Sofitel Gold Coast Broadbeach Hotel","hotelNameUtf8":"Sofitel Gold Coast Broadbeach Hotel","countryName":"Australia","countryCode":"AUS","cityName":"Gold Coast","thImgUrl":null,"blackOutDates":null,"currency":"AUD","curySymbole":"$","promoId":null,"shortMarketingText":"Save 25% on your stay","reviewerScore":"60","likes":"88%","userRating":"5","starRating":"5","hotelType":null,"bestFor":null,"sortOrder":"1","facilities":"Gym,Pool","facilitiesText":"Spa","price":"199","travelText":"save","hotelId":"91823","marketText":"Save 25% on your stay","isMemberExclusive":"0","isPromocodeApplicable":"value"},"hotel-id#11":{"hotelNameOld":"Watermark Hotel and Spa Gold Coast","hotelName":"Watermark Hotel and Spa Gold Coast","hotelNameUtf8":"Watermark Hotel and Spa Gold Coast","countryName":"Australia","countryCode":"AUS","cityName":"Gold Coast","thImgUrl":null,"blackOutDates":null,"currency":"AUD","curySymbole":"$","promoId":null,"shortMarketingText":"Members Only! Stay 2 Nights & Save 15%","reviewerScore":"60","likes":"88%","userRating":"4","starRating":"4","hotelType":null,"bestFor":null,"sortOrder":"1","facilities":"Gym,Pool","facilitiesText":"Spa","price":"199","travelText":"save","hotelId":"315496","marketText":"Members Only! Stay 2 Nights & Save 15%","isMemberExclusive":"1","isPromocodeApplicable":"value"},"hotel-id#12":{"hotelNameOld":"Watermark Hotel and Spa Gold Coast","hotelName":"Watermark Hotel and Spa Gold Coast","hotelNameUtf8":"Watermark Hotel and Spa Gold Coast","countryName":"Australia","countryCode":"AUS","cityName":"Gold Coast","thImgUrl":null,"blackOutDates":null,"currency":"AUD","curySymbole":"$","promoId":null,"shortMarketingText":"Book 28 Days In Advance, Stay 2 Nights & Save 15%","reviewerScore":"60","likes":"88%","userRating":"4","starRating":"4","hotelType":null,"bestFor":null,"sortOrder":"1","facilities":"Gym,Pool","facilitiesText":"Spa","price":"199","travelText":"save","hotelId":"315496","marketText":"Book 28 Days In Advance, Stay 2 Nights & Save 15%","isMemberExclusive":"0","isPromocodeApplicable":"value"},"hotel-id#13":{"hotelNameOld":"Belle Maison Apartments Broadbeach","hotelName":"Belle Maison Apartments Broadbeach","hotelNameUtf8":"Belle Maison Apartments Broadbeach","countryName":"Australia","countryCode":"AUS","cityName":"Gold Coast","thImgUrl":null,"blackOutDates":null,"currency":"AUD","curySymbole":"$","promoId":null,"shortMarketingText":"Stay 3 Nights & Save 20%","reviewerScore":"60","likes":"88%","userRating":"5","starRating":"5","hotelType":null,"bestFor":null,"sortOrder":"1","facilities":"Gym,Pool","facilitiesText":"Spa","price":"199","travelText":"save","hotelId":"359721","marketText":"Stay 3 Nights & Save 20%","isMemberExclusive":"0","isPromocodeApplicable":"value"},"hotel-id#14":{"hotelNameOld":"Surfers Beachside Apartments Gold Coast","hotelName":"Surfers Beachside Apartments Gold Coast","hotelNameUtf8":"Surfers Beachside Apartments Gold Coast","countryName":"Australia","countryCode":"AUS","cityName":"Gold Coast","thImgUrl":null,"blackOutDates":null,"currency":"AUD","curySymbole":"$","promoId":null,"shortMarketingText":"Stay 3 Nights & Save 20%","reviewerScore":"60","likes":"88%","userRating":"4","starRating":"4","hotelType":null,"bestFor":null,"sortOrder":"1","facilities":"Gym,Pool","facilitiesText":"Spa","price":"199","travelText":"save","hotelId":"318338","marketText":"Stay 3 Nights & Save 20%","isMemberExclusive":"0","isPromocodeApplicable":"value"},"hotel-id#15":{"hotelNameOld":"Marina Quays International","hotelName":"Marina Quays International","hotelNameUtf8":"Marina Quays International","countryName":"Australia","countryCode":"AUS","cityName":"Gold Coast","thImgUrl":null,"blackOutDates":null,"currency":"AUD","curySymbole":"$","promoId":null,"shortMarketingText":"Members Only! Stay & Save 5%","reviewerScore":"60","likes":"88%","userRating":"4","starRating":"4","hotelType":null,"bestFor":null,"sortOrder":"1","facilities":"Gym,Pool","facilitiesText":"Spa","price":"199","travelText":"save","hotelId":"322694","marketText":"Members Only! Stay & Save 5%","isMemberExclusive":"1","isPromocodeApplicable":"value"},"hotel-id#16":{"hotelNameOld":"Oaks Calypso Plaza Suites Coolangatta","hotelName":"Oaks Calypso Plaza Suites Coolangatta","hotelNameUtf8":"Oaks Calypso Plaza Suites Coolangatta","countryName":"Australia","countryCode":"AUS","cityName":"Gold Coast","thImgUrl":null,"blackOutDates":null,"currency":"AUD","curySymbole":"$","promoId":null,"shortMarketingText":"Stay 3 Nights & Save 10%","reviewerScore":"60","likes":"88%","userRating":"5","starRating":"5","hotelType":null,"bestFor":null,"sortOrder":"1","facilities":"Gym,Pool","facilitiesText":"Spa","price":"199","travelText":"save","hotelId":"322238","marketText":"Stay 3 Nights & Save 10%","isMemberExclusive":"0","isPromocodeApplicable":"value"},"hotel-id#17":{"hotelNameOld":"Phoenician Resort Broadbeach","hotelName":"Phoenician Resort Broadbeach","hotelNameUtf8":"Phoenician Resort Broadbeach","countryName":"Australia","countryCode":"AUS","cityName":"Gold Coast","thImgUrl":null,"blackOutDates":null,"currency":"AUD","curySymbole":"$","promoId":null,"shortMarketingText":"Members Only! Stay 3 Nights & Save 10%","reviewerScore":"60","likes":"88%","userRating":"5","starRating":"5","hotelType":null,"bestFor":null,"sortOrder":"1","facilities":"Gym,Pool","facilitiesText":"Spa","price":"199","travelText":"save","hotelId":"322175","marketText":"Members Only! Stay 3 Nights & Save 10%","isMemberExclusive":"0","isPromocodeApplicable":"value"},"hotel-id#18":{"hotelNameOld":"Palazzo Colonnades Gold Coast","hotelName":"Palazzo Colonnades Gold Coast","hotelNameUtf8":"Palazzo Colonnades Gold Coast","countryName":"Australia","countryCode":"AUS","cityName":"Gold Coast","thImgUrl":null,"blackOutDates":null,"currency":"AUD","curySymbole":"$","promoId":null,"shortMarketingText":"Stay 5 Nights & Save 20%","reviewerScore":"60","likes":"88%","userRating":"4","starRating":"4","hotelType":null,"bestFor":null,"sortOrder":"1","facilities":"Gym,Pool","facilitiesText":"Spa","price":"199","travelText":"save","hotelId":"240824","marketText":"Stay 5 Nights & Save 20%","isMemberExclusive":"0","isPromocodeApplicable":"value"},"hotel-id#19":{"hotelNameOld":"Grosvenor Beachfront Apartments Gold Coast","hotelName":"Grosvenor Beachfront Apartments Gold Coast","hotelNameUtf8":"Grosvenor Beachfront Apartments Gold Coast","countryName":"Australia","countryCode":"AUS","cityName":"Gold Coast","thImgUrl":null,"blackOutDates":null,"currency":"AUD","curySymbole":"$","promoId":null,"shortMarketingText":"Members Only! Stay 3 Nights & Save 10%","reviewerScore":"60","likes":"88%","userRating":"4","starRating":"4","hotelType":null,"bestFor":null,"sortOrder":"1","facilities":"Gym,Pool","facilitiesText":"Spa","price":"199","travelText":"save","hotelId":"382421","marketText":"Members Only! Stay 3 Nights & Save 10%","isMemberExclusive":"1","isPromocodeApplicable":"value"},"hotel-id#20":{"hotelNameOld":"Surfers Century Oceanside Apartments Gold Coast","hotelName":"Surfers Century Oceanside Apartments Gold Coast","hotelNameUtf8":"Surfers Century Oceanside Apartments Gold Coast","countryName":"Australia","countryCode":"AUS","cityName":"Gold Coast","thImgUrl":null,"blackOutDates":null,"currency":"AUD","curySymbole":"$","promoId":null,"shortMarketingText":"Members Only! Stay 5 Nights & Save 10%","reviewerScore":"60","likes":"88%","userRating":"4","starRating":"4","hotelType":null,"bestFor":null,"sortOrder":"1","facilities":"Gym,Pool","facilitiesText":"Spa","price":"199","travelText":"save","hotelId":"318349","marketText":"Members Only! Stay 5 Nights & Save 10%","isMemberExclusive":"1","isPromocodeApplicable":"value"},"hotel-id#21":{"hotelNameOld":"Surfers Century Oceanside Apartments Gold Coast","hotelName":"Surfers Century Oceanside Apartments Gold Coast","hotelNameUtf8":"Surfers Century Oceanside Apartments Gold Coast","countryName":"Australia","countryCode":"AUS","cityName":"Gold Coast","thImgUrl":null,"blackOutDates":null,"currency":"AUD","curySymbole":"$","promoId":null,"shortMarketingText":"Book 14 Days In Advance, Stay 7 Nights & Save 10%","reviewerScore":"60","likes":"88%","userRating":"4","starRating":"4","hotelType":null,"bestFor":null,"sortOrder":"1","facilities":"Gym,Pool","facilitiesText":"Spa","price":"199","travelText":"save","hotelId":"318349","marketText":"Book 14 Days In Advance, Stay 7 Nights & Save 10%","isMemberExclusive":"0","isPromocodeApplicable":"value"},"hotel-id#22":{"hotelNameOld":"Maldives Resort Gold Coast","hotelName":"Maldives Resort Gold Coast","hotelNameUtf8":"Maldives Resort Gold Coast","countryName":"Australia","countryCode":"AUS","cityName":"Gold Coast","thImgUrl":null,"blackOutDates":null,"currency":"AUD","curySymbole":"$","promoId":null,"shortMarketingText":"Members Only! Stay 4 Nights & Save 10%","reviewerScore":"60","likes":"88%","userRating":"3","starRating":"3","hotelType":null,"bestFor":null,"sortOrder":"1","facilities":"Gym,Pool","facilitiesText":"Spa","price":"199","travelText":"save","hotelId":"564471","marketText":"Members Only! Stay 4 Nights & Save 10%","isMemberExclusive":"1","isPromocodeApplicable":"value"},"hotel-id#23":{"hotelNameOld":"Pacific Views Resort Gold Coast","hotelName":"Pacific Views Resort Gold Coast","hotelNameUtf8":"Pacific Views Resort Gold Coast","countryName":"Australia","countryCode":"AUS","cityName":"Gold Coast","thImgUrl":null,"blackOutDates":null,"currency":"AUD","curySymbole":"$","promoId":null,"shortMarketingText":"Stay 5 Nights & Save 17%","reviewerScore":"60","likes":"88%","userRating":"4","starRating":"4","hotelType":null,"bestFor":null,"sortOrder":"1","facilities":"Gym,Pool","facilitiesText":"Spa","price":"199","travelText":"save","hotelId":"332921","marketText":"Stay 5 Nights & Save 17%","isMemberExclusive":"0","isPromocodeApplicable":"value"},"hotel-id#24":{"hotelNameOld":"Pacific Views Resort Gold Coast","hotelName":"Pacific Views Resort Gold Coast","hotelNameUtf8":"Pacific Views Resort Gold Coast","countryName":"Australia","countryCode":"AUS","cityName":"Gold Coast","thImgUrl":null,"blackOutDates":null,"currency":"AUD","curySymbole":"$","promoId":null,"shortMarketingText":"Stay 5 Nights & Save 24%","reviewerScore":"60","likes":"88%","userRating":"4","starRating":"4","hotelType":null,"bestFor":null,"sortOrder":"1","facilities":"Gym,Pool","facilitiesText":"Spa","price":"199","travelText":"save","hotelId":"332921","marketText":"Stay 5 Nights & Save 24%","isMemberExclusive":"0","isPromocodeApplicable":"value"},"hotel-id#25":{"hotelNameOld":"Pacific Views Resort Gold Coast","hotelName":"Pacific Views Resort Gold Coast","hotelNameUtf8":"Pacific Views Resort Gold Coast","countryName":"Australia","countryCode":"AUS","cityName":"Gold Coast","thImgUrl":null,"blackOutDates":null,"currency":"AUD","curySymbole":"$","promoId":null,"shortMarketingText":"Stay 3 Nights & Save 16%","reviewerScore":"60","likes":"88%","userRating":"4","starRating":"4","hotelType":null,"bestFor":null,"sortOrder":"1","facilities":"Gym,Pool","facilitiesText":"Spa","price":"199","travelText":"save","hotelId":"332921","marketText":"Stay 3 Nights & Save 16%","isMemberExclusive":"0","isPromocodeApplicable":"value"},"hotel-id#26":{"hotelNameOld":"Paradise Island Resort Gold Coast","hotelName":"Paradise Island Resort Gold Coast","hotelNameUtf8":"Paradise Island Resort Gold Coast","countryName":"Australia","countryCode":"AUS","cityName":"Gold Coast","thImgUrl":null,"blackOutDates":null,"currency":"AUD","curySymbole":"$","promoId":null,"shortMarketingText":"Members Only! Stay 4 Nights & Save 50%","reviewerScore":"60","likes":"88%","userRating":"4","starRating":"4","hotelType":null,"bestFor":null,"sortOrder":"1","facilities":"Gym,Pool","facilitiesText":"Spa","price":"199","travelText":"save","hotelId":"939901","marketText":"Members Only! Stay 4 Nights & Save 50%","isMemberExclusive":"1","isPromocodeApplicable":"value"},"hotel-id#27":{"hotelNameOld":"Broadbeach Travel Inn Apartments","hotelName":"Broadbeach Travel Inn Apartments","hotelNameUtf8":"Broadbeach Travel Inn Apartments","countryName":"Australia","countryCode":"AUS","cityName":"Gold Coast","thImgUrl":null,"blackOutDates":null,"currency":"AUD","curySymbole":"$","promoId":null,"shortMarketingText":"Stay 3 Nights & Save 30%","reviewerScore":"60","likes":"88%","userRating":"4","starRating":"4","hotelType":null,"bestFor":null,"sortOrder":"1","facilities":"Gym,Pool","facilitiesText":"Spa","price":"199","travelText":"save","hotelId":"64945","marketText":"Stay 3 Nights & Save 30%","isMemberExclusive":"0","isPromocodeApplicable":"value"},"hotel-id#28":{"hotelNameOld":"South Pacific Plaza Broadbeach","hotelName":"South Pacific Plaza Broadbeach","hotelNameUtf8":"South Pacific Plaza Broadbeach","countryName":"Australia","countryCode":"AUS","cityName":"Gold Coast","thImgUrl":null,"blackOutDates":null,"currency":"AUD","curySymbole":"$","promoId":null,"shortMarketingText":"Stay 3 Nights & Save 20%","reviewerScore":"60","likes":"88%","userRating":"4","starRating":"4","hotelType":null,"bestFor":null,"sortOrder":"1","facilities":"Gym,Pool","facilitiesText":"Spa","price":"199","travelText":"save","hotelId":"320391","marketText":"Stay 3 Nights & Save 20%","isMemberExclusive":"0","isPromocodeApplicable":"value"},"hotel-id#29":{"hotelNameOld":"South Pacific Plaza Broadbeach","hotelName":"South Pacific Plaza Broadbeach","hotelNameUtf8":"South Pacific Plaza Broadbeach","countryName":"Australia","countryCode":"AUS","cityName":"Gold Coast","thImgUrl":null,"blackOutDates":null,"currency":"AUD","curySymbole":"$","promoId":null,"shortMarketingText":"Book 28 Days In Advance, Stay 3 Nights & Save 10%","reviewerScore":"60","likes":"88%","userRating":"4","starRating":"4","hotelType":null,"bestFor":null,"sortOrder":"1","facilities":"Gym,Pool","facilitiesText":"Spa","price":"199","travelText":"save","hotelId":"320391","marketText":"Book 28 Days In Advance, Stay 3 Nights & Save 10%","isMemberExclusive":"0","isPromocodeApplicable":"value"},"hotel-id#30":{"hotelNameOld":"Sunset Island Resort Gold Coast","hotelName":"Sunset Island Resort Gold Coast","hotelNameUtf8":"Sunset Island Resort Gold Coast","countryName":"Australia","countryCode":"AUS","cityName":"Gold Coast","thImgUrl":null,"blackOutDates":null,"currency":"AUD","curySymbole":"$","promoId":null,"shortMarketingText":"Stay 7 Nights & Pay Only 5","reviewerScore":"60","likes":"88%","userRating":"4","starRating":"4","hotelType":null,"bestFor":null,"sortOrder":"1","facilities":"Gym,Pool","facilitiesText":"Spa","price":"199","travelText":"save","hotelId":"566131","marketText":"Stay 7 Nights & Pay Only 5","isMemberExclusive":"0","isPromocodeApplicable":"value"}}