{"Africa":{"imgUrl":{"img-name":"http:\/\/url","img-name2":"http:\/\/url2","img-name3":"http:\/\/url3","img-name4":"http:\/\/url4"},"regionAltName":"alt name","marketingText":"Blurb about reasons to visit this region. Cras commodo et urna vehicula mattis. Donec a dapibus turpis, a convallis elit. Nam imperdiet ante neque, sit amet eleifend nibh semper vel. Nulla sagittis velit nec sagittis viverra.Integer non nibh ut diam euismod ultricies a nec odio. Pellentesque quis tortor lectus.","topDestinations":{"name-1":{"thImg":"","country":"","city":"","text":""},"name-2":{"thImg":"","country":"","city":"","text":""},"name-3":{"thImg":"","country":"","city":"","text":""},"TopHotels":{"hotel-id#1":{"\t\t\t\tthImgUrl":"","blackOutDates":"2016-01-01, 2016-01-02, 2016-01-03, 2016-01-04, 2016-01-05, 2016-01-06, 2016-01-07","amount":"","currency":"","promoId":"ZIL2Z1","shortMarketingText":"","reviewerScore":"43","likes":"88%","userRating":"4","starRating":"","hotelType":"Boutique","bestFor":"Business,Couples,Friends","sortOrder":"1","countryName":"value","countryCode":"value","cityName":"value","hotelNameOld":"value","hotelName":"value","hotelNameUtf8":"","facilities":"Gym,Pool,Etc","facilitiesText":"Free wifi, Brack fast included","price":"2800","travelText":"value","hotelId":"value","marketText":"value","isMemberExclusive":"value","isPromocodeApplicable":"value"},"hotelId#2":{"\t\t\t\tthImgUrl":"","blackOutDates":"2016-01-01, 2016-01-02, 2016-01-03, 2016-01-04, 2016-01-05, 2016-01-06, 2016-01-07","amount":"","currency":"","promoId":"ZIL2Z1","shortMarketingText":"","reviewerScore":"43","likes":"88%","userRating":"4","starRating":"","hotelType":"Boutique","bestFor":"Business,Couples,Friends","sortOrder":"1","countryName":"value","countryCode":"value","cityName":"value","hotelNameOld":"value","hotelName":"value","hotelNameUtf8":"","facilities":"Gym,Pool,Etc","facilitiesText":"Free wifi, Brack fast included","price":"2800","travelText":"value","hotelId":"value","marketText":"value","isMemberExclusive":"value","isPromocodeApplicable":"value"}}},"Europe":{"imgUrl":{"img-name":"http:\/\/url","img-name2":"http:\/\/url2","img-name3":"http:\/\/url3","img-name4":"http:\/\/url4"},"regionAltName":"alt name","marketingText":"Blurb about reasons to visit this region. Cras commodo et urna vehicula mattis. Donec a dapibus turpis, a convallis elit. Nam imperdiet ante neque, sit amet eleifend nibh semper vel. Nulla sagittis velit nec sagittis viverra.Integer non nibh ut diam euismod ultricies a nec odio. Pellentesque quis tortor lectus.","destination":{"name":"url","name2":"url2","name3":"url3","name4":"url4","name5":"url5"},"TopHotels":{"hotelId#1":{"thImgUrl":"","blackOutDates":"2016-01-01, 2016-01-02, 2016-01-03, 2016-01-04, 2016-01-05, 2016-01-06, 2016-01-07","amount":"","currency":"","promoId":"ZIL2Z1","shortMarketingText":"","reviewerScore":"43","likes":"88%","userRating":"4","starRating":"","hotelType":"Boutique","bestFor":"Business,Couples,Friends","sortOrder":"1","countryName":"value","countryCode":"value","cityName":"value","hotelNameOld":"value","hotelName":"value","hotelNameUtf8":"","facilities":"Gym,Pool,Etc","facilitiesText":"Free wifi, Brack fast included","price":"2800","travelText":"value","hotelId":"value","marketText":"value","isMemberExclusive":"value","isPromocodeApplicable":"value"},"hotel-id#2":{"thImgUrl":"","blackOutDates":"2016-01-01, 2016-01-02, 2016-01-03, 2016-01-04, 2016-01-05, 2016-01-06, 2016-01-07","amount":"","currency":"","promoId":"ZIL2Z1","shortMarketingText":"","reviewerScore":"43","likes":"88%","userRating":"4","starRating":"","hotelType":"Boutique","bestFor":"Business,Couples,Friends","sortOrder":"1","countryName":"value","countryCode":"value","cityName":"value","hotelNameOld":"value","hotelName":"value","hotelNameUtf8":"","facilities":"Gym,Pool,Etc","facilitiesText":"Free wifi, Brack fast included","price":"2800","travelText":"value","hotelId":"value","marketText":"value","isMemberExclusive":"value","isPromocodeApplicable":"value"}}}}}
