{"hotel-id#1":{"hotelNameOld":"Grand Hyatt Hong Kong","hotelName":"Grand Hyatt Hong Kong","hotelNameUtf8":"Grand Hyatt Hong Kong","countryName":"Hong Kong","countryCode":"HKG","cityName":"Hong Kong","thImgUrl":null,"blackOutDates":null,"currency":"AUD","curySymbole":"$","promoId":null,"shortMarketingText":"Save 20% On Your Stay","reviewerScore":"60","likes":"88%","userRating":"5","starRating":"5","hotelType":null,"bestFor":null,"sortOrder":"1","facilities":"Gym,Pool","facilitiesText":"Spa","price":"199","travelText":"save","hotelId":"13104","marketText":"Save 20% On Your Stay","isMemberExclusive":"0","isPromocodeApplicable":"value"},"hotel-id#2":{"hotelNameOld":"New World Millennium Hong Kong Hotel (Formerly Nikko Hotel Hong Kong)","hotelName":"New World Millennium Hong Kong Hotel (Formerly Nikko Hotel Hong Kong)","hotelNameUtf8":"New World Millennium Hong Kong Hotel (Formerly Nikko Hotel Hong Kong)","countryName":"Hong Kong","countryCode":"HKG","cityName":"Hong Kong","thImgUrl":null,"blackOutDates":null,"currency":"AUD","curySymbole":"$","promoId":null,"shortMarketingText":"F&B Outlets and Laundry Service","reviewerScore":"60","likes":"88%","userRating":"5","starRating":"5","hotelType":null,"bestFor":null,"sortOrder":"1","facilities":"Gym,Pool","facilitiesText":"Spa","price":"199","travelText":"save","hotelId":"321625","marketText":"F&B Outlets and Laundry Service","isMemberExclusive":"0","isPromocodeApplicable":"value"},"hotel-id#3":{"hotelNameOld":"B P International Hong Kong","hotelName":"B P International Hong Kong","hotelNameUtf8":"B P International Hong Kong","countryName":"Hong Kong","countryCode":"HKG","cityName":"Hong Kong","thImgUrl":"https:\/\/www.tnetnoc.com\/hotelphotos\/370\/319370\/2241284-B-P-International-Hong-Kong-Guest-Room-1-LP.jpg","blackOutDates":null,"currency":"AUD","curySymbole":"$","promoId":null,"shortMarketingText":"Members Only Offer - Welcome Drink Coupon","reviewerScore":"60","likes":"88%","userRating":"4","starRating":"4","hotelType":null,"bestFor":null,"sortOrder":"1","facilities":"Gym,Pool","facilitiesText":"Spa","price":"199","travelText":"save","hotelId":"319370","marketText":"Members Only Offer - Welcome Drink Coupon","isMemberExclusive":"1","isPromocodeApplicable":"value"},"hotel-id#4":{"hotelNameOld":"B P International Hong Kong","hotelName":"B P International Hong Kong","hotelNameUtf8":"B P International Hong Kong","countryName":"Hong Kong","countryCode":"HKG","cityName":"Hong Kong","thImgUrl":"https:\/\/www.tnetnoc.com\/hotelphotos\/370\/319370\/2241284-B-P-International-Hong-Kong-Guest-Room-1-LP.jpg","blackOutDates":null,"currency":"AUD","curySymbole":"$","promoId":null,"shortMarketingText":"Stay 2 Nights & Save 10% With FREE WiFi Internet","reviewerScore":"60","likes":"88%","userRating":"4","starRating":"4","hotelType":null,"bestFor":null,"sortOrder":"1","facilities":"Gym,Pool","facilitiesText":"Spa","price":"199","travelText":"save","hotelId":"319370","marketText":"Stay 2 Nights & Save 10% With FREE WiFi Internet","isMemberExclusive":"0","isPromocodeApplicable":"value"},"hotel-id#5":{"hotelNameOld":"B P International Hong Kong","hotelName":"B P International Hong Kong","hotelNameUtf8":"B P International Hong Kong","countryName":"Hong Kong","countryCode":"HKG","cityName":"Hong Kong","thImgUrl":"https:\/\/www.tnetnoc.com\/hotelphotos\/370\/319370\/2241284-B-P-International-Hong-Kong-Guest-Room-1-LP.jpg","blackOutDates":null,"currency":"AUD","curySymbole":"$","promoId":null,"shortMarketingText":"Members Only Offer - Book 3 Nights & Save 20%","reviewerScore":"60","likes":"88%","userRating":"4","starRating":"4","hotelType":null,"bestFor":null,"sortOrder":"1","facilities":"Gym,Pool","facilitiesText":"Spa","price":"199","travelText":"save","hotelId":"319370","marketText":"Members Only Offer - Book 3 Nights & Save 20%","isMemberExclusive":"1","isPromocodeApplicable":"value"},"hotel-id#6":{"hotelNameOld":"B P International Hong Kong","hotelName":"B P International Hong Kong","hotelNameUtf8":"B P International Hong Kong","countryName":"Hong Kong","countryCode":"HKG","cityName":"Hong Kong","thImgUrl":"https:\/\/www.tnetnoc.com\/hotelphotos\/370\/319370\/2241284-B-P-International-Hong-Kong-Guest-Room-1-LP.jpg","blackOutDates":null,"currency":"AUD","curySymbole":"$","promoId":null,"shortMarketingText":"Book 14 Days In Advance & Save 15% With FREE WiFi","reviewerScore":"60","likes":"88%","userRating":"4","starRating":"4","hotelType":null,"bestFor":null,"sortOrder":"1","facilities":"Gym,Pool","facilitiesText":"Spa","price":"199","travelText":"save","hotelId":"319370","marketText":"Book 14 Days In Advance & Save 15% With FREE WiFi","isMemberExclusive":"0","isPromocodeApplicable":"value"},"hotel-id#7":{"hotelNameOld":"B P International Hong Kong","hotelName":"B P International Hong Kong","hotelNameUtf8":"B P International Hong Kong","countryName":"Hong Kong","countryCode":"HKG","cityName":"Hong Kong","thImgUrl":"https:\/\/www.tnetnoc.com\/hotelphotos\/370\/319370\/2241284-B-P-International-Hong-Kong-Guest-Room-1-LP.jpg","blackOutDates":null,"currency":"AUD","curySymbole":"$","promoId":null,"shortMarketingText":"Book 30 Days In Advance & Save 20%","reviewerScore":"60","likes":"88%","userRating":"4","starRating":"4","hotelType":null,"bestFor":null,"sortOrder":"1","facilities":"Gym,Pool","facilitiesText":"Spa","price":"199","travelText":"save","hotelId":"319370","marketText":"Book 30 Days In Advance & Save 20%","isMemberExclusive":"0","isPromocodeApplicable":"value"},"hotel-id#8":{"hotelNameOld":"Harbour Grand Kowloon","hotelName":"Harbour Grand Kowloon","hotelNameUtf8":"Harbour Grand Kowloon","countryName":"Hong Kong","countryCode":"HKG","cityName":"Hong Kong","thImgUrl":null,"blackOutDates":null,"currency":"AUD","curySymbole":"$","promoId":null,"shortMarketingText":"Hot Deal - Save 15%","reviewerScore":"60","likes":"88%","userRating":"5","starRating":"5","hotelType":null,"bestFor":null,"sortOrder":"1","facilities":"Gym,Pool","facilitiesText":"Spa","price":"199","travelText":"save","hotelId":"35960","marketText":"Hot Deal - Save 15%","isMemberExclusive":"0","isPromocodeApplicable":"value"},"hotel-id#9":{"hotelNameOld":"Harbour Grand Kowloon","hotelName":"Harbour Grand Kowloon","hotelNameUtf8":"Harbour Grand Kowloon","countryName":"Hong Kong","countryCode":"HKG","cityName":"Hong Kong","thImgUrl":null,"blackOutDates":null,"currency":"AUD","curySymbole":"$","promoId":null,"shortMarketingText":"Bonus Night - Stay 3 Nights & Save 35%","reviewerScore":"60","likes":"88%","userRating":"5","starRating":"5","hotelType":null,"bestFor":null,"sortOrder":"1","facilities":"Gym,Pool","facilitiesText":"Spa","price":"199","travelText":"save","hotelId":"35960","marketText":"Bonus Night - Stay 3 Nights & Save 35%","isMemberExclusive":"0","isPromocodeApplicable":"value"},"hotel-id#10":{"hotelNameOld":"Harbour Grand Kowloon","hotelName":"Harbour Grand Kowloon","hotelNameUtf8":"Harbour Grand Kowloon","countryName":"Hong Kong","countryCode":"HKG","cityName":"Hong Kong","thImgUrl":null,"blackOutDates":null,"currency":"AUD","curySymbole":"$","promoId":null,"shortMarketingText":"Super Deal - Book 7 Days In Advance & Save 20%","reviewerScore":"60","likes":"88%","userRating":"5","starRating":"5","hotelType":null,"bestFor":null,"sortOrder":"1","facilities":"Gym,Pool","facilitiesText":"Spa","price":"199","travelText":"save","hotelId":"35960","marketText":"Super Deal - Book 7 Days In Advance & Save 20%","isMemberExclusive":"0","isPromocodeApplicable":"value"},"hotel-id#11":{"hotelNameOld":"Harbour Grand Kowloon","hotelName":"Harbour Grand Kowloon","hotelNameUtf8":"Harbour Grand Kowloon","countryName":"Hong Kong","countryCode":"HKG","cityName":"Hong Kong","thImgUrl":null,"blackOutDates":null,"currency":"AUD","curySymbole":"$","promoId":null,"shortMarketingText":"Hot Deal - Save 15%","reviewerScore":"60","likes":"88%","userRating":"5","starRating":"5","hotelType":null,"bestFor":null,"sortOrder":"1","facilities":"Gym,Pool","facilitiesText":"Spa","price":"199","travelText":"save","hotelId":"35960","marketText":"Hot Deal - Save 15%","isMemberExclusive":"0","isPromocodeApplicable":"value"},"hotel-id#12":{"hotelNameOld":"Harbour Grand Kowloon","hotelName":"Harbour Grand Kowloon","hotelNameUtf8":"Harbour Grand Kowloon","countryName":"Hong Kong","countryCode":"HKG","cityName":"Hong Kong","thImgUrl":null,"blackOutDates":null,"currency":"AUD","curySymbole":"$","promoId":null,"shortMarketingText":"Suite Promotion - Stay 2 Nights & Save 25%","reviewerScore":"60","likes":"88%","userRating":"5","starRating":"5","hotelType":null,"bestFor":null,"sortOrder":"1","facilities":"Gym,Pool","facilitiesText":"Spa","price":"199","travelText":"save","hotelId":"35960","marketText":"Suite Promotion - Stay 2 Nights & Save 25%","isMemberExclusive":"0","isPromocodeApplicable":"value"},"hotel-id#13":{"hotelNameOld":"Harbour Grand Kowloon","hotelName":"Harbour Grand Kowloon","hotelNameUtf8":"Harbour Grand Kowloon","countryName":"Hong Kong","countryCode":"HKG","cityName":"Hong Kong","thImgUrl":null,"blackOutDates":null,"currency":"AUD","curySymbole":"$","promoId":null,"shortMarketingText":"Bonus Nights - Stay 3 Nights & GET 3rd Night FREE","reviewerScore":"60","likes":"88%","userRating":"5","starRating":"5","hotelType":null,"bestFor":null,"sortOrder":"1","facilities":"Gym,Pool","facilitiesText":"Spa","price":"199","travelText":"save","hotelId":"35960","marketText":"Bonus Nights - Stay 3 Nights & GET 3rd Night FREE","isMemberExclusive":"0","isPromocodeApplicable":"value"},"hotel-id#14":{"hotelNameOld":"Harbour Grand Kowloon","hotelName":"Harbour Grand Kowloon","hotelNameUtf8":"Harbour Grand Kowloon","countryName":"Hong Kong","countryCode":"HKG","cityName":"Hong Kong","thImgUrl":null,"blackOutDates":null,"currency":"AUD","curySymbole":"$","promoId":null,"shortMarketingText":"Book 30 Days In Advance & Save 30%","reviewerScore":"60","likes":"88%","userRating":"5","starRating":"5","hotelType":null,"bestFor":null,"sortOrder":"1","facilities":"Gym,Pool","facilitiesText":"Spa","price":"199","travelText":"save","hotelId":"35960","marketText":"Book 30 Days In Advance & Save 30%","isMemberExclusive":"0","isPromocodeApplicable":"value"},"hotel-id#15":{"hotelNameOld":"The Harbourview Hong Kong","hotelName":"The Harbourview Hong Kong","hotelNameUtf8":"The Harbourview Hong Kong","countryName":"Hong Kong","countryCode":"HKG","cityName":"Hong Kong","thImgUrl":"https:\/\/www.tnetnoc.com\/hotelphotos\/571\/313571\/2631759-The-Harbourview-Hong-Kong-Hotel-Exterior-2-LP.jpg","blackOutDates":null,"currency":"AUD","curySymbole":"$","promoId":null,"shortMarketingText":"Members Only Offer - Book Now & Save 15%","reviewerScore":"60","likes":"88%","userRating":"3","starRating":"3","hotelType":null,"bestFor":null,"sortOrder":"1","facilities":"Gym,Pool","facilitiesText":"Spa","price":"199","travelText":"save","hotelId":"313571","marketText":"Members Only Offer - Book Now & Save 15%","isMemberExclusive":"1","isPromocodeApplicable":"value"},"hotel-id#16":{"hotelNameOld":"Metropark Hotel Mongkok","hotelName":"Metropark Hotel Mongkok","hotelNameUtf8":"Metropark Hotel Mongkok","countryName":"Hong Kong","countryCode":"HKG","cityName":"Hong Kong","thImgUrl":null,"blackOutDates":null,"currency":"AUD","curySymbole":"$","promoId":null,"shortMarketingText":"Stay 2 Nights & Save 10%","reviewerScore":"60","likes":"88%","userRating":"3","starRating":"3","hotelType":null,"bestFor":null,"sortOrder":"1","facilities":"Gym,Pool","facilitiesText":"Spa","price":"199","travelText":"save","hotelId":"126776","marketText":"Stay 2 Nights & Save 10%","isMemberExclusive":"0","isPromocodeApplicable":"value"},"hotel-id#17":{"hotelNameOld":"Metropark Hotel Mongkok","hotelName":"Metropark Hotel Mongkok","hotelNameUtf8":"Metropark Hotel Mongkok","countryName":"Hong Kong","countryCode":"HKG","cityName":"Hong Kong","thImgUrl":null,"blackOutDates":null,"currency":"AUD","curySymbole":"$","promoId":null,"shortMarketingText":"Members Only Offer - Book Early & Save 15%","reviewerScore":"60","likes":"88%","userRating":"3","starRating":"3","hotelType":null,"bestFor":null,"sortOrder":"1","facilities":"Gym,Pool","facilitiesText":"Spa","price":"199","travelText":"save","hotelId":"126776","marketText":"Members Only Offer - Book Early & Save 15%","isMemberExclusive":"1","isPromocodeApplicable":"value"},"hotel-id#18":{"hotelNameOld":"Metropark Hotel Mongkok","hotelName":"Metropark Hotel Mongkok","hotelNameUtf8":"Metropark Hotel Mongkok","countryName":"Hong Kong","countryCode":"HKG","cityName":"Hong Kong","thImgUrl":null,"blackOutDates":null,"currency":"AUD","curySymbole":"$","promoId":null,"shortMarketingText":"Book 30 Days In Advance & Save 10%","reviewerScore":"60","likes":"88%","userRating":"3","starRating":"3","hotelType":null,"bestFor":null,"sortOrder":"1","facilities":"Gym,Pool","facilitiesText":"Spa","price":"199","travelText":"save","hotelId":"126776","marketText":"Book 30 Days In Advance & Save 10%","isMemberExclusive":"0","isPromocodeApplicable":"value"},"hotel-id#19":{"hotelNameOld":"The Mira Hotel Hong Kong","hotelName":"The Mira Hotel Hong Kong","hotelNameUtf8":"The Mira Hotel Hong Kong","countryName":"Hong Kong","countryCode":"HKG","cityName":"Hong Kong","thImgUrl":"https:\/\/www.tnetnoc.com\/hotelphotos\/042\/323042\/2241284-The-Mira-Hotel-Hong-Kong-Hotel-Exterior-1-LP.jpg","blackOutDates":null,"currency":"AUD","curySymbole":"$","promoId":null,"shortMarketingText":"Members Offer - Book 7 Days In Advance & Save 15%","reviewerScore":"60","likes":"88%","userRating":"5","starRating":"5","hotelType":null,"bestFor":null,"sortOrder":"1","facilities":"Gym,Pool","facilitiesText":"Spa","price":"199","travelText":"save","hotelId":"323042","marketText":"Members Offer - Book 7 Days In Advance & Save 15%","isMemberExclusive":"1","isPromocodeApplicable":"value"},"hotel-id#20":{"hotelNameOld":"The Mira Hotel Hong Kong","hotelName":"The Mira Hotel Hong Kong","hotelNameUtf8":"The Mira Hotel Hong Kong","countryName":"Hong Kong","countryCode":"HKG","cityName":"Hong Kong","thImgUrl":"https:\/\/www.tnetnoc.com\/hotelphotos\/042\/323042\/2241284-The-Mira-Hotel-Hong-Kong-Hotel-Exterior-1-LP.jpg","blackOutDates":null,"currency":"AUD","curySymbole":"$","promoId":null,"shortMarketingText":"Book 7 Days In Advance & Save 10%","reviewerScore":"60","likes":"88%","userRating":"5","starRating":"5","hotelType":null,"bestFor":null,"sortOrder":"1","facilities":"Gym,Pool","facilitiesText":"Spa","price":"199","travelText":"save","hotelId":"323042","marketText":"Book 7 Days In Advance & Save 10%","isMemberExclusive":"0","isPromocodeApplicable":"value"},"hotel-id#21":{"hotelNameOld":"The Mira Hotel Hong Kong","hotelName":"The Mira Hotel Hong Kong","hotelNameUtf8":"The Mira Hotel Hong Kong","countryName":"Hong Kong","countryCode":"HKG","cityName":"Hong Kong","thImgUrl":"https:\/\/www.tnetnoc.com\/hotelphotos\/042\/323042\/2241284-The-Mira-Hotel-Hong-Kong-Hotel-Exterior-1-LP.jpg","blackOutDates":null,"currency":"AUD","curySymbole":"$","promoId":null,"shortMarketingText":"Members Only Offer-Book 14Days In Advance& Save20%","reviewerScore":"60","likes":"88%","userRating":"5","starRating":"5","hotelType":null,"bestFor":null,"sortOrder":"1","facilities":"Gym,Pool","facilitiesText":"Spa","price":"199","travelText":"save","hotelId":"323042","marketText":"Members Only Offer-Book 14Days In Advance& Save20%","isMemberExclusive":"1","isPromocodeApplicable":"value"},"hotel-id#22":{"hotelNameOld":"The Mira Hotel Hong Kong","hotelName":"The Mira Hotel Hong Kong","hotelNameUtf8":"The Mira Hotel Hong Kong","countryName":"Hong Kong","countryCode":"HKG","cityName":"Hong Kong","thImgUrl":"https:\/\/www.tnetnoc.com\/hotelphotos\/042\/323042\/2241284-The-Mira-Hotel-Hong-Kong-Hotel-Exterior-1-LP.jpg","blackOutDates":null,"currency":"AUD","curySymbole":"$","promoId":null,"shortMarketingText":"Book 14 Days In Advance & Save 15%","reviewerScore":"60","likes":"88%","userRating":"5","starRating":"5","hotelType":null,"bestFor":null,"sortOrder":"1","facilities":"Gym,Pool","facilitiesText":"Spa","price":"199","travelText":"save","hotelId":"323042","marketText":"Book 14 Days In Advance & Save 15%","isMemberExclusive":"0","isPromocodeApplicable":"value"},"hotel-id#23":{"hotelNameOld":"The Mira Hotel Hong Kong","hotelName":"The Mira Hotel Hong Kong","hotelNameUtf8":"The Mira Hotel Hong Kong","countryName":"Hong Kong","countryCode":"HKG","cityName":"Hong Kong","thImgUrl":"https:\/\/www.tnetnoc.com\/hotelphotos\/042\/323042\/2241284-The-Mira-Hotel-Hong-Kong-Hotel-Exterior-1-LP.jpg","blackOutDates":null,"currency":"AUD","curySymbole":"$","promoId":null,"shortMarketingText":"Members Offer - Book 21 Days In Advance & Save 25%","reviewerScore":"60","likes":"88%","userRating":"5","starRating":"5","hotelType":null,"bestFor":null,"sortOrder":"1","facilities":"Gym,Pool","facilitiesText":"Spa","price":"199","travelText":"save","hotelId":"323042","marketText":"Members Offer - Book 21 Days In Advance & Save 25%","isMemberExclusive":"1","isPromocodeApplicable":"value"},"hotel-id#24":{"hotelNameOld":"The Mira Hotel Hong Kong","hotelName":"The Mira Hotel Hong Kong","hotelNameUtf8":"The Mira Hotel Hong Kong","countryName":"Hong Kong","countryCode":"HKG","cityName":"Hong Kong","thImgUrl":"https:\/\/www.tnetnoc.com\/hotelphotos\/042\/323042\/2241284-The-Mira-Hotel-Hong-Kong-Hotel-Exterior-1-LP.jpg","blackOutDates":null,"currency":"AUD","curySymbole":"$","promoId":null,"shortMarketingText":"Book 21 Days In Advance & Save 20%","reviewerScore":"60","likes":"88%","userRating":"5","starRating":"5","hotelType":null,"bestFor":null,"sortOrder":"1","facilities":"Gym,Pool","facilitiesText":"Spa","price":"199","travelText":"save","hotelId":"323042","marketText":"Book 21 Days In Advance & Save 20%","isMemberExclusive":"0","isPromocodeApplicable":"value"},"hotel-id#25":{"hotelNameOld":"Island Pacific Hotel Hong Kong","hotelName":"Island Pacific Hotel Hong Kong","hotelNameUtf8":"Island Pacific Hotel Hong Kong","countryName":"Hong Kong","countryCode":"HKG","cityName":"Hong Kong","thImgUrl":"https:\/\/www.tnetnoc.com\/hotelphotos\/539\/39539\/2631759-Island-Pacific-Hotel-Hong-Kong-Lobby-1-LP.jpg","blackOutDates":null,"currency":"AUD","curySymbole":"$","promoId":null,"shortMarketingText":"Stay 4 Nights & Save 25% With WiFi","reviewerScore":"60","likes":"88%","userRating":"3","starRating":"3","hotelType":null,"bestFor":null,"sortOrder":"1","facilities":"Gym,Pool","facilitiesText":"Spa","price":"199","travelText":"save","hotelId":"39539","marketText":"Stay 4 Nights & Save 25% With WiFi","isMemberExclusive":"0","isPromocodeApplicable":"value"},"hotel-id#26":{"hotelNameOld":"Island Pacific Hotel Hong Kong","hotelName":"Island Pacific Hotel Hong Kong","hotelNameUtf8":"Island Pacific Hotel Hong Kong","countryName":"Hong Kong","countryCode":"HKG","cityName":"Hong Kong","thImgUrl":"https:\/\/www.tnetnoc.com\/hotelphotos\/539\/39539\/2631759-Island-Pacific-Hotel-Hong-Kong-Lobby-1-LP.jpg","blackOutDates":null,"currency":"AUD","curySymbole":"$","promoId":null,"shortMarketingText":"Book 30 Days In Advance Save 25% & FREE WiFi","reviewerScore":"60","likes":"88%","userRating":"3","starRating":"3","hotelType":null,"bestFor":null,"sortOrder":"1","facilities":"Gym,Pool","facilitiesText":"Spa","price":"199","travelText":"save","hotelId":"39539","marketText":"Book 30 Days In Advance Save 25% & FREE WiFi","isMemberExclusive":"0","isPromocodeApplicable":"value"},"hotel-id#27":{"hotelNameOld":"JW Marriott Hotel Hong Kong","hotelName":"JW Marriott Hotel Hong Kong","hotelNameUtf8":"JW Marriott Hotel Hong Kong","countryName":"Hong Kong","countryCode":"HKG","cityName":"Hong Kong","thImgUrl":null,"blackOutDates":null,"currency":"AUD","curySymbole":"$","promoId":null,"shortMarketingText":"Save 20% On Your Stay","reviewerScore":"60","likes":"88%","userRating":"5","starRating":"5","hotelType":null,"bestFor":null,"sortOrder":"1","facilities":"Gym,Pool","facilitiesText":"Spa","price":"199","travelText":"save","hotelId":"16901","marketText":"Save 20% On Your Stay","isMemberExclusive":"0","isPromocodeApplicable":"value"},"hotel-id#28":{"hotelNameOld":"Kowloon Shangri-La","hotelName":"Kowloon Shangri-La","hotelNameUtf8":"Kowloon Shangri-La","countryName":"Hong Kong","countryCode":"HKG","cityName":"Hong Kong","thImgUrl":null,"blackOutDates":null,"currency":"AUD","curySymbole":"$","promoId":null,"shortMarketingText":"Book 30 Days In Advance & Save 15%","reviewerScore":"60","likes":"88%","userRating":"5","starRating":"5","hotelType":null,"bestFor":null,"sortOrder":"1","facilities":"Gym,Pool","facilitiesText":"Spa","price":"199","travelText":"save","hotelId":"11548","marketText":"Book 30 Days In Advance & Save 15%","isMemberExclusive":"0","isPromocodeApplicable":"value"},"hotel-id#29":{"hotelNameOld":"Panda Hotel Hong Kong","hotelName":"Panda Hotel Hong Kong","hotelNameUtf8":"Panda Hotel Hong Kong","countryName":"Hong Kong","countryCode":"HKG","cityName":"Hong Kong","thImgUrl":"https:\/\/www.tnetnoc.com\/hotelphotos\/940\/319940\/2631759-Panda-Hotel-Hong-Kong-Hotel-Exterior-1-LP.jpg","blackOutDates":null,"currency":"AUD","curySymbole":"$","promoId":null,"shortMarketingText":"Stay 3 Nights & Save 8%","reviewerScore":"60","likes":"88%","userRating":"4","starRating":"4","hotelType":null,"bestFor":null,"sortOrder":"1","facilities":"Gym,Pool","facilitiesText":"Spa","price":"199","travelText":"save","hotelId":"319940","marketText":"Stay 3 Nights & Save 8%","isMemberExclusive":"0","isPromocodeApplicable":"value"},"hotel-id#30":{"hotelNameOld":"Panda Hotel Hong Kong","hotelName":"Panda Hotel Hong Kong","hotelNameUtf8":"Panda Hotel Hong Kong","countryName":"Hong Kong","countryCode":"HKG","cityName":"Hong Kong","thImgUrl":"https:\/\/www.tnetnoc.com\/hotelphotos\/940\/319940\/2631759-Panda-Hotel-Hong-Kong-Hotel-Exterior-1-LP.jpg","blackOutDates":null,"currency":"AUD","curySymbole":"$","promoId":null,"shortMarketingText":"Book 14 Days In Advance & Save 8%","reviewerScore":"60","likes":"88%","userRating":"4","starRating":"4","hotelType":null,"bestFor":null,"sortOrder":"1","facilities":"Gym,Pool","facilitiesText":"Spa","price":"199","travelText":"save","hotelId":"319940","marketText":"Book 14 Days In Advance & Save 8%","isMemberExclusive":"0","isPromocodeApplicable":"value"}}