{"hotel-id#1":{"hotelNameOld":"The Sultan Hotel Jakarta","hotelName":"The Sultan Hotel Jakarta","hotelNameUtf8":"The Sultan Hotel Jakarta","countryName":"Indonesia","countryCode":"IDN","cityName":"Jakarta","thImgUrl":null,"blackOutDates":null,"currency":"AUD","curySymbole":"$","promoId":null,"shortMarketingText":"Book 7 Days In Advance & Save 15%","reviewerScore":"60","likes":"88%","userRating":"4","starRating":"4","hotelType":null,"bestFor":null,"sortOrder":"1","facilities":"Gym,Pool","facilitiesText":"Spa","price":"199","travelText":"save","hotelId":"270365","marketText":"Book 7 Days In Advance & Save 15%","isMemberExclusive":"0","isPromocodeApplicable":"value"},"hotel-id#2":{"hotelNameOld":"Gran Melia Jakarta","hotelName":"Gran Melia Jakarta","hotelNameUtf8":"Gran Melia Jakarta","countryName":"Indonesia","countryCode":"IDN","cityName":"Jakarta","thImgUrl":null,"blackOutDates":null,"currency":"AUD","curySymbole":"$","promoId":null,"shortMarketingText":"Book 14 Days In Advance & Save 20%","reviewerScore":"60","likes":"88%","userRating":"5","starRating":"5","hotelType":null,"bestFor":null,"sortOrder":"1","facilities":"Gym,Pool","facilitiesText":"Spa","price":"199","travelText":"save","hotelId":"37425","marketText":"Book 14 Days In Advance & Save 20%","isMemberExclusive":"0","isPromocodeApplicable":"value"},"hotel-id#3":{"hotelNameOld":"Gran Melia Jakarta","hotelName":"Gran Melia Jakarta","hotelNameUtf8":"Gran Melia Jakarta","countryName":"Indonesia","countryCode":"IDN","cityName":"Jakarta","thImgUrl":null,"blackOutDates":null,"currency":"AUD","curySymbole":"$","promoId":null,"shortMarketingText":"Book 10 Days in Advance & Save 15%","reviewerScore":"60","likes":"88%","userRating":"5","starRating":"5","hotelType":null,"bestFor":null,"sortOrder":"1","facilities":"Gym,Pool","facilitiesText":"Spa","price":"199","travelText":"save","hotelId":"37425","marketText":"Book 10 Days in Advance & Save 15%","isMemberExclusive":"0","isPromocodeApplicable":"value"},"hotel-id#4":{"hotelNameOld":"Gran Melia Jakarta","hotelName":"Gran Melia Jakarta","hotelNameUtf8":"Gran Melia Jakarta","countryName":"Indonesia","countryCode":"IDN","cityName":"Jakarta","thImgUrl":null,"blackOutDates":null,"currency":"AUD","curySymbole":"$","promoId":null,"shortMarketingText":"Book 3 Days in Advance & Save 10%","reviewerScore":"60","likes":"88%","userRating":"5","starRating":"5","hotelType":null,"bestFor":null,"sortOrder":"1","facilities":"Gym,Pool","facilitiesText":"Spa","price":"199","travelText":"save","hotelId":"37425","marketText":"Book 3 Days in Advance & Save 10%","isMemberExclusive":"0","isPromocodeApplicable":"value"},"hotel-id#5":{"hotelNameOld":"Gran Melia Jakarta","hotelName":"Gran Melia Jakarta","hotelNameUtf8":"Gran Melia Jakarta","countryName":"Indonesia","countryCode":"IDN","cityName":"Jakarta","thImgUrl":null,"blackOutDates":null,"currency":"AUD","curySymbole":"$","promoId":null,"shortMarketingText":"Stay 3 Nights & Save 30%","reviewerScore":"60","likes":"88%","userRating":"5","starRating":"5","hotelType":null,"bestFor":null,"sortOrder":"1","facilities":"Gym,Pool","facilitiesText":"Spa","price":"199","travelText":"save","hotelId":"37425","marketText":"Stay 3 Nights & Save 30%","isMemberExclusive":"0","isPromocodeApplicable":"value"},"hotel-id#6":{"hotelNameOld":"Hotel Mulia Senayan Jakarta","hotelName":"Hotel Mulia Senayan Jakarta","hotelNameUtf8":"Hotel Mulia Senayan Jakarta","countryName":"Indonesia","countryCode":"IDN","cityName":"Jakarta","thImgUrl":null,"blackOutDates":null,"currency":"AUD","curySymbole":"$","promoId":null,"shortMarketingText":"Stay 3 Nights & Save 15%","reviewerScore":"60","likes":"88%","userRating":"5","starRating":"5","hotelType":null,"bestFor":null,"sortOrder":"1","facilities":"Gym,Pool","facilitiesText":"Spa","price":"199","travelText":"save","hotelId":"210143","marketText":"Stay 3 Nights & Save 15%","isMemberExclusive":"0","isPromocodeApplicable":"value"},"hotel-id#7":{"hotelNameOld":"Hotel Gran Mahakam","hotelName":"Hotel Gran Mahakam","hotelNameUtf8":"Hotel Gran Mahakam","countryName":"Indonesia","countryCode":"IDN","cityName":"Jakarta","thImgUrl":null,"blackOutDates":null,"currency":"AUD","curySymbole":"$","promoId":null,"shortMarketingText":"Book Now & Save 10%","reviewerScore":"60","likes":"88%","userRating":"5","starRating":"5","hotelType":null,"bestFor":null,"sortOrder":"1","facilities":"Gym,Pool","facilitiesText":"Spa","price":"199","travelText":"save","hotelId":"602891","marketText":"Book Now & Save 10%","isMemberExclusive":"0","isPromocodeApplicable":"value"},"hotel-id#8":{"hotelNameOld":"Hotel Gran Mahakam","hotelName":"Hotel Gran Mahakam","hotelNameUtf8":"Hotel Gran Mahakam","countryName":"Indonesia","countryCode":"IDN","cityName":"Jakarta","thImgUrl":null,"blackOutDates":null,"currency":"AUD","curySymbole":"$","promoId":null,"shortMarketingText":"Book Now & Save 20%","reviewerScore":"60","likes":"88%","userRating":"5","starRating":"5","hotelType":null,"bestFor":null,"sortOrder":"1","facilities":"Gym,Pool","facilitiesText":"Spa","price":"199","travelText":"save","hotelId":"602891","marketText":"Book Now & Save 20%","isMemberExclusive":"0","isPromocodeApplicable":"value"},"hotel-id#9":{"hotelNameOld":"Millennium Hotel Sirih Jakarta","hotelName":"Millennium Hotel Sirih Jakarta","hotelNameUtf8":"Millennium Hotel Sirih Jakarta","countryName":"Indonesia","countryCode":"IDN","cityName":"Jakarta","thImgUrl":"https:\/\/www.tnetnoc.com\/hotelphotos\/024\/12024\/2241284-Millennium-Hotel-Sirih-Jakarta-Lobby-1-LP.jpg","blackOutDates":null,"currency":"AUD","curySymbole":"$","promoId":null,"shortMarketingText":"Book Now & Save 50%","reviewerScore":"60","likes":"88%","userRating":"4","starRating":"4","hotelType":null,"bestFor":null,"sortOrder":"1","facilities":"Gym,Pool","facilitiesText":"Spa","price":"199","travelText":"save","hotelId":"12024","marketText":"Book Now & Save 50%","isMemberExclusive":"0","isPromocodeApplicable":"value"},"hotel-id#10":{"hotelNameOld":"Millennium Hotel Sirih Jakarta","hotelName":"Millennium Hotel Sirih Jakarta","hotelNameUtf8":"Millennium Hotel Sirih Jakarta","countryName":"Indonesia","countryCode":"IDN","cityName":"Jakarta","thImgUrl":"https:\/\/www.tnetnoc.com\/hotelphotos\/024\/12024\/2241284-Millennium-Hotel-Sirih-Jakarta-Lobby-1-LP.jpg","blackOutDates":null,"currency":"AUD","curySymbole":"$","promoId":null,"shortMarketingText":"Book Now & Save 28%","reviewerScore":"60","likes":"88%","userRating":"4","starRating":"4","hotelType":null,"bestFor":null,"sortOrder":"1","facilities":"Gym,Pool","facilitiesText":"Spa","price":"199","travelText":"save","hotelId":"12024","marketText":"Book Now & Save 28%","isMemberExclusive":"0","isPromocodeApplicable":"value"},"hotel-id#11":{"hotelNameOld":"Millennium Hotel Sirih Jakarta","hotelName":"Millennium Hotel Sirih Jakarta","hotelNameUtf8":"Millennium Hotel Sirih Jakarta","countryName":"Indonesia","countryCode":"IDN","cityName":"Jakarta","thImgUrl":"https:\/\/www.tnetnoc.com\/hotelphotos\/024\/12024\/2241284-Millennium-Hotel-Sirih-Jakarta-Lobby-1-LP.jpg","blackOutDates":null,"currency":"AUD","curySymbole":"$","promoId":null,"shortMarketingText":"Stay 2 Nights & Save 25%","reviewerScore":"60","likes":"88%","userRating":"4","starRating":"4","hotelType":null,"bestFor":null,"sortOrder":"1","facilities":"Gym,Pool","facilitiesText":"Spa","price":"199","travelText":"save","hotelId":"12024","marketText":"Stay 2 Nights & Save 25%","isMemberExclusive":"0","isPromocodeApplicable":"value"},"hotel-id#12":{"hotelNameOld":"Millennium Hotel Sirih Jakarta","hotelName":"Millennium Hotel Sirih Jakarta","hotelNameUtf8":"Millennium Hotel Sirih Jakarta","countryName":"Indonesia","countryCode":"IDN","cityName":"Jakarta","thImgUrl":"https:\/\/www.tnetnoc.com\/hotelphotos\/024\/12024\/2241284-Millennium-Hotel-Sirih-Jakarta-Lobby-1-LP.jpg","blackOutDates":null,"currency":"AUD","curySymbole":"$","promoId":null,"shortMarketingText":"Stay 3 Nights & Save 30%","reviewerScore":"60","likes":"88%","userRating":"4","starRating":"4","hotelType":null,"bestFor":null,"sortOrder":"1","facilities":"Gym,Pool","facilitiesText":"Spa","price":"199","travelText":"save","hotelId":"12024","marketText":"Stay 3 Nights & Save 30%","isMemberExclusive":"0","isPromocodeApplicable":"value"},"hotel-id#13":{"hotelNameOld":"Millennium Hotel Sirih Jakarta","hotelName":"Millennium Hotel Sirih Jakarta","hotelNameUtf8":"Millennium Hotel Sirih Jakarta","countryName":"Indonesia","countryCode":"IDN","cityName":"Jakarta","thImgUrl":"https:\/\/www.tnetnoc.com\/hotelphotos\/024\/12024\/2241284-Millennium-Hotel-Sirih-Jakarta-Lobby-1-LP.jpg","blackOutDates":null,"currency":"AUD","curySymbole":"$","promoId":null,"shortMarketingText":"Book 31 Days In Advance & Save 30%","reviewerScore":"60","likes":"88%","userRating":"4","starRating":"4","hotelType":null,"bestFor":null,"sortOrder":"1","facilities":"Gym,Pool","facilitiesText":"Spa","price":"199","travelText":"save","hotelId":"12024","marketText":"Book 31 Days In Advance & Save 30%","isMemberExclusive":"0","isPromocodeApplicable":"value"},"hotel-id#14":{"hotelNameOld":"The Media Hotel and Towers","hotelName":"The Media Hotel and Towers","hotelNameUtf8":"The Media Hotel and Towers","countryName":"Indonesia","countryCode":"IDN","cityName":"Jakarta","thImgUrl":null,"blackOutDates":null,"currency":"AUD","curySymbole":"$","promoId":null,"shortMarketingText":"Stay 3 Nights & Save 30%","reviewerScore":"60","likes":"88%","userRating":"5","starRating":"5","hotelType":null,"bestFor":null,"sortOrder":"1","facilities":"Gym,Pool","facilitiesText":"Spa","price":"199","travelText":"save","hotelId":"936","marketText":"Stay 3 Nights & Save 30%","isMemberExclusive":"0","isPromocodeApplicable":"value"},"hotel-id#15":{"hotelNameOld":"The Media Hotel and Towers","hotelName":"The Media Hotel and Towers","hotelNameUtf8":"The Media Hotel and Towers","countryName":"Indonesia","countryCode":"IDN","cityName":"Jakarta","thImgUrl":null,"blackOutDates":null,"currency":"AUD","curySymbole":"$","promoId":null,"shortMarketingText":"Book 7 Days in Advance & Save 15%","reviewerScore":"60","likes":"88%","userRating":"5","starRating":"5","hotelType":null,"bestFor":null,"sortOrder":"1","facilities":"Gym,Pool","facilitiesText":"Spa","price":"199","travelText":"save","hotelId":"936","marketText":"Book 7 Days in Advance & Save 15%","isMemberExclusive":"0","isPromocodeApplicable":"value"},"hotel-id#16":{"hotelNameOld":"The Media Hotel and Towers","hotelName":"The Media Hotel and Towers","hotelNameUtf8":"The Media Hotel and Towers","countryName":"Indonesia","countryCode":"IDN","cityName":"Jakarta","thImgUrl":null,"blackOutDates":null,"currency":"AUD","curySymbole":"$","promoId":null,"shortMarketingText":"Book 14 Days in Advance & Save 20%","reviewerScore":"60","likes":"88%","userRating":"5","starRating":"5","hotelType":null,"bestFor":null,"sortOrder":"1","facilities":"Gym,Pool","facilitiesText":"Spa","price":"199","travelText":"save","hotelId":"936","marketText":"Book 14 Days in Advance & Save 20%","isMemberExclusive":"0","isPromocodeApplicable":"value"},"hotel-id#17":{"hotelNameOld":"Harris Tebet Hotel Jakarta","hotelName":"Harris Tebet Hotel Jakarta","hotelNameUtf8":"Harris Tebet Hotel Jakarta","countryName":"Indonesia","countryCode":"IDN","cityName":"Jakarta","thImgUrl":null,"blackOutDates":null,"currency":"AUD","curySymbole":"$","promoId":null,"shortMarketingText":"Book 21 Days In Advance & Save 15%","reviewerScore":"60","likes":"88%","userRating":"4","starRating":"4","hotelType":null,"bestFor":null,"sortOrder":"1","facilities":"Gym,Pool","facilitiesText":"Spa","price":"199","travelText":"save","hotelId":"214744","marketText":"Book 21 Days In Advance & Save 15%","isMemberExclusive":"0","isPromocodeApplicable":"value"},"hotel-id#18":{"hotelNameOld":"Kempinski Hotel Jakarta","hotelName":"Kempinski Hotel Jakarta","hotelNameUtf8":"Kempinski Hotel Jakarta","countryName":"Indonesia","countryCode":"IDN","cityName":"Jakarta","thImgUrl":null,"blackOutDates":null,"currency":"AUD","curySymbole":"$","promoId":null,"shortMarketingText":"Book 7 Days in Advance & Save 20%","reviewerScore":"60","likes":"88%","userRating":"5","starRating":"5","hotelType":null,"bestFor":null,"sortOrder":"1","facilities":"Gym,Pool","facilitiesText":"Spa","price":"199","travelText":"save","hotelId":"289075","marketText":"Book 7 Days in Advance & Save 20%","isMemberExclusive":"0","isPromocodeApplicable":"value"},"hotel-id#19":{"hotelNameOld":"BEST WESTERN Mangga Dua Hotel & Residence","hotelName":"BEST WESTERN Mangga Dua Hotel & Residence","hotelNameUtf8":"BEST WESTERN Mangga Dua Hotel & Residence","countryName":"Indonesia","countryCode":"IDN","cityName":"Jakarta","thImgUrl":null,"blackOutDates":null,"currency":"AUD","curySymbole":"$","promoId":null,"shortMarketingText":"Save 10% on your stay","reviewerScore":"60","likes":"88%","userRating":"3","starRating":"3","hotelType":null,"bestFor":null,"sortOrder":"1","facilities":"Gym,Pool","facilitiesText":"Spa","price":"199","travelText":"save","hotelId":"676551","marketText":"Save 10% on your stay","isMemberExclusive":"0","isPromocodeApplicable":"value"},"hotel-id#20":{"hotelNameOld":"Favehotel Wahid Hasyim Jakarta","hotelName":"Favehotel Wahid Hasyim Jakarta","hotelNameUtf8":"Favehotel Wahid Hasyim Jakarta","countryName":"Indonesia","countryCode":"IDN","cityName":"Jakarta","thImgUrl":null,"blackOutDates":null,"currency":"AUD","curySymbole":"$","promoId":null,"shortMarketingText":"Book 10 Days In Advance & Save 20%","reviewerScore":"60","likes":"88%","userRating":"3","starRating":"3","hotelType":null,"bestFor":null,"sortOrder":"1","facilities":"Gym,Pool","facilitiesText":"Spa","price":"199","travelText":"save","hotelId":"758971","marketText":"Book 10 Days In Advance & Save 20%","isMemberExclusive":"0","isPromocodeApplicable":"value"},"hotel-id#21":{"hotelNameOld":"Rasuna Icon Hotel","hotelName":"Rasuna Icon Hotel","hotelNameUtf8":"Rasuna Icon Hotel","countryName":"Indonesia","countryCode":"IDN","cityName":"Jakarta","thImgUrl":null,"blackOutDates":null,"currency":"AUD","curySymbole":"$","promoId":null,"shortMarketingText":"Stay 3 Nights & Save 35%","reviewerScore":"60","likes":"88%","userRating":"4","starRating":"4","hotelType":null,"bestFor":null,"sortOrder":"1","facilities":"Gym,Pool","facilitiesText":"Spa","price":"199","travelText":"save","hotelId":"996851","marketText":"Stay 3 Nights & Save 35%","isMemberExclusive":"0","isPromocodeApplicable":"value"},"hotel-id#22":{"hotelNameOld":"Rasuna Icon Hotel","hotelName":"Rasuna Icon Hotel","hotelNameUtf8":"Rasuna Icon Hotel","countryName":"Indonesia","countryCode":"IDN","cityName":"Jakarta","thImgUrl":null,"blackOutDates":null,"currency":"AUD","curySymbole":"$","promoId":null,"shortMarketingText":"Book 3 Days In Advance & Save 30%","reviewerScore":"60","likes":"88%","userRating":"4","starRating":"4","hotelType":null,"bestFor":null,"sortOrder":"1","facilities":"Gym,Pool","facilitiesText":"Spa","price":"199","travelText":"save","hotelId":"996851","marketText":"Book 3 Days In Advance & Save 30%","isMemberExclusive":"0","isPromocodeApplicable":"value"},"hotel-id#23":{"hotelNameOld":"BEST WESTERN Hariston","hotelName":"BEST WESTERN Hariston","hotelNameUtf8":"BEST WESTERN Hariston","countryName":"Indonesia","countryCode":"IDN","cityName":"Jakarta","thImgUrl":null,"blackOutDates":null,"currency":"AUD","curySymbole":"$","promoId":null,"shortMarketingText":"Save 10% on your stay","reviewerScore":"60","likes":"88%","userRating":"4","starRating":"4","hotelType":null,"bestFor":null,"sortOrder":"1","facilities":"Gym,Pool","facilitiesText":"Spa","price":"199","travelText":"save","hotelId":"1198511","marketText":"Save 10% on your stay","isMemberExclusive":"0","isPromocodeApplicable":"value"},"hotel-id#24":{"hotelNameOld":"The Mira Hotel Hong Kong","hotelName":"The Mira Hotel Hong Kong","hotelNameUtf8":"The Mira Hotel Hong Kong","countryName":"Hong Kong","countryCode":"HKG","cityName":"Hong Kong","thImgUrl":"https:\/\/www.tnetnoc.com\/hotelphotos\/042\/323042\/2241284-The-Mira-Hotel-Hong-Kong-Hotel-Exterior-1-LP.jpg","blackOutDates":null,"currency":"AUD","curySymbole":"$","promoId":null,"shortMarketingText":"Book 21 Days In Advance & Save 20%","reviewerScore":"60","likes":"88%","userRating":"5","starRating":"5","hotelType":null,"bestFor":null,"sortOrder":"1","facilities":"Gym,Pool","facilitiesText":"Spa","price":"199","travelText":"save","hotelId":"323042","marketText":"Book 21 Days In Advance & Save 20%","isMemberExclusive":"0","isPromocodeApplicable":"value"},"hotel-id#25":{"hotelNameOld":"Island Pacific Hotel Hong Kong","hotelName":"Island Pacific Hotel Hong Kong","hotelNameUtf8":"Island Pacific Hotel Hong Kong","countryName":"Hong Kong","countryCode":"HKG","cityName":"Hong Kong","thImgUrl":"https:\/\/www.tnetnoc.com\/hotelphotos\/539\/39539\/2631759-Island-Pacific-Hotel-Hong-Kong-Lobby-1-LP.jpg","blackOutDates":null,"currency":"AUD","curySymbole":"$","promoId":null,"shortMarketingText":"Stay 4 Nights & Save 25% With WiFi","reviewerScore":"60","likes":"88%","userRating":"3","starRating":"3","hotelType":null,"bestFor":null,"sortOrder":"1","facilities":"Gym,Pool","facilitiesText":"Spa","price":"199","travelText":"save","hotelId":"39539","marketText":"Stay 4 Nights & Save 25% With WiFi","isMemberExclusive":"0","isPromocodeApplicable":"value"},"hotel-id#26":{"hotelNameOld":"Island Pacific Hotel Hong Kong","hotelName":"Island Pacific Hotel Hong Kong","hotelNameUtf8":"Island Pacific Hotel Hong Kong","countryName":"Hong Kong","countryCode":"HKG","cityName":"Hong Kong","thImgUrl":"https:\/\/www.tnetnoc.com\/hotelphotos\/539\/39539\/2631759-Island-Pacific-Hotel-Hong-Kong-Lobby-1-LP.jpg","blackOutDates":null,"currency":"AUD","curySymbole":"$","promoId":null,"shortMarketingText":"Book 30 Days In Advance Save 25% & FREE WiFi","reviewerScore":"60","likes":"88%","userRating":"3","starRating":"3","hotelType":null,"bestFor":null,"sortOrder":"1","facilities":"Gym,Pool","facilitiesText":"Spa","price":"199","travelText":"save","hotelId":"39539","marketText":"Book 30 Days In Advance Save 25% & FREE WiFi","isMemberExclusive":"0","isPromocodeApplicable":"value"},"hotel-id#27":{"hotelNameOld":"JW Marriott Hotel Hong Kong","hotelName":"JW Marriott Hotel Hong Kong","hotelNameUtf8":"JW Marriott Hotel Hong Kong","countryName":"Hong Kong","countryCode":"HKG","cityName":"Hong Kong","thImgUrl":null,"blackOutDates":null,"currency":"AUD","curySymbole":"$","promoId":null,"shortMarketingText":"Save 20% On Your Stay","reviewerScore":"60","likes":"88%","userRating":"5","starRating":"5","hotelType":null,"bestFor":null,"sortOrder":"1","facilities":"Gym,Pool","facilitiesText":"Spa","price":"199","travelText":"save","hotelId":"16901","marketText":"Save 20% On Your Stay","isMemberExclusive":"0","isPromocodeApplicable":"value"},"hotel-id#28":{"hotelNameOld":"Kowloon Shangri-La","hotelName":"Kowloon Shangri-La","hotelNameUtf8":"Kowloon Shangri-La","countryName":"Hong Kong","countryCode":"HKG","cityName":"Hong Kong","thImgUrl":null,"blackOutDates":null,"currency":"AUD","curySymbole":"$","promoId":null,"shortMarketingText":"Book 30 Days In Advance & Save 15%","reviewerScore":"60","likes":"88%","userRating":"5","starRating":"5","hotelType":null,"bestFor":null,"sortOrder":"1","facilities":"Gym,Pool","facilitiesText":"Spa","price":"199","travelText":"save","hotelId":"11548","marketText":"Book 30 Days In Advance & Save 15%","isMemberExclusive":"0","isPromocodeApplicable":"value"},"hotel-id#29":{"hotelNameOld":"Panda Hotel Hong Kong","hotelName":"Panda Hotel Hong Kong","hotelNameUtf8":"Panda Hotel Hong Kong","countryName":"Hong Kong","countryCode":"HKG","cityName":"Hong Kong","thImgUrl":"https:\/\/www.tnetnoc.com\/hotelphotos\/940\/319940\/2631759-Panda-Hotel-Hong-Kong-Hotel-Exterior-1-LP.jpg","blackOutDates":null,"currency":"AUD","curySymbole":"$","promoId":null,"shortMarketingText":"Stay 3 Nights & Save 8%","reviewerScore":"60","likes":"88%","userRating":"4","starRating":"4","hotelType":null,"bestFor":null,"sortOrder":"1","facilities":"Gym,Pool","facilitiesText":"Spa","price":"199","travelText":"save","hotelId":"319940","marketText":"Stay 3 Nights & Save 8%","isMemberExclusive":"0","isPromocodeApplicable":"value"},"hotel-id#30":{"hotelNameOld":"Panda Hotel Hong Kong","hotelName":"Panda Hotel Hong Kong","hotelNameUtf8":"Panda Hotel Hong Kong","countryName":"Hong Kong","countryCode":"HKG","cityName":"Hong Kong","thImgUrl":"https:\/\/www.tnetnoc.com\/hotelphotos\/940\/319940\/2631759-Panda-Hotel-Hong-Kong-Hotel-Exterior-1-LP.jpg","blackOutDates":null,"currency":"AUD","curySymbole":"$","promoId":null,"shortMarketingText":"Book 14 Days In Advance & Save 8%","reviewerScore":"60","likes":"88%","userRating":"4","starRating":"4","hotelType":null,"bestFor":null,"sortOrder":"1","facilities":"Gym,Pool","facilitiesText":"Spa","price":"199","travelText":"save","hotelId":"319940","marketText":"Book 14 Days In Advance & Save 8%","isMemberExclusive":"0","isPromocodeApplicable":"value"}}