{"hotel-id#1":{"hotelNameOld":"BEST WESTERN The Cromwell","hotelName":"BEST WESTERN The Cromwell","hotelNameUtf8":"BEST WESTERN The Cromwell","countryName":"United Kingdom","countryCode":"GBR","cityName":"London","thImgUrl":null,"blackOutDates":null,"currency":"AUD","curySymbole":"$","promoId":null,"shortMarketingText":"Stay 3 Nights - Save 5%","reviewerScore":"60","likes":"88%","userRating":"4","starRating":"4","hotelType":null,"bestFor":null,"sortOrder":"1","facilities":"Gym,Pool","facilitiesText":"Spa","price":"199","travelText":"save","hotelId":"225022","marketText":"Stay 3 Nights - Save 5%","isMemberExclusive":"0","isPromocodeApplicable":"value"},"hotel-id#2":{"hotelNameOld":"Best Western Paddington Court Hotel","hotelName":"Best Western Paddington Court Hotel","hotelNameUtf8":"Best Western Paddington Court Hotel","countryName":"United Kingdom","countryCode":"GBR","cityName":"London","thImgUrl":null,"blackOutDates":null,"currency":"AUD","curySymbole":"$","promoId":null,"shortMarketingText":"Stay 3 Nights Save 10%","reviewerScore":"60","likes":"88%","userRating":"3","starRating":"3","hotelType":null,"bestFor":null,"sortOrder":"1","facilities":"Gym,Pool","facilitiesText":"Spa","price":"199","travelText":"save","hotelId":"43713","marketText":"Stay 3 Nights Save 10%","isMemberExclusive":"0","isPromocodeApplicable":"value"},"hotel-id#3":{"hotelNameOld":"Best Western Paddington Court Hotel","hotelName":"Best Western Paddington Court Hotel","hotelNameUtf8":"Best Western Paddington Court Hotel","countryName":"United Kingdom","countryCode":"GBR","cityName":"London","thImgUrl":null,"blackOutDates":null,"currency":"AUD","curySymbole":"$","promoId":null,"shortMarketingText":"Book early and Save 12%!","reviewerScore":"60","likes":"88%","userRating":"3","starRating":"3","hotelType":null,"bestFor":null,"sortOrder":"1","facilities":"Gym,Pool","facilitiesText":"Spa","price":"199","travelText":"save","hotelId":"43713","marketText":"Book early and Save 12%!","isMemberExclusive":"0","isPromocodeApplicable":"value"},"hotel-id#4":{"hotelNameOld":"Millennium Baileys Hotel London Kensington","hotelName":"Millennium Baileys Hotel London Kensington","hotelNameUtf8":"Millennium Baileys Hotel London Kensington","countryName":"United Kingdom","countryCode":"GBR","cityName":"London","thImgUrl":null,"blackOutDates":null,"currency":"AUD","curySymbole":"$","promoId":null,"shortMarketingText":"Stay More Pay Less - Breakfast Included","reviewerScore":"60","likes":"88%","userRating":"4","starRating":"4","hotelType":null,"bestFor":null,"sortOrder":"1","facilities":"Gym,Pool","facilitiesText":"Spa","price":"199","travelText":"save","hotelId":"2328","marketText":"Stay More Pay Less - Breakfast Included","isMemberExclusive":"0","isPromocodeApplicable":"value"},"hotel-id#5":{"hotelNameOld":"Millennium Baileys Hotel London Kensington","hotelName":"Millennium Baileys Hotel London Kensington","hotelNameUtf8":"Millennium Baileys Hotel London Kensington","countryName":"United Kingdom","countryCode":"GBR","cityName":"London","thImgUrl":null,"blackOutDates":null,"currency":"AUD","curySymbole":"$","promoId":null,"shortMarketingText":"Book Early & Save 15 %","reviewerScore":"60","likes":"88%","userRating":"4","starRating":"4","hotelType":null,"bestFor":null,"sortOrder":"1","facilities":"Gym,Pool","facilitiesText":"Spa","price":"199","travelText":"save","hotelId":"2328","marketText":"Book Early & Save 15 %","isMemberExclusive":"0","isPromocodeApplicable":"value"},"hotel-id#6":{"hotelNameOld":"Millennium Baileys Hotel London Kensington","hotelName":"Millennium Baileys Hotel London Kensington","hotelNameUtf8":"Millennium Baileys Hotel London Kensington","countryName":"United Kingdom","countryCode":"GBR","cityName":"London","thImgUrl":null,"blackOutDates":null,"currency":"AUD","curySymbole":"$","promoId":null,"shortMarketingText":"Book 14 days in advance and Save 20%","reviewerScore":"60","likes":"88%","userRating":"4","starRating":"4","hotelType":null,"bestFor":null,"sortOrder":"1","facilities":"Gym,Pool","facilitiesText":"Spa","price":"199","travelText":"save","hotelId":"2328","marketText":"Book 14 days in advance and Save 20%","isMemberExclusive":"0","isPromocodeApplicable":"value"},"hotel-id#7":{"hotelNameOld":"The Langham Hotel London","hotelName":"The Langham Hotel London","hotelNameUtf8":"The Langham Hotel London","countryName":"United Kingdom","countryCode":"GBR","cityName":"London","thImgUrl":null,"blackOutDates":null,"currency":"AUD","curySymbole":"$","promoId":null,"shortMarketingText":"Advance Purchase Saving","reviewerScore":"60","likes":"88%","userRating":"5","starRating":"5","hotelType":null,"bestFor":null,"sortOrder":"1","facilities":"Gym,Pool","facilitiesText":"Spa","price":"199","travelText":"save","hotelId":"229659","marketText":"Advance Purchase Saving","isMemberExclusive":"0","isPromocodeApplicable":"value"},"hotel-id#8":{"hotelNameOld":"Millennium Hotel London Mayfair","hotelName":"Millennium Hotel London Mayfair","hotelNameUtf8":"Millennium Hotel London Mayfair","countryName":"United Kingdom","countryCode":"GBR","cityName":"London","thImgUrl":null,"blackOutDates":null,"currency":"AUD","curySymbole":"$","promoId":null,"shortMarketingText":"Book 14 Days in Advance & Save 20%","reviewerScore":"60","likes":"88%","userRating":"4","starRating":"4","hotelType":null,"bestFor":null,"sortOrder":"1","facilities":"Gym,Pool","facilitiesText":"Spa","price":"199","travelText":"save","hotelId":"46218","marketText":"Book 14 Days in Advance & Save 20%","isMemberExclusive":"0","isPromocodeApplicable":"value"},"hotel-id#9":{"hotelNameOld":"Millennium Hotel London Mayfair","hotelName":"Millennium Hotel London Mayfair","hotelNameUtf8":"Millennium Hotel London Mayfair","countryName":"United Kingdom","countryCode":"GBR","cityName":"London","thImgUrl":null,"blackOutDates":null,"currency":"AUD","curySymbole":"$","promoId":null,"shortMarketingText":"Stay More Pay Less - Breakfast Included","reviewerScore":"60","likes":"88%","userRating":"4","starRating":"4","hotelType":null,"bestFor":null,"sortOrder":"1","facilities":"Gym,Pool","facilitiesText":"Spa","price":"199","travelText":"save","hotelId":"46218","marketText":"Stay More Pay Less - Breakfast Included","isMemberExclusive":"0","isPromocodeApplicable":"value"},"hotel-id#10":{"hotelNameOld":"The Chelsea Harbour Hotel","hotelName":"The Chelsea Harbour Hotel","hotelNameUtf8":"The Chelsea Harbour Hotel","countryName":"United Kingdom","countryCode":"GBR","cityName":"London","thImgUrl":null,"blackOutDates":null,"currency":"AUD","curySymbole":"$","promoId":null,"shortMarketingText":"Stay More Pay Less - Breakfast Included","reviewerScore":"60","likes":"88%","userRating":"5","starRating":"5","hotelType":null,"bestFor":null,"sortOrder":"1","facilities":"Gym,Pool","facilitiesText":"Spa","price":"199","travelText":"save","hotelId":"247078","marketText":"Stay More Pay Less - Breakfast Included","isMemberExclusive":"0","isPromocodeApplicable":"value"},"hotel-id#11":{"hotelNameOld":"The Chelsea Harbour Hotel","hotelName":"The Chelsea Harbour Hotel","hotelNameUtf8":"The Chelsea Harbour Hotel","countryName":"United Kingdom","countryCode":"GBR","cityName":"London","thImgUrl":null,"blackOutDates":null,"currency":"AUD","curySymbole":"$","promoId":null,"shortMarketingText":"Book Early & Save 15%","reviewerScore":"60","likes":"88%","userRating":"5","starRating":"5","hotelType":null,"bestFor":null,"sortOrder":"1","facilities":"Gym,Pool","facilitiesText":"Spa","price":"199","travelText":"save","hotelId":"247078","marketText":"Book Early & Save 15%","isMemberExclusive":"0","isPromocodeApplicable":"value"},"hotel-id#12":{"hotelNameOld":"The Chelsea Harbour Hotel","hotelName":"The Chelsea Harbour Hotel","hotelNameUtf8":"The Chelsea Harbour Hotel","countryName":"United Kingdom","countryCode":"GBR","cityName":"London","thImgUrl":null,"blackOutDates":null,"currency":"AUD","curySymbole":"$","promoId":null,"shortMarketingText":"Book 14 Days in Advance & Save 20%","reviewerScore":"60","likes":"88%","userRating":"5","starRating":"5","hotelType":null,"bestFor":null,"sortOrder":"1","facilities":"Gym,Pool","facilitiesText":"Spa","price":"199","travelText":"save","hotelId":"247078","marketText":"Book 14 Days in Advance & Save 20%","isMemberExclusive":"0","isPromocodeApplicable":"value"},"hotel-id#13":{"hotelNameOld":"The Landmark London  Hotel","hotelName":"The Landmark London  Hotel","hotelNameUtf8":"The Landmark London  Hotel","countryName":"United Kingdom","countryCode":"GBR","cityName":"London","thImgUrl":null,"blackOutDates":null,"currency":"AUD","curySymbole":"$","promoId":null,"shortMarketingText":"Book Now & Save 10%","reviewerScore":"60","likes":"88%","userRating":"5","starRating":"5","hotelType":null,"bestFor":null,"sortOrder":"1","facilities":"Gym,Pool","facilitiesText":"Spa","price":"199","travelText":"save","hotelId":"278821","marketText":"Book Now & Save 10%","isMemberExclusive":"0","isPromocodeApplicable":"value"},"hotel-id#14":{"hotelNameOld":"Citadines Barbican London","hotelName":"Citadines Barbican London","hotelNameUtf8":"Citadines Barbican London","countryName":"United Kingdom","countryCode":"GBR","cityName":"London","thImgUrl":null,"blackOutDates":null,"currency":"AUD","curySymbole":"$","promoId":null,"shortMarketingText":"","reviewerScore":"60","likes":"88%","userRating":"3","starRating":"3","hotelType":null,"bestFor":null,"sortOrder":"1","facilities":"Gym,Pool","facilitiesText":"Spa","price":"199","travelText":"save","hotelId":"307031","marketText":"","isMemberExclusive":"0","isPromocodeApplicable":"value"},"hotel-id#15":{"hotelNameOld":"Taj 51 Buckingham Gate London","hotelName":"Taj 51 Buckingham Gate London","hotelNameUtf8":"Taj 51 Buckingham Gate London","countryName":"United Kingdom","countryCode":"GBR","cityName":"London","thImgUrl":null,"blackOutDates":null,"currency":"AUD","curySymbole":"$","promoId":null,"shortMarketingText":"Early Bird - Save 10% on your stay","reviewerScore":"60","likes":"88%","userRating":"5","starRating":"5","hotelType":null,"bestFor":null,"sortOrder":"1","facilities":"Gym,Pool","facilitiesText":"Spa","price":"199","travelText":"save","hotelId":"70917","marketText":"Early Bird - Save 10% on your stay","isMemberExclusive":"0","isPromocodeApplicable":"value"},"hotel-id#16":{"hotelNameOld":"Park Lane Mews Hotel","hotelName":"Park Lane Mews Hotel","hotelNameUtf8":"Park Lane Mews Hotel","countryName":"United Kingdom","countryCode":"GBR","cityName":"London","thImgUrl":null,"blackOutDates":null,"currency":"AUD","curySymbole":"$","promoId":null,"shortMarketingText":"10% Off 3 Nights Or More","reviewerScore":"60","likes":"88%","userRating":"4","starRating":"4","hotelType":null,"bestFor":null,"sortOrder":"1","facilities":"Gym,Pool","facilitiesText":"Spa","price":"199","travelText":"save","hotelId":"282152","marketText":"10% Off 3 Nights Or More","isMemberExclusive":"0","isPromocodeApplicable":"value"},"hotel-id#17":{"hotelNameOld":"Danubius Hotel Regents Park","hotelName":"Danubius Hotel Regents Park","hotelNameUtf8":"Danubius Hotel Regents Park","countryName":"United Kingdom","countryCode":"GBR","cityName":"London","thImgUrl":null,"blackOutDates":null,"currency":"AUD","curySymbole":"$","promoId":null,"shortMarketingText":"Stay 5 Nights & Save 25%","reviewerScore":"60","likes":"88%","userRating":"4","starRating":"4","hotelType":null,"bestFor":null,"sortOrder":"1","facilities":"Gym,Pool","facilitiesText":"Spa","price":"199","travelText":"save","hotelId":"287549","marketText":"Stay 5 Nights & Save 25%","isMemberExclusive":"0","isPromocodeApplicable":"value"},"hotel-id#18":{"hotelNameOld":"Danubius Hotel Regents Park","hotelName":"Danubius Hotel Regents Park","hotelNameUtf8":"Danubius Hotel Regents Park","countryName":"United Kingdom","countryCode":"GBR","cityName":"London","thImgUrl":null,"blackOutDates":null,"currency":"AUD","curySymbole":"$","promoId":null,"shortMarketingText":"Stay 3 Nights & Save 20%","reviewerScore":"60","likes":"88%","userRating":"4","starRating":"4","hotelType":null,"bestFor":null,"sortOrder":"1","facilities":"Gym,Pool","facilitiesText":"Spa","price":"199","travelText":"save","hotelId":"287549","marketText":"Stay 3 Nights & Save 20%","isMemberExclusive":"0","isPromocodeApplicable":"value"},"hotel-id#19":{"hotelNameOld":"Westbury Hotel","hotelName":"Westbury Hotel","hotelNameUtf8":"Westbury Hotel","countryName":"United Kingdom","countryCode":"GBR","cityName":"London","thImgUrl":null,"blackOutDates":null,"currency":"AUD","curySymbole":"$","promoId":null,"shortMarketingText":"SAVE 10%","reviewerScore":"60","likes":"88%","userRating":"3","starRating":"3","hotelType":null,"bestFor":null,"sortOrder":"1","facilities":"Gym,Pool","facilitiesText":"Spa","price":"199","travelText":"save","hotelId":"247395","marketText":"SAVE 10%","isMemberExclusive":"0","isPromocodeApplicable":"value"},"hotel-id#20":{"hotelNameOld":"Park International Hotel","hotelName":"Park International Hotel","hotelNameUtf8":"Park International Hotel","countryName":"United Kingdom","countryCode":"GBR","cityName":"London","thImgUrl":null,"blackOutDates":null,"currency":"AUD","curySymbole":"$","promoId":null,"shortMarketingText":"Save 5% On 3 Night Stays","reviewerScore":"60","likes":"88%","userRating":"4","starRating":"4","hotelType":null,"bestFor":null,"sortOrder":"1","facilities":"Gym,Pool","facilitiesText":"Spa","price":"199","travelText":"save","hotelId":"60733","marketText":"Save 5% On 3 Night Stays","isMemberExclusive":"0","isPromocodeApplicable":"value"},"hotel-id#21":{"hotelNameOld":"Park International Hotel","hotelName":"Park International Hotel","hotelNameUtf8":"Park International Hotel","countryName":"United Kingdom","countryCode":"GBR","cityName":"London","thImgUrl":null,"blackOutDates":null,"currency":"AUD","curySymbole":"$","promoId":null,"shortMarketingText":"Stay 3 Nights & Save 20% on Suites","reviewerScore":"60","likes":"88%","userRating":"4","starRating":"4","hotelType":null,"bestFor":null,"sortOrder":"1","facilities":"Gym,Pool","facilitiesText":"Spa","price":"199","travelText":"save","hotelId":"60733","marketText":"Stay 3 Nights & Save 20% on Suites","isMemberExclusive":"0","isPromocodeApplicable":"value"},"hotel-id#22":{"hotelNameOld":"Kensington Rooms London","hotelName":"Kensington Rooms London","hotelNameUtf8":"Kensington Rooms London","countryName":"United Kingdom","countryCode":"GBR","cityName":"London","thImgUrl":null,"blackOutDates":null,"currency":"AUD","curySymbole":"$","promoId":null,"shortMarketingText":"Book Now and Save","reviewerScore":"60","likes":"88%","userRating":"3","starRating":"3","hotelType":null,"bestFor":null,"sortOrder":"1","facilities":"Gym,Pool","facilitiesText":"Spa","price":"199","travelText":"save","hotelId":"318607","marketText":"Book Now and Save","isMemberExclusive":"0","isPromocodeApplicable":"value"},"hotel-id#23":{"hotelNameOld":"Citadines Prestige Trafalgar Square London","hotelName":"Citadines Prestige Trafalgar Square London","hotelNameUtf8":"Citadines Prestige Trafalgar Square London","countryName":"United Kingdom","countryCode":"GBR","cityName":"London","thImgUrl":null,"blackOutDates":null,"currency":"AUD","curySymbole":"$","promoId":null,"shortMarketingText":"","reviewerScore":"60","likes":"88%","userRating":"4","starRating":"4","hotelType":null,"bestFor":null,"sortOrder":"1","facilities":"Gym,Pool","facilitiesText":"Spa","price":"199","travelText":"save","hotelId":"307030","marketText":"","isMemberExclusive":"0","isPromocodeApplicable":"value"},"hotel-id#24":{"hotelNameOld":"Citadines Prestige Holborn Covent Garden London","hotelName":"Citadines Prestige Holborn Covent Garden London","hotelNameUtf8":"Citadines Prestige Holborn Covent Garden London","countryName":"United Kingdom","countryCode":"GBR","cityName":"London","thImgUrl":null,"blackOutDates":null,"currency":"AUD","curySymbole":"$","promoId":null,"shortMarketingText":"","reviewerScore":"60","likes":"88%","userRating":"4","starRating":"4","hotelType":null,"bestFor":null,"sortOrder":"1","facilities":"Gym,Pool","facilitiesText":"Spa","price":"199","travelText":"save","hotelId":"306872","marketText":"","isMemberExclusive":"0","isPromocodeApplicable":"value"},"hotel-id#25":{"hotelNameOld":"Thistle Trafalgar Square, The Royal Trafalgar","hotelName":"Thistle Trafalgar Square, The Royal Trafalgar","hotelNameUtf8":"Thistle Trafalgar Square, The Royal Trafalgar","countryName":"United Kingdom","countryCode":"GBR","cityName":"London","thImgUrl":null,"blackOutDates":null,"currency":"AUD","curySymbole":"$","promoId":null,"shortMarketingText":"20% Off Sunday Nights","reviewerScore":"60","likes":"88%","userRating":"4","starRating":"4","hotelType":null,"bestFor":null,"sortOrder":"1","facilities":"Gym,Pool","facilitiesText":"Spa","price":"199","travelText":"save","hotelId":"2668","marketText":"20% Off Sunday Nights","isMemberExclusive":"0","isPromocodeApplicable":"value"},"hotel-id#26":{"hotelNameOld":"The Savoy - A Fairmont Managed Hotel","hotelName":"The Savoy - A Fairmont Managed Hotel","hotelNameUtf8":"The Savoy - A Fairmont Managed Hotel","countryName":"United Kingdom","countryCode":"GBR","cityName":"London","thImgUrl":null,"blackOutDates":null,"currency":"AUD","curySymbole":"$","promoId":null,"shortMarketingText":"Fairmont Moments - Save 10%","reviewerScore":"60","likes":"88%","userRating":"5","starRating":"5","hotelType":null,"bestFor":null,"sortOrder":"1","facilities":"Gym,Pool","facilitiesText":"Spa","price":"199","travelText":"save","hotelId":"81339","marketText":"Fairmont Moments - Save 10%","isMemberExclusive":"0","isPromocodeApplicable":"value"},"hotel-id#27":{"hotelNameOld":"Dolphin House London","hotelName":"Dolphin House London","hotelNameUtf8":"Dolphin House London","countryName":"United Kingdom","countryCode":"GBR","cityName":"London","thImgUrl":null,"blackOutDates":null,"currency":"AUD","curySymbole":"$","promoId":null,"shortMarketingText":"Reduced Rate","reviewerScore":"60","likes":"88%","userRating":"4","starRating":"4","hotelType":null,"bestFor":null,"sortOrder":"1","facilities":"Gym,Pool","facilitiesText":"Spa","price":"199","travelText":"save","hotelId":"246917","marketText":"Reduced Rate","isMemberExclusive":"0","isPromocodeApplicable":"value"},"hotel-id#28":{"hotelNameOld":"Millennium & Copthorne Hotels At Chelsea Football Club","hotelName":"Millennium & Copthorne Hotels At Chelsea Football Club","hotelNameUtf8":"Millennium & Copthorne Hotels At Chelsea Football Club","countryName":"United Kingdom","countryCode":"GBR","cityName":"London","thImgUrl":null,"blackOutDates":null,"currency":"AUD","curySymbole":"$","promoId":null,"shortMarketingText":"Book 14 Days in Advance & Save 20%","reviewerScore":"60","likes":"88%","userRating":"4","starRating":"4","hotelType":null,"bestFor":null,"sortOrder":"1","facilities":"Gym,Pool","facilitiesText":"Spa","price":"199","travelText":"save","hotelId":"210084","marketText":"Book 14 Days in Advance & Save 20%","isMemberExclusive":"0","isPromocodeApplicable":"value"},"hotel-id#29":{"hotelNameOld":"Millennium & Copthorne Hotels At Chelsea Football Club","hotelName":"Millennium & Copthorne Hotels At Chelsea Football Club","hotelNameUtf8":"Millennium & Copthorne Hotels At Chelsea Football Club","countryName":"United Kingdom","countryCode":"GBR","cityName":"London","thImgUrl":null,"blackOutDates":null,"currency":"AUD","curySymbole":"$","promoId":null,"shortMarketingText":"Stay 3 Nights & Save 25%","reviewerScore":"60","likes":"88%","userRating":"4","starRating":"4","hotelType":null,"bestFor":null,"sortOrder":"1","facilities":"Gym,Pool","facilitiesText":"Spa","price":"199","travelText":"save","hotelId":"210084","marketText":"Stay 3 Nights & Save 25%","isMemberExclusive":"0","isPromocodeApplicable":"value"},"hotel-id#30":{"hotelNameOld":"London Guards Hotel","hotelName":"London Guards Hotel","hotelNameUtf8":"London Guards Hotel","countryName":"United Kingdom","countryCode":"GBR","cityName":"London","thImgUrl":null,"blackOutDates":null,"currency":"AUD","curySymbole":"$","promoId":null,"shortMarketingText":"","reviewerScore":"60","likes":"88%","userRating":"3","starRating":"3","hotelType":null,"bestFor":null,"sortOrder":"1","facilities":"Gym,Pool","facilitiesText":"Spa","price":"199","travelText":"save","hotelId":"539961","marketText":"","isMemberExclusive":"0","isPromocodeApplicable":"value"}}