{"hotel-id#1":{"hotelNameOld":"Best Western Trafalgar Hotel","hotelName":"Best Western Trafalgar Hotel","hotelNameUtf8":"Best Western Trafalgar Hotel","countryName":"Spain","countryCode":"ESP","cityName":"Madrid","thImgUrl":null,"blackOutDates":null,"currency":"AUD","curySymbole":"$","promoId":null,"shortMarketingText":"SAVE 15% Non Refundable","reviewerScore":"60","likes":"88%","userRating":"3","starRating":"3","hotelType":null,"bestFor":null,"sortOrder":"1","facilities":"Gym,Pool","facilitiesText":"Spa","price":"199","travelText":"save","hotelId":"63305","marketText":"SAVE 15% Non Refundable","isMemberExclusive":"0","isPromocodeApplicable":"value"},"hotel-id#2":{"hotelNameOld":"Regina Hotel Madrid","hotelName":"Regina Hotel Madrid","hotelNameUtf8":"Regina Hotel Madrid","countryName":"Spain","countryCode":"ESP","cityName":"Madrid","thImgUrl":null,"blackOutDates":null,"currency":"AUD","curySymbole":"$","promoId":null,"shortMarketingText":"Book now and Save 60%","reviewerScore":"60","likes":"88%","userRating":"3","starRating":"3","hotelType":null,"bestFor":null,"sortOrder":"1","facilities":"Gym,Pool","facilitiesText":"Spa","price":"199","travelText":"save","hotelId":"291533","marketText":"Book now and Save 60%","isMemberExclusive":"0","isPromocodeApplicable":"value"},"hotel-id#3":{"hotelNameOld":"Regina Hotel Madrid","hotelName":"Regina Hotel Madrid","hotelNameUtf8":"Regina Hotel Madrid","countryName":"Spain","countryCode":"ESP","cityName":"Madrid","thImgUrl":null,"blackOutDates":null,"currency":"AUD","curySymbole":"$","promoId":null,"shortMarketingText":"Book Now & Save 50% - Non Refundable","reviewerScore":"60","likes":"88%","userRating":"3","starRating":"3","hotelType":null,"bestFor":null,"sortOrder":"1","facilities":"Gym,Pool","facilitiesText":"Spa","price":"199","travelText":"save","hotelId":"291533","marketText":"Book Now & Save 50% - Non Refundable","isMemberExclusive":"0","isPromocodeApplicable":"value"},"hotel-id#4":{"hotelNameOld":"AC Hotel Carlton Madrid by Marriott","hotelName":"AC Hotel Carlton Madrid by Marriott","hotelNameUtf8":"AC Hotel Carlton Madrid by Marriott","countryName":"Spain","countryCode":"ESP","cityName":"Madrid","thImgUrl":null,"blackOutDates":null,"currency":"AUD","curySymbole":"$","promoId":null,"shortMarketingText":"Save 10% on your stay","reviewerScore":"60","likes":"88%","userRating":"4","starRating":"4","hotelType":null,"bestFor":null,"sortOrder":"1","facilities":"Gym,Pool","facilitiesText":"Spa","price":"199","travelText":"save","hotelId":"113901","marketText":"Save 10% on your stay","isMemberExclusive":"0","isPromocodeApplicable":"value"},"hotel-id#5":{"hotelNameOld":"Gran Hotel Conde Duque","hotelName":"Gran Hotel Conde Duque","hotelNameUtf8":"Gran Hotel Conde Duque","countryName":"Spain","countryCode":"ESP","cityName":"Madrid","thImgUrl":null,"blackOutDates":null,"currency":"AUD","curySymbole":"$","promoId":null,"shortMarketingText":"Stay 3 Nights & Save 15%","reviewerScore":"60","likes":"88%","userRating":"4","starRating":"4","hotelType":null,"bestFor":null,"sortOrder":"1","facilities":"Gym,Pool","facilitiesText":"Spa","price":"199","travelText":"save","hotelId":"37152","marketText":"Stay 3 Nights & Save 15%","isMemberExclusive":"0","isPromocodeApplicable":"value"},"hotel-id#6":{"hotelNameOld":"Agumar Hotel Madrid","hotelName":"Agumar Hotel Madrid","hotelNameUtf8":"Agumar Hotel Madrid","countryName":"Spain","countryCode":"ESP","cityName":"Madrid","thImgUrl":null,"blackOutDates":null,"currency":"AUD","curySymbole":"$","promoId":null,"shortMarketingText":"Stay 3 Nights & Save 20% - Non Refundable","reviewerScore":"60","likes":"88%","userRating":"4","starRating":"4","hotelType":null,"bestFor":null,"sortOrder":"1","facilities":"Gym,Pool","facilitiesText":"Spa","price":"199","travelText":"save","hotelId":"23911","marketText":"Stay 3 Nights & Save 20% - Non Refundable","isMemberExclusive":"0","isPromocodeApplicable":"value"},"hotel-id#7":{"hotelNameOld":"Best Western Arosa","hotelName":"Best Western Arosa","hotelNameUtf8":"Best Western Arosa","countryName":"Spain","countryCode":"ESP","cityName":"Madrid","thImgUrl":null,"blackOutDates":null,"currency":"AUD","curySymbole":"$","promoId":null,"shortMarketingText":"Stay 3 nights & Save 20% - Non Refundable","reviewerScore":"60","likes":"88%","userRating":"4","starRating":"4","hotelType":null,"bestFor":null,"sortOrder":"1","facilities":"Gym,Pool","facilitiesText":"Spa","price":"199","travelText":"save","hotelId":"186","marketText":"Stay 3 nights & Save 20% - Non Refundable","isMemberExclusive":"0","isPromocodeApplicable":"value"},"hotel-id#8":{"hotelNameOld":"Best Western Arosa","hotelName":"Best Western Arosa","hotelNameUtf8":"Best Western Arosa","countryName":"Spain","countryCode":"ESP","cityName":"Madrid","thImgUrl":null,"blackOutDates":null,"currency":"AUD","curySymbole":"$","promoId":null,"shortMarketingText":"Book Now & Save 15% - Non Refundable","reviewerScore":"60","likes":"88%","userRating":"4","starRating":"4","hotelType":null,"bestFor":null,"sortOrder":"1","facilities":"Gym,Pool","facilitiesText":"Spa","price":"199","travelText":"save","hotelId":"186","marketText":"Book Now & Save 15% - Non Refundable","isMemberExclusive":"0","isPromocodeApplicable":"value"},"hotel-id#9":{"hotelNameOld":"Best Western Arosa","hotelName":"Best Western Arosa","hotelNameUtf8":"Best Western Arosa","countryName":"Spain","countryCode":"ESP","cityName":"Madrid","thImgUrl":null,"blackOutDates":null,"currency":"AUD","curySymbole":"$","promoId":null,"shortMarketingText":"Book Now & Save 10%","reviewerScore":"60","likes":"88%","userRating":"4","starRating":"4","hotelType":null,"bestFor":null,"sortOrder":"1","facilities":"Gym,Pool","facilitiesText":"Spa","price":"199","travelText":"save","hotelId":"186","marketText":"Book Now & Save 10%","isMemberExclusive":"0","isPromocodeApplicable":"value"},"hotel-id#10":{"hotelNameOld":"Best Western Hotel Mayorazgo","hotelName":"Best Western Hotel Mayorazgo","hotelNameUtf8":"Best Western Hotel Mayorazgo","countryName":"Spain","countryCode":"ESP","cityName":"Madrid","thImgUrl":null,"blackOutDates":null,"currency":"AUD","curySymbole":"$","promoId":null,"shortMarketingText":"10% Off Per Night - Non Refundable","reviewerScore":"60","likes":"88%","userRating":"4","starRating":"4","hotelType":null,"bestFor":null,"sortOrder":"1","facilities":"Gym,Pool","facilitiesText":"Spa","price":"199","travelText":"save","hotelId":"75171","marketText":"10% Off Per Night - Non Refundable","isMemberExclusive":"0","isPromocodeApplicable":"value"},"hotel-id#11":{"hotelNameOld":"Miguel Angel","hotelName":"Miguel Angel","hotelNameUtf8":"Miguel Angel","countryName":"Spain","countryCode":"ESP","cityName":"Madrid","thImgUrl":null,"blackOutDates":null,"currency":"AUD","curySymbole":"$","promoId":null,"shortMarketingText":"Book Now & Save 15% - Non Refundable","reviewerScore":"60","likes":"88%","userRating":"5","starRating":"5","hotelType":null,"bestFor":null,"sortOrder":"1","facilities":"Gym,Pool","facilitiesText":"Spa","price":"199","travelText":"save","hotelId":"105783","marketText":"Book Now & Save 15% - Non Refundable","isMemberExclusive":"0","isPromocodeApplicable":"value"},"hotel-id#12":{"hotelNameOld":"Hotel Opera","hotelName":"Hotel Opera","hotelNameUtf8":"Hotel Opera","countryName":"Spain","countryCode":"ESP","cityName":"Madrid","thImgUrl":null,"blackOutDates":null,"currency":"AUD","curySymbole":"$","promoId":null,"shortMarketingText":"Stay 2 Nights & Save 10% - Non Refundable","reviewerScore":"60","likes":"88%","userRating":"4","starRating":"4","hotelType":null,"bestFor":null,"sortOrder":"1","facilities":"Gym,Pool","facilitiesText":"Spa","price":"199","travelText":"save","hotelId":"339350","marketText":"Stay 2 Nights & Save 10% - Non Refundable","isMemberExclusive":"0","isPromocodeApplicable":"value"},"hotel-id#13":{"hotelNameOld":"Hotel Regente Madrid","hotelName":"Hotel Regente Madrid","hotelNameUtf8":"Hotel Regente Madrid","countryName":"Spain","countryCode":"ESP","cityName":"Madrid","thImgUrl":null,"blackOutDates":null,"currency":"AUD","curySymbole":"$","promoId":null,"shortMarketingText":"Stay 4 Nights & Save 8%","reviewerScore":"60","likes":"88%","userRating":"3","starRating":"3","hotelType":null,"bestFor":null,"sortOrder":"1","facilities":"Gym,Pool","facilitiesText":"Spa","price":"199","travelText":"save","hotelId":"73834","marketText":"Stay 4 Nights & Save 8%","isMemberExclusive":"0","isPromocodeApplicable":"value"},"hotel-id#14":{"hotelNameOld":"Hotel Regente Madrid","hotelName":"Hotel Regente Madrid","hotelNameUtf8":"Hotel Regente Madrid","countryName":"Spain","countryCode":"ESP","cityName":"Madrid","thImgUrl":null,"blackOutDates":null,"currency":"AUD","curySymbole":"$","promoId":null,"shortMarketingText":"Stay 3 Nights & Save 5%","reviewerScore":"60","likes":"88%","userRating":"3","starRating":"3","hotelType":null,"bestFor":null,"sortOrder":"1","facilities":"Gym,Pool","facilitiesText":"Spa","price":"199","travelText":"save","hotelId":"73834","marketText":"Stay 3 Nights & Save 5%","isMemberExclusive":"0","isPromocodeApplicable":"value"},"hotel-id#15":{"hotelNameOld":"Tryp Gran Via","hotelName":"Tryp Gran Via","hotelNameUtf8":"Tryp Gran Via","countryName":"Spain","countryCode":"ESP","cityName":"Madrid","thImgUrl":null,"blackOutDates":null,"currency":"AUD","curySymbole":"$","promoId":null,"shortMarketingText":"Stay 2 nights & Save 15% - Non Refundable","reviewerScore":"60","likes":"88%","userRating":"3","starRating":"3","hotelType":null,"bestFor":null,"sortOrder":"1","facilities":"Gym,Pool","facilitiesText":"Spa","price":"199","travelText":"save","hotelId":"53019","marketText":"Stay 2 nights & Save 15% - Non Refundable","isMemberExclusive":"0","isPromocodeApplicable":"value"},"hotel-id#16":{"hotelNameOld":"Tryp Gran Via","hotelName":"Tryp Gran Via","hotelNameUtf8":"Tryp Gran Via","countryName":"Spain","countryCode":"ESP","cityName":"Madrid","thImgUrl":null,"blackOutDates":null,"currency":"AUD","curySymbole":"$","promoId":null,"shortMarketingText":"Book Now & Save 10% - Non Refundable","reviewerScore":"60","likes":"88%","userRating":"3","starRating":"3","hotelType":null,"bestFor":null,"sortOrder":"1","facilities":"Gym,Pool","facilitiesText":"Spa","price":"199","travelText":"save","hotelId":"53019","marketText":"Book Now & Save 10% - Non Refundable","isMemberExclusive":"0","isPromocodeApplicable":"value"},"hotel-id#17":{"hotelNameOld":"Tryp Washington","hotelName":"Tryp Washington","hotelNameUtf8":"Tryp Washington","countryName":"Spain","countryCode":"ESP","cityName":"Madrid","thImgUrl":null,"blackOutDates":null,"currency":"AUD","curySymbole":"$","promoId":null,"shortMarketingText":"Stay 2 nights & Save 15%","reviewerScore":"60","likes":"88%","userRating":"3","starRating":"3","hotelType":null,"bestFor":null,"sortOrder":"1","facilities":"Gym,Pool","facilitiesText":"Spa","price":"199","travelText":"save","hotelId":"25193","marketText":"Stay 2 nights & Save 15%","isMemberExclusive":"0","isPromocodeApplicable":"value"},"hotel-id#18":{"hotelNameOld":"Tryp Washington","hotelName":"Tryp Washington","hotelNameUtf8":"Tryp Washington","countryName":"Spain","countryCode":"ESP","cityName":"Madrid","thImgUrl":null,"blackOutDates":null,"currency":"AUD","curySymbole":"$","promoId":null,"shortMarketingText":"Book Now & Save 10%","reviewerScore":"60","likes":"88%","userRating":"3","starRating":"3","hotelType":null,"bestFor":null,"sortOrder":"1","facilities":"Gym,Pool","facilitiesText":"Spa","price":"199","travelText":"save","hotelId":"25193","marketText":"Book Now & Save 10%","isMemberExclusive":"0","isPromocodeApplicable":"value"},"hotel-id#19":{"hotelNameOld":"Hotel Wellington","hotelName":"Hotel Wellington","hotelNameUtf8":"Hotel Wellington","countryName":"Spain","countryCode":"ESP","cityName":"Madrid","thImgUrl":null,"blackOutDates":null,"currency":"AUD","curySymbole":"$","promoId":null,"shortMarketingText":"Stay 4 nights & save 15%","reviewerScore":"60","likes":"88%","userRating":"5","starRating":"5","hotelType":null,"bestFor":null,"sortOrder":"1","facilities":"Gym,Pool","facilitiesText":"Spa","price":"199","travelText":"save","hotelId":"38906","marketText":"Stay 4 nights & save 15%","isMemberExclusive":"0","isPromocodeApplicable":"value"},"hotel-id#20":{"hotelNameOld":"Exe Coloso","hotelName":"Exe Coloso","hotelNameUtf8":"Exe Coloso","countryName":"Spain","countryCode":"ESP","cityName":"Madrid","thImgUrl":null,"blackOutDates":null,"currency":"AUD","curySymbole":"$","promoId":null,"shortMarketingText":"10% Off Per Night - Non Refundable","reviewerScore":"60","likes":"88%","userRating":"4","starRating":"4","hotelType":null,"bestFor":null,"sortOrder":"1","facilities":"Gym,Pool","facilitiesText":"Spa","price":"199","travelText":"save","hotelId":"282167","marketText":"10% Off Per Night - Non Refundable","isMemberExclusive":"0","isPromocodeApplicable":"value"},"hotel-id#21":{"hotelNameOld":"Exe Coloso","hotelName":"Exe Coloso","hotelNameUtf8":"Exe Coloso","countryName":"Spain","countryCode":"ESP","cityName":"Madrid","thImgUrl":null,"blackOutDates":null,"currency":"AUD","curySymbole":"$","promoId":null,"shortMarketingText":"Stay 5 Night & Save 15%","reviewerScore":"60","likes":"88%","userRating":"4","starRating":"4","hotelType":null,"bestFor":null,"sortOrder":"1","facilities":"Gym,Pool","facilitiesText":"Spa","price":"199","travelText":"save","hotelId":"282167","marketText":"Stay 5 Night & Save 15%","isMemberExclusive":"0","isPromocodeApplicable":"value"},"hotel-id#22":{"hotelNameOld":"Exe Coloso","hotelName":"Exe Coloso","hotelNameUtf8":"Exe Coloso","countryName":"Spain","countryCode":"ESP","cityName":"Madrid","thImgUrl":null,"blackOutDates":null,"currency":"AUD","curySymbole":"$","promoId":null,"shortMarketingText":"Stay 3 Nights & Save 12%","reviewerScore":"60","likes":"88%","userRating":"4","starRating":"4","hotelType":null,"bestFor":null,"sortOrder":"1","facilities":"Gym,Pool","facilitiesText":"Spa","price":"199","travelText":"save","hotelId":"282167","marketText":"Stay 3 Nights & Save 12%","isMemberExclusive":"0","isPromocodeApplicable":"value"},"hotel-id#23":{"hotelNameOld":"Vincci Capitol","hotelName":"Vincci Capitol","hotelNameUtf8":"Vincci Capitol","countryName":"Spain","countryCode":"ESP","cityName":"Madrid","thImgUrl":null,"blackOutDates":null,"currency":"AUD","curySymbole":"$","promoId":null,"shortMarketingText":"Stay 3 Nights & Save 15% - Non Refundable","reviewerScore":"60","likes":"88%","userRating":"4","starRating":"4","hotelType":null,"bestFor":null,"sortOrder":"1","facilities":"Gym,Pool","facilitiesText":"Spa","price":"199","travelText":"save","hotelId":"34716","marketText":"Stay 3 Nights & Save 15% - Non Refundable","isMemberExclusive":"0","isPromocodeApplicable":"value"},"hotel-id#24":{"hotelNameOld":"Praga Hotel Madrid","hotelName":"Praga Hotel Madrid","hotelNameUtf8":"Praga Hotel Madrid","countryName":"Spain","countryCode":"ESP","cityName":"Madrid","thImgUrl":null,"blackOutDates":null,"currency":"AUD","curySymbole":"$","promoId":null,"shortMarketingText":"Stay 3 Nights & Save 18% - Non Refundable","reviewerScore":"60","likes":"88%","userRating":"4","starRating":"4","hotelType":null,"bestFor":null,"sortOrder":"1","facilities":"Gym,Pool","facilitiesText":"Spa","price":"199","travelText":"save","hotelId":"42418","marketText":"Stay 3 Nights & Save 18% - Non Refundable","isMemberExclusive":"0","isPromocodeApplicable":"value"},"hotel-id#25":{"hotelNameOld":"Hotel Gran Atlanta","hotelName":"Hotel Gran Atlanta","hotelNameUtf8":"Hotel Gran Atlanta","countryName":"Spain","countryCode":"ESP","cityName":"Madrid","thImgUrl":null,"blackOutDates":null,"currency":"AUD","curySymbole":"$","promoId":null,"shortMarketingText":"5% Off Per Night - Non Refundable","reviewerScore":"60","likes":"88%","userRating":"4","starRating":"4","hotelType":null,"bestFor":null,"sortOrder":"1","facilities":"Gym,Pool","facilitiesText":"Spa","price":"199","travelText":"save","hotelId":"75074","marketText":"5% Off Per Night - Non Refundable","isMemberExclusive":"0","isPromocodeApplicable":"value"},"hotel-id#26":{"hotelNameOld":"Rafael  Atocha","hotelName":"Rafael  Atocha","hotelNameUtf8":"Rafael  Atocha","countryName":"Spain","countryCode":"ESP","cityName":"Madrid","thImgUrl":null,"blackOutDates":null,"currency":"AUD","curySymbole":"$","promoId":null,"shortMarketingText":"Book Now & Save 15% - Non Refundable","reviewerScore":"60","likes":"88%","userRating":"4","starRating":"4","hotelType":null,"bestFor":null,"sortOrder":"1","facilities":"Gym,Pool","facilitiesText":"Spa","price":"199","travelText":"save","hotelId":"190640","marketText":"Book Now & Save 15% - Non Refundable","isMemberExclusive":"0","isPromocodeApplicable":"value"},"hotel-id#27":{"hotelNameOld":"Rafael  Atocha","hotelName":"Rafael  Atocha","hotelNameUtf8":"Rafael  Atocha","countryName":"Spain","countryCode":"ESP","cityName":"Madrid","thImgUrl":null,"blackOutDates":null,"currency":"AUD","curySymbole":"$","promoId":null,"shortMarketingText":"Book Now & Save 20% - Non Refundable","reviewerScore":"60","likes":"88%","userRating":"4","starRating":"4","hotelType":null,"bestFor":null,"sortOrder":"1","facilities":"Gym,Pool","facilitiesText":"Spa","price":"199","travelText":"save","hotelId":"190640","marketText":"Book Now & Save 20% - Non Refundable","isMemberExclusive":"0","isPromocodeApplicable":"value"},"hotel-id#28":{"hotelNameOld":"Hotel Claridge Madrid","hotelName":"Hotel Claridge Madrid","hotelNameUtf8":"Hotel Claridge Madrid","countryName":"Spain","countryCode":"ESP","cityName":"Madrid","thImgUrl":null,"blackOutDates":null,"currency":"AUD","curySymbole":"$","promoId":null,"shortMarketingText":"Book Now & Save 10% - Non Refundable","reviewerScore":"60","likes":"88%","userRating":"4","starRating":"4","hotelType":null,"bestFor":null,"sortOrder":"1","facilities":"Gym,Pool","facilitiesText":"Spa","price":"199","travelText":"save","hotelId":"73571","marketText":"Book Now & Save 10% - Non Refundable","isMemberExclusive":"0","isPromocodeApplicable":"value"},"hotel-id#29":{"hotelNameOld":"NH Puerta de Alcala","hotelName":"NH Puerta de Alcala","hotelNameUtf8":"NH Puerta de Alcala","countryName":"Spain","countryCode":"ESP","cityName":"Madrid","thImgUrl":null,"blackOutDates":null,"currency":"AUD","curySymbole":"$","promoId":null,"shortMarketingText":"Book Now &  Save 18%","reviewerScore":"60","likes":"88%","userRating":"4","starRating":"4","hotelType":null,"bestFor":null,"sortOrder":"1","facilities":"Gym,Pool","facilitiesText":"Spa","price":"199","travelText":"save","hotelId":"204206","marketText":"Book Now &  Save 18%","isMemberExclusive":"0","isPromocodeApplicable":"value"},"hotel-id#30":{"hotelNameOld":"NH Abascal","hotelName":"NH Abascal","hotelNameUtf8":"NH Abascal","countryName":"Spain","countryCode":"ESP","cityName":"Madrid","thImgUrl":null,"blackOutDates":null,"currency":"AUD","curySymbole":"$","promoId":null,"shortMarketingText":"Advance Purchase: Save 18%","reviewerScore":"60","likes":"88%","userRating":"4","starRating":"4","hotelType":null,"bestFor":null,"sortOrder":"1","facilities":"Gym,Pool","facilitiesText":"Spa","price":"199","travelText":"save","hotelId":"104869","marketText":"Advance Purchase: Save 18%","isMemberExclusive":"0","isPromocodeApplicable":"value"}}