{"hotel-id#1":{"hotelNameOld":"Rendezvous Grand Hotel Melbourne","hotelName":"Rendezvous Grand Hotel Melbourne","hotelNameUtf8":"Rendezvous Grand Hotel Melbourne","countryName":"Australia","countryCode":"AUS","cityName":"Melbourne","thImgUrl":null,"blackOutDates":null,"currency":"AUD","curySymbole":"$","promoId":null,"shortMarketingText":"Stay 3 Nights & Save 15%","reviewerScore":"60","likes":"88%","userRating":"5","starRating":"5","hotelType":null,"bestFor":null,"sortOrder":"1","facilities":"Gym,Pool","facilitiesText":"Spa","price":"199","travelText":"save","hotelId":"319781","marketText":"Stay 3 Nights & Save 15%","isMemberExclusive":"0","isPromocodeApplicable":"value"},"hotel-id#2":{"hotelNameOld":"Rendezvous Grand Hotel Melbourne","hotelName":"Rendezvous Grand Hotel Melbourne","hotelNameUtf8":"Rendezvous Grand Hotel Melbourne","countryName":"Australia","countryCode":"AUS","cityName":"Melbourne","thImgUrl":null,"blackOutDates":null,"currency":"AUD","curySymbole":"$","promoId":null,"shortMarketingText":"Stay 3 Nights & Save 20%","reviewerScore":"60","likes":"88%","userRating":"5","starRating":"5","hotelType":null,"bestFor":null,"sortOrder":"1","facilities":"Gym,Pool","facilitiesText":"Spa","price":"199","travelText":"save","hotelId":"319781","marketText":"Stay 3 Nights & Save 20%","isMemberExclusive":"0","isPromocodeApplicable":"value"},"hotel-id#3":{"hotelNameOld":"Rendezvous Grand Hotel Melbourne","hotelName":"Rendezvous Grand Hotel Melbourne","hotelNameUtf8":"Rendezvous Grand Hotel Melbourne","countryName":"Australia","countryCode":"AUS","cityName":"Melbourne","thImgUrl":null,"blackOutDates":null,"currency":"AUD","curySymbole":"$","promoId":null,"shortMarketingText":"Stay 2 Nights & Save 10%","reviewerScore":"60","likes":"88%","userRating":"5","starRating":"5","hotelType":null,"bestFor":null,"sortOrder":"1","facilities":"Gym,Pool","facilitiesText":"Spa","price":"199","travelText":"save","hotelId":"319781","marketText":"Stay 2 Nights & Save 10%","isMemberExclusive":"0","isPromocodeApplicable":"value"},"hotel-id#4":{"hotelNameOld":"Melbourne Parkview Hotel","hotelName":"Melbourne Parkview Hotel","hotelNameUtf8":"Melbourne Parkview Hotel","countryName":"Australia","countryCode":"AUS","cityName":"Melbourne","thImgUrl":null,"blackOutDates":null,"currency":"AUD","curySymbole":"$","promoId":null,"shortMarketingText":"Book 30 Days in Advance, Stay 3 Nights & Save 20%","reviewerScore":"60","likes":"88%","userRating":"4","starRating":"4","hotelType":null,"bestFor":null,"sortOrder":"1","facilities":"Gym,Pool","facilitiesText":"Spa","price":"199","travelText":"save","hotelId":"321675","marketText":"Book 30 Days in Advance, Stay 3 Nights & Save 20%","isMemberExclusive":"0","isPromocodeApplicable":"value"},"hotel-id#5":{"hotelNameOld":"Radisson On Flagstaff Gardens Melbourne","hotelName":"Radisson On Flagstaff Gardens Melbourne","hotelNameUtf8":"Radisson On Flagstaff Gardens Melbourne","countryName":"Australia","countryCode":"AUS","cityName":"Melbourne","thImgUrl":null,"blackOutDates":null,"currency":"AUD","curySymbole":"$","promoId":null,"shortMarketingText":"Save 20% on your stay","reviewerScore":"60","likes":"88%","userRating":"5","starRating":"5","hotelType":null,"bestFor":null,"sortOrder":"1","facilities":"Gym,Pool","facilitiesText":"Spa","price":"199","travelText":"save","hotelId":"7843","marketText":"Save 20% on your stay","isMemberExclusive":"0","isPromocodeApplicable":"value"},"hotel-id#6":{"hotelNameOld":"Rydges On Swanston Melbourne","hotelName":"Rydges On Swanston Melbourne","hotelNameUtf8":"Rydges On Swanston Melbourne","countryName":"Australia","countryCode":"AUS","cityName":"Melbourne","thImgUrl":null,"blackOutDates":null,"currency":"AUD","curySymbole":"$","promoId":null,"shortMarketingText":"Stay 3 Nights & Save 25% Plus 1pm Late Checkout","reviewerScore":"60","likes":"88%","userRating":"5","starRating":"5","hotelType":null,"bestFor":null,"sortOrder":"1","facilities":"Gym,Pool","facilitiesText":"Spa","price":"199","travelText":"save","hotelId":"317003","marketText":"Stay 3 Nights & Save 25% Plus 1pm Late Checkout","isMemberExclusive":"0","isPromocodeApplicable":"value"},"hotel-id#7":{"hotelNameOld":"Rydges Hotel Melbourne","hotelName":"Rydges Hotel Melbourne","hotelNameUtf8":"Rydges Hotel Melbourne","countryName":"Australia","countryCode":"AUS","cityName":"Melbourne","thImgUrl":null,"blackOutDates":null,"currency":"AUD","curySymbole":"$","promoId":null,"shortMarketingText":"Stay 4 Nights & Save 20%","reviewerScore":"60","likes":"88%","userRating":"5","starRating":"5","hotelType":null,"bestFor":null,"sortOrder":"1","facilities":"Gym,Pool","facilitiesText":"Spa","price":"199","travelText":"save","hotelId":"314373","marketText":"Stay 4 Nights & Save 20%","isMemberExclusive":"0","isPromocodeApplicable":"value"},"hotel-id#8":{"hotelNameOld":"Vibe Savoy Hotel Melbourne","hotelName":"Vibe Savoy Hotel Melbourne","hotelNameUtf8":"Vibe Savoy Hotel Melbourne","countryName":"Australia","countryCode":"AUS","cityName":"Melbourne","thImgUrl":null,"blackOutDates":null,"currency":"AUD","curySymbole":"$","promoId":null,"shortMarketingText":"Stay 4 Nights & Save 20%","reviewerScore":"60","likes":"88%","userRating":"5","starRating":"5","hotelType":null,"bestFor":null,"sortOrder":"1","facilities":"Gym,Pool","facilitiesText":"Spa","price":"199","travelText":"save","hotelId":"319799","marketText":"Stay 4 Nights & Save 20%","isMemberExclusive":"0","isPromocodeApplicable":"value"},"hotel-id#9":{"hotelNameOld":"Vibe Savoy Hotel Melbourne","hotelName":"Vibe Savoy Hotel Melbourne","hotelNameUtf8":"Vibe Savoy Hotel Melbourne","countryName":"Australia","countryCode":"AUS","cityName":"Melbourne","thImgUrl":null,"blackOutDates":null,"currency":"AUD","curySymbole":"$","promoId":null,"shortMarketingText":"Stay 3 Nights & Save 15%","reviewerScore":"60","likes":"88%","userRating":"5","starRating":"5","hotelType":null,"bestFor":null,"sortOrder":"1","facilities":"Gym,Pool","facilitiesText":"Spa","price":"199","travelText":"save","hotelId":"319799","marketText":"Stay 3 Nights & Save 15%","isMemberExclusive":"0","isPromocodeApplicable":"value"},"hotel-id#10":{"hotelNameOld":"Vibe Savoy Hotel Melbourne","hotelName":"Vibe Savoy Hotel Melbourne","hotelNameUtf8":"Vibe Savoy Hotel Melbourne","countryName":"Australia","countryCode":"AUS","cityName":"Melbourne","thImgUrl":null,"blackOutDates":null,"currency":"AUD","curySymbole":"$","promoId":null,"shortMarketingText":"Book 30 Days In Advance & Save 10%","reviewerScore":"60","likes":"88%","userRating":"5","starRating":"5","hotelType":null,"bestFor":null,"sortOrder":"1","facilities":"Gym,Pool","facilitiesText":"Spa","price":"199","travelText":"save","hotelId":"319799","marketText":"Book 30 Days In Advance & Save 10%","isMemberExclusive":"0","isPromocodeApplicable":"value"},"hotel-id#11":{"hotelNameOld":"Pensione Hotel Melbourne - by 8Hotels","hotelName":"Pensione Hotel Melbourne - by 8Hotels","hotelNameUtf8":"Pensione Hotel Melbourne - by 8Hotels","countryName":"Australia","countryCode":"AUS","cityName":"Melbourne","thImgUrl":null,"blackOutDates":null,"currency":"AUD","curySymbole":"$","promoId":null,"shortMarketingText":"Stay 2 Nights and Save 20%","reviewerScore":"60","likes":"88%","userRating":"4","starRating":"4","hotelType":null,"bestFor":null,"sortOrder":"1","facilities":"Gym,Pool","facilitiesText":"Spa","price":"199","travelText":"save","hotelId":"318334","marketText":"Stay 2 Nights and Save 20%","isMemberExclusive":"0","isPromocodeApplicable":"value"},"hotel-id#12":{"hotelNameOld":"Pensione Hotel Melbourne - by 8Hotels","hotelName":"Pensione Hotel Melbourne - by 8Hotels","hotelNameUtf8":"Pensione Hotel Melbourne - by 8Hotels","countryName":"Australia","countryCode":"AUS","cityName":"Melbourne","thImgUrl":null,"blackOutDates":null,"currency":"AUD","curySymbole":"$","promoId":null,"shortMarketingText":"Members Only, Save 10% FREE Breakfast for 2 & WiFi","reviewerScore":"60","likes":"88%","userRating":"4","starRating":"4","hotelType":null,"bestFor":null,"sortOrder":"1","facilities":"Gym,Pool","facilitiesText":"Spa","price":"199","travelText":"save","hotelId":"318334","marketText":"Members Only, Save 10% FREE Breakfast for 2 & WiFi","isMemberExclusive":"1","isPromocodeApplicable":"value"},"hotel-id#13":{"hotelNameOld":"Pensione Hotel Melbourne - by 8Hotels","hotelName":"Pensione Hotel Melbourne - by 8Hotels","hotelNameUtf8":"Pensione Hotel Melbourne - by 8Hotels","countryName":"Australia","countryCode":"AUS","cityName":"Melbourne","thImgUrl":null,"blackOutDates":null,"currency":"AUD","curySymbole":"$","promoId":null,"shortMarketingText":"Stay 3 Nights and Save 25%","reviewerScore":"60","likes":"88%","userRating":"4","starRating":"4","hotelType":null,"bestFor":null,"sortOrder":"1","facilities":"Gym,Pool","facilitiesText":"Spa","price":"199","travelText":"save","hotelId":"318334","marketText":"Stay 3 Nights and Save 25%","isMemberExclusive":"0","isPromocodeApplicable":"value"},"hotel-id#14":{"hotelNameOld":"Pensione Hotel Melbourne - by 8Hotels","hotelName":"Pensione Hotel Melbourne - by 8Hotels","hotelNameUtf8":"Pensione Hotel Melbourne - by 8Hotels","countryName":"Australia","countryCode":"AUS","cityName":"Melbourne","thImgUrl":null,"blackOutDates":null,"currency":"AUD","curySymbole":"$","promoId":null,"shortMarketingText":"Book 14 Days in Advance & Save 10%","reviewerScore":"60","likes":"88%","userRating":"4","starRating":"4","hotelType":null,"bestFor":null,"sortOrder":"1","facilities":"Gym,Pool","facilitiesText":"Spa","price":"199","travelText":"save","hotelId":"318334","marketText":"Book 14 Days in Advance & Save 10%","isMemberExclusive":"0","isPromocodeApplicable":"value"},"hotel-id#15":{"hotelNameOld":"Pensione Hotel Melbourne - by 8Hotels","hotelName":"Pensione Hotel Melbourne - by 8Hotels","hotelNameUtf8":"Pensione Hotel Melbourne - by 8Hotels","countryName":"Australia","countryCode":"AUS","cityName":"Melbourne","thImgUrl":null,"blackOutDates":null,"currency":"AUD","curySymbole":"$","promoId":null,"shortMarketingText":"Book 28 Days in Advance and Save 15%","reviewerScore":"60","likes":"88%","userRating":"4","starRating":"4","hotelType":null,"bestFor":null,"sortOrder":"1","facilities":"Gym,Pool","facilitiesText":"Spa","price":"199","travelText":"save","hotelId":"318334","marketText":"Book 28 Days in Advance and Save 15%","isMemberExclusive":"0","isPromocodeApplicable":"value"},"hotel-id#16":{"hotelNameOld":"Bayview Eden Melbourne","hotelName":"Bayview Eden Melbourne","hotelNameUtf8":"Bayview Eden Melbourne","countryName":"Australia","countryCode":"AUS","cityName":"Melbourne","thImgUrl":null,"blackOutDates":null,"currency":"AUD","curySymbole":"$","promoId":null,"shortMarketingText":"Stay 2 Nights & Save 20%","reviewerScore":"60","likes":"88%","userRating":"5","starRating":"5","hotelType":null,"bestFor":null,"sortOrder":"1","facilities":"Gym,Pool","facilitiesText":"Spa","price":"199","travelText":"save","hotelId":"318845","marketText":"Stay 2 Nights & Save 20%","isMemberExclusive":"0","isPromocodeApplicable":"value"},"hotel-id#17":{"hotelNameOld":"Hotel Grand Chancellor Melbourne","hotelName":"Hotel Grand Chancellor Melbourne","hotelNameUtf8":"Hotel Grand Chancellor Melbourne","countryName":"Australia","countryCode":"AUS","cityName":"Melbourne","thImgUrl":null,"blackOutDates":null,"currency":"AUD","curySymbole":"$","promoId":null,"shortMarketingText":"Book Now & Save 10%","reviewerScore":"60","likes":"88%","userRating":"4","starRating":"4","hotelType":null,"bestFor":null,"sortOrder":"1","facilities":"Gym,Pool","facilitiesText":"Spa","price":"199","travelText":"save","hotelId":"321362","marketText":"Book Now & Save 10%","isMemberExclusive":"0","isPromocodeApplicable":"value"},"hotel-id#18":{"hotelNameOld":"Hotel Grand Chancellor Melbourne","hotelName":"Hotel Grand Chancellor Melbourne","hotelNameUtf8":"Hotel Grand Chancellor Melbourne","countryName":"Australia","countryCode":"AUS","cityName":"Melbourne","thImgUrl":null,"blackOutDates":null,"currency":"AUD","curySymbole":"$","promoId":null,"shortMarketingText":"Stay 3 & Save 12%","reviewerScore":"60","likes":"88%","userRating":"4","starRating":"4","hotelType":null,"bestFor":null,"sortOrder":"1","facilities":"Gym,Pool","facilitiesText":"Spa","price":"199","travelText":"save","hotelId":"321362","marketText":"Stay 3 & Save 12%","isMemberExclusive":"0","isPromocodeApplicable":"value"},"hotel-id#19":{"hotelNameOld":"Adina Apartment Hotel Melbourne","hotelName":"Adina Apartment Hotel Melbourne","hotelNameUtf8":"Adina Apartment Hotel Melbourne","countryName":"Australia","countryCode":"AUS","cityName":"Melbourne","thImgUrl":null,"blackOutDates":null,"currency":"AUD","curySymbole":"$","promoId":null,"shortMarketingText":"Stay 4 Nights & Save 20%","reviewerScore":"60","likes":"88%","userRating":"5","starRating":"5","hotelType":null,"bestFor":null,"sortOrder":"1","facilities":"Gym,Pool","facilitiesText":"Spa","price":"199","travelText":"save","hotelId":"313899","marketText":"Stay 4 Nights & Save 20%","isMemberExclusive":"0","isPromocodeApplicable":"value"},"hotel-id#20":{"hotelNameOld":"Adina Apartment Hotel Melbourne","hotelName":"Adina Apartment Hotel Melbourne","hotelNameUtf8":"Adina Apartment Hotel Melbourne","countryName":"Australia","countryCode":"AUS","cityName":"Melbourne","thImgUrl":null,"blackOutDates":null,"currency":"AUD","curySymbole":"$","promoId":null,"shortMarketingText":"Stay 4 Nights & Save 15%","reviewerScore":"60","likes":"88%","userRating":"5","starRating":"5","hotelType":null,"bestFor":null,"sortOrder":"1","facilities":"Gym,Pool","facilitiesText":"Spa","price":"199","travelText":"save","hotelId":"313899","marketText":"Stay 4 Nights & Save 15%","isMemberExclusive":"0","isPromocodeApplicable":"value"},"hotel-id#21":{"hotelNameOld":"Adina Apartment Hotel Melbourne","hotelName":"Adina Apartment Hotel Melbourne","hotelNameUtf8":"Adina Apartment Hotel Melbourne","countryName":"Australia","countryCode":"AUS","cityName":"Melbourne","thImgUrl":null,"blackOutDates":null,"currency":"AUD","curySymbole":"$","promoId":null,"shortMarketingText":"Stay 3 Nights & Save 10%","reviewerScore":"60","likes":"88%","userRating":"5","starRating":"5","hotelType":null,"bestFor":null,"sortOrder":"1","facilities":"Gym,Pool","facilitiesText":"Spa","price":"199","travelText":"save","hotelId":"313899","marketText":"Stay 3 Nights & Save 10%","isMemberExclusive":"0","isPromocodeApplicable":"value"},"hotel-id#22":{"hotelNameOld":"Adina Apartment Hotel Melbourne","hotelName":"Adina Apartment Hotel Melbourne","hotelNameUtf8":"Adina Apartment Hotel Melbourne","countryName":"Australia","countryCode":"AUS","cityName":"Melbourne","thImgUrl":null,"blackOutDates":null,"currency":"AUD","curySymbole":"$","promoId":null,"shortMarketingText":"Book 30 Days In Advance & Save 10%","reviewerScore":"60","likes":"88%","userRating":"5","starRating":"5","hotelType":null,"bestFor":null,"sortOrder":"1","facilities":"Gym,Pool","facilitiesText":"Spa","price":"199","travelText":"save","hotelId":"313899","marketText":"Book 30 Days In Advance & Save 10%","isMemberExclusive":"0","isPromocodeApplicable":"value"},"hotel-id#23":{"hotelNameOld":"Adina Apartment Hotel South Yarra","hotelName":"Adina Apartment Hotel South Yarra","hotelNameUtf8":"Adina Apartment Hotel South Yarra","countryName":"Australia","countryCode":"AUS","cityName":"Melbourne","thImgUrl":null,"blackOutDates":null,"currency":"AUD","curySymbole":"$","promoId":null,"shortMarketingText":"Stay 5 Nights & Save 30%","reviewerScore":"60","likes":"88%","userRating":"3","starRating":"3","hotelType":null,"bestFor":null,"sortOrder":"1","facilities":"Gym,Pool","facilitiesText":"Spa","price":"199","travelText":"save","hotelId":"315609","marketText":"Stay 5 Nights & Save 30%","isMemberExclusive":"0","isPromocodeApplicable":"value"},"hotel-id#24":{"hotelNameOld":"Adina Apartment Hotel South Yarra","hotelName":"Adina Apartment Hotel South Yarra","hotelNameUtf8":"Adina Apartment Hotel South Yarra","countryName":"Australia","countryCode":"AUS","cityName":"Melbourne","thImgUrl":null,"blackOutDates":null,"currency":"AUD","curySymbole":"$","promoId":null,"shortMarketingText":"Stay 4 Nights & Save 15%","reviewerScore":"60","likes":"88%","userRating":"3","starRating":"3","hotelType":null,"bestFor":null,"sortOrder":"1","facilities":"Gym,Pool","facilitiesText":"Spa","price":"199","travelText":"save","hotelId":"315609","marketText":"Stay 4 Nights & Save 15%","isMemberExclusive":"0","isPromocodeApplicable":"value"},"hotel-id#25":{"hotelNameOld":"Adina Apartment Hotel South Yarra","hotelName":"Adina Apartment Hotel South Yarra","hotelNameUtf8":"Adina Apartment Hotel South Yarra","countryName":"Australia","countryCode":"AUS","cityName":"Melbourne","thImgUrl":null,"blackOutDates":null,"currency":"AUD","curySymbole":"$","promoId":null,"shortMarketingText":"Stay 3 Nights & Save 10%","reviewerScore":"60","likes":"88%","userRating":"3","starRating":"3","hotelType":null,"bestFor":null,"sortOrder":"1","facilities":"Gym,Pool","facilitiesText":"Spa","price":"199","travelText":"save","hotelId":"315609","marketText":"Stay 3 Nights & Save 10%","isMemberExclusive":"0","isPromocodeApplicable":"value"},"hotel-id#26":{"hotelNameOld":"Adina Apartment Hotel South Yarra","hotelName":"Adina Apartment Hotel South Yarra","hotelNameUtf8":"Adina Apartment Hotel South Yarra","countryName":"Australia","countryCode":"AUS","cityName":"Melbourne","thImgUrl":null,"blackOutDates":null,"currency":"AUD","curySymbole":"$","promoId":null,"shortMarketingText":"Book 10 Days In Advance & Save 5%","reviewerScore":"60","likes":"88%","userRating":"3","starRating":"3","hotelType":null,"bestFor":null,"sortOrder":"1","facilities":"Gym,Pool","facilitiesText":"Spa","price":"199","travelText":"save","hotelId":"315609","marketText":"Book 10 Days In Advance & Save 5%","isMemberExclusive":"0","isPromocodeApplicable":"value"},"hotel-id#27":{"hotelNameOld":"Adina Apartment Hotel South Yarra","hotelName":"Adina Apartment Hotel South Yarra","hotelNameUtf8":"Adina Apartment Hotel South Yarra","countryName":"Australia","countryCode":"AUS","cityName":"Melbourne","thImgUrl":null,"blackOutDates":null,"currency":"AUD","curySymbole":"$","promoId":null,"shortMarketingText":"Book 30 Days In Advance & Save 10%","reviewerScore":"60","likes":"88%","userRating":"3","starRating":"3","hotelType":null,"bestFor":null,"sortOrder":"1","facilities":"Gym,Pool","facilitiesText":"Spa","price":"199","travelText":"save","hotelId":"315609","marketText":"Book 30 Days In Advance & Save 10%","isMemberExclusive":"0","isPromocodeApplicable":"value"},"hotel-id#28":{"hotelNameOld":"Punthill South Yarra - Davis Avenue Melbourne","hotelName":"Punthill South Yarra - Davis Avenue Melbourne","hotelNameUtf8":"Punthill South Yarra - Davis Avenue Melbourne","countryName":"Australia","countryCode":"AUS","cityName":"Melbourne","thImgUrl":null,"blackOutDates":null,"currency":"AUD","curySymbole":"$","promoId":null,"shortMarketingText":"Stay 2 Nights & Save 5%","reviewerScore":"60","likes":"88%","userRating":"4","starRating":"4","hotelType":null,"bestFor":null,"sortOrder":"1","facilities":"Gym,Pool","facilitiesText":"Spa","price":"199","travelText":"save","hotelId":"320804","marketText":"Stay 2 Nights & Save 5%","isMemberExclusive":"0","isPromocodeApplicable":"value"},"hotel-id#29":{"hotelNameOld":"Charsfield Boutique Hotel Melbourne","hotelName":"Charsfield Boutique Hotel Melbourne","hotelNameUtf8":"Charsfield Boutique Hotel Melbourne","countryName":"Australia","countryCode":"AUS","cityName":"Melbourne","thImgUrl":null,"blackOutDates":null,"currency":"AUD","curySymbole":"$","promoId":null,"shortMarketingText":"Book Now & Save 20%","reviewerScore":"60","likes":"88%","userRating":"4","starRating":"4","hotelType":null,"bestFor":null,"sortOrder":"1","facilities":"Gym,Pool","facilitiesText":"Spa","price":"199","travelText":"save","hotelId":"315707","marketText":"Book Now & Save 20%","isMemberExclusive":"0","isPromocodeApplicable":"value"},"hotel-id#30":{"hotelNameOld":"The Crossley Hotel Melbourne","hotelName":"The Crossley Hotel Melbourne","hotelNameUtf8":"The Crossley Hotel Melbourne","countryName":"Australia","countryCode":"AUS","cityName":"Melbourne","thImgUrl":null,"blackOutDates":null,"currency":"AUD","curySymbole":"$","promoId":null,"shortMarketingText":"Book 15 Days In Advance & Save 10%","reviewerScore":"60","likes":"88%","userRating":"4","starRating":"4","hotelType":null,"bestFor":null,"sortOrder":"1","facilities":"Gym,Pool","facilitiesText":"Spa","price":"199","travelText":"save","hotelId":"81167","marketText":"Book 15 Days In Advance & Save 10%","isMemberExclusive":"0","isPromocodeApplicable":"value"}}