{"hotel-id#1":{"hotelNameOld":"Arc De Triomphe Etoile Hotel Paris","hotelName":"Arc De Triomphe Etoile Hotel Paris","hotelNameUtf8":"Arc De Triomphe Etoile Hotel Paris","countryName":"France","countryCode":"FRA","cityName":"Paris","thImgUrl":null,"blackOutDates":null,"currency":"AUD","curySymbole":"$","promoId":null,"shortMarketingText":"Save 10%","reviewerScore":"60","likes":"88%","userRating":"3","starRating":"3","hotelType":null,"bestFor":null,"sortOrder":"1","facilities":"Gym,Pool","facilitiesText":"Spa","price":"199","travelText":"save","hotelId":"73238","marketText":"Save 10%","isMemberExclusive":"0","isPromocodeApplicable":"value"},"hotel-id#2":{"hotelNameOld":"Villa Luxembourg","hotelName":"Villa Luxembourg","hotelNameUtf8":"Villa Luxembourg","countryName":"France","countryCode":"FRA","cityName":"Paris","thImgUrl":null,"blackOutDates":null,"currency":"AUD","curySymbole":"$","promoId":null,"shortMarketingText":"STAY 3 NIGHTS AND SAVE 20% OFF","reviewerScore":"60","likes":"88%","userRating":"4","starRating":"4","hotelType":null,"bestFor":null,"sortOrder":"1","facilities":"Gym,Pool","facilitiesText":"Spa","price":"199","travelText":"save","hotelId":"287325","marketText":"STAY 3 NIGHTS AND SAVE 20% OFF","isMemberExclusive":"0","isPromocodeApplicable":"value"},"hotel-id#3":{"hotelNameOld":"Pavillon Italie","hotelName":"Pavillon Italie","hotelNameUtf8":"Pavillon Italie","countryName":"France","countryCode":"FRA","cityName":"Paris","thImgUrl":null,"blackOutDates":null,"currency":"AUD","curySymbole":"$","promoId":null,"shortMarketingText":"Stay 3 nights and save 20% on your stay!","reviewerScore":"60","likes":"88%","userRating":"3","starRating":"3","hotelType":null,"bestFor":null,"sortOrder":"1","facilities":"Gym,Pool","facilitiesText":"Spa","price":"199","travelText":"save","hotelId":"867291","marketText":"Stay 3 nights and save 20% on your stay!","isMemberExclusive":"0","isPromocodeApplicable":"value"},"hotel-id#4":{"hotelNameOld":"Pavillon Italie","hotelName":"Pavillon Italie","hotelNameUtf8":"Pavillon Italie","countryName":"France","countryCode":"FRA","cityName":"Paris","thImgUrl":null,"blackOutDates":null,"currency":"AUD","curySymbole":"$","promoId":null,"shortMarketingText":"Stay 3 nights and save 10% on your stay!","reviewerScore":"60","likes":"88%","userRating":"3","starRating":"3","hotelType":null,"bestFor":null,"sortOrder":"1","facilities":"Gym,Pool","facilitiesText":"Spa","price":"199","travelText":"save","hotelId":"867291","marketText":"Stay 3 nights and save 10% on your stay!","isMemberExclusive":"0","isPromocodeApplicable":"value"},"hotel-id#5":{"hotelNameOld":"Hotel Atelier Montparnasse","hotelName":"Hotel Atelier Montparnasse","hotelNameUtf8":"Hotel Atelier Montparnasse","countryName":"France","countryCode":"FRA","cityName":"Paris","thImgUrl":null,"blackOutDates":null,"currency":"AUD","curySymbole":"$","promoId":null,"shortMarketingText":"Book in advance and get 20% off!","reviewerScore":"60","likes":"88%","userRating":"3","starRating":"3","hotelType":null,"bestFor":null,"sortOrder":"1","facilities":"Gym,Pool","facilitiesText":"Spa","price":"199","travelText":"save","hotelId":"239198","marketText":"Book in advance and get 20% off!","isMemberExclusive":"0","isPromocodeApplicable":"value"},"hotel-id#6":{"hotelNameOld":"Amarante Champs Elysees","hotelName":"Amarante Champs Elysees","hotelNameUtf8":"Amarante Champs Elysees","countryName":"France","countryCode":"FRA","cityName":"Paris","thImgUrl":null,"blackOutDates":null,"currency":"AUD","curySymbole":"$","promoId":null,"shortMarketingText":"Get 5% OFF non refundable !","reviewerScore":"60","likes":"88%","userRating":"4","starRating":"4","hotelType":null,"bestFor":null,"sortOrder":"1","facilities":"Gym,Pool","facilitiesText":"Spa","price":"199","travelText":"save","hotelId":"10507","marketText":"Get 5% OFF non refundable !","isMemberExclusive":"0","isPromocodeApplicable":"value"},"hotel-id#7":{"hotelNameOld":"Color Design Hotel","hotelName":"Color Design Hotel","hotelNameUtf8":"Color Design Hotel","countryName":"France","countryCode":"FRA","cityName":"Paris","thImgUrl":null,"blackOutDates":null,"currency":"AUD","curySymbole":"$","promoId":null,"shortMarketingText":"10% off (non refundable)","reviewerScore":"60","likes":"88%","userRating":"3","starRating":"3","hotelType":null,"bestFor":null,"sortOrder":"1","facilities":"Gym,Pool","facilitiesText":"Spa","price":"199","travelText":"save","hotelId":"282491","marketText":"10% off (non refundable)","isMemberExclusive":"0","isPromocodeApplicable":"value"},"hotel-id#8":{"hotelNameOld":"Hotel Ambassade Paris","hotelName":"Hotel Ambassade Paris","hotelNameUtf8":"Hotel Ambassade Paris","countryName":"France","countryCode":"FRA","cityName":"Paris","thImgUrl":null,"blackOutDates":null,"currency":"AUD","curySymbole":"$","promoId":null,"shortMarketingText":"Free Wifi","reviewerScore":"60","likes":"88%","userRating":"3","starRating":"3","hotelType":null,"bestFor":null,"sortOrder":"1","facilities":"Gym,Pool","facilitiesText":"Spa","price":"199","travelText":"save","hotelId":"219125","marketText":"Free Wifi","isMemberExclusive":"0","isPromocodeApplicable":"value"},"hotel-id#9":{"hotelNameOld":"Hotel Ambassade Paris","hotelName":"Hotel Ambassade Paris","hotelNameUtf8":"Hotel Ambassade Paris","countryName":"France","countryCode":"FRA","cityName":"Paris","thImgUrl":null,"blackOutDates":null,"currency":"AUD","curySymbole":"$","promoId":null,"shortMarketingText":"Early Booking offer : save 15%","reviewerScore":"60","likes":"88%","userRating":"3","starRating":"3","hotelType":null,"bestFor":null,"sortOrder":"1","facilities":"Gym,Pool","facilitiesText":"Spa","price":"199","travelText":"save","hotelId":"219125","marketText":"Early Booking offer : save 15%","isMemberExclusive":"0","isPromocodeApplicable":"value"},"hotel-id#10":{"hotelNameOld":"BEST WESTERN Hotel Victor Hugo","hotelName":"BEST WESTERN Hotel Victor Hugo","hotelNameUtf8":"BEST WESTERN Hotel Victor Hugo","countryName":"France","countryCode":"FRA","cityName":"Paris","thImgUrl":null,"blackOutDates":null,"currency":"AUD","curySymbole":"$","promoId":null,"shortMarketingText":"Free Wifi","reviewerScore":"60","likes":"88%","userRating":"3","starRating":"3","hotelType":null,"bestFor":null,"sortOrder":"1","facilities":"Gym,Pool","facilitiesText":"Spa","price":"199","travelText":"save","hotelId":"3788","marketText":"Free Wifi","isMemberExclusive":"0","isPromocodeApplicable":"value"},"hotel-id#11":{"hotelNameOld":"BEST WESTERN Hotel Victor Hugo","hotelName":"BEST WESTERN Hotel Victor Hugo","hotelNameUtf8":"BEST WESTERN Hotel Victor Hugo","countryName":"France","countryCode":"FRA","cityName":"Paris","thImgUrl":null,"blackOutDates":null,"currency":"AUD","curySymbole":"$","promoId":null,"shortMarketingText":"Early Booking Offer : save 15%","reviewerScore":"60","likes":"88%","userRating":"3","starRating":"3","hotelType":null,"bestFor":null,"sortOrder":"1","facilities":"Gym,Pool","facilitiesText":"Spa","price":"199","travelText":"save","hotelId":"3788","marketText":"Early Booking Offer : save 15%","isMemberExclusive":"0","isPromocodeApplicable":"value"},"hotel-id#12":{"hotelNameOld":"BEST WESTERN Hotel Victor Hugo","hotelName":"BEST WESTERN Hotel Victor Hugo","hotelNameUtf8":"BEST WESTERN Hotel Victor Hugo","countryName":"France","countryCode":"FRA","cityName":"Paris","thImgUrl":null,"blackOutDates":null,"currency":"AUD","curySymbole":"$","promoId":null,"shortMarketingText":"Early Booking Offer : save 15%","reviewerScore":"60","likes":"88%","userRating":"3","starRating":"3","hotelType":null,"bestFor":null,"sortOrder":"1","facilities":"Gym,Pool","facilitiesText":"Spa","price":"199","travelText":"save","hotelId":"3788","marketText":"Early Booking Offer : save 15%","isMemberExclusive":"0","isPromocodeApplicable":"value"},"hotel-id#13":{"hotelNameOld":"Timhotel Gare Du Nord","hotelName":"Timhotel Gare Du Nord","hotelNameUtf8":"Timhotel Gare Du Nord","countryName":"France","countryCode":"FRA","cityName":"Paris","thImgUrl":null,"blackOutDates":null,"currency":"AUD","curySymbole":"$","promoId":null,"shortMarketingText":"10% off on Sunday night","reviewerScore":"60","likes":"88%","userRating":"3","starRating":"3","hotelType":null,"bestFor":null,"sortOrder":"1","facilities":"Gym,Pool","facilitiesText":"Spa","price":"199","travelText":"save","hotelId":"30714","marketText":"10% off on Sunday night","isMemberExclusive":"0","isPromocodeApplicable":"value"},"hotel-id#14":{"hotelNameOld":"Villa Royale","hotelName":"Villa Royale","hotelNameUtf8":"Villa Royale","countryName":"France","countryCode":"FRA","cityName":"Paris","thImgUrl":null,"blackOutDates":null,"currency":"AUD","curySymbole":"$","promoId":null,"shortMarketingText":"Special offer! Get 20% off","reviewerScore":"60","likes":"88%","userRating":"4","starRating":"4","hotelType":null,"bestFor":null,"sortOrder":"1","facilities":"Gym,Pool","facilitiesText":"Spa","price":"199","travelText":"save","hotelId":"7008","marketText":"Special offer! Get 20% off","isMemberExclusive":"0","isPromocodeApplicable":"value"},"hotel-id#15":{"hotelNameOld":"Hotel De Geneve Paris","hotelName":"Hotel De Geneve Paris","hotelNameUtf8":"Hotel De Geneve Paris","countryName":"France","countryCode":"FRA","cityName":"Paris","thImgUrl":null,"blackOutDates":null,"currency":"AUD","curySymbole":"$","promoId":null,"shortMarketingText":"Book in advance and save 10%","reviewerScore":"60","likes":"88%","userRating":"3","starRating":"3","hotelType":null,"bestFor":null,"sortOrder":"1","facilities":"Gym,Pool","facilitiesText":"Spa","price":"199","travelText":"save","hotelId":"649871","marketText":"Book in advance and save 10%","isMemberExclusive":"0","isPromocodeApplicable":"value"},"hotel-id#16":{"hotelNameOld":"Inter Hotel Ariane Montparnasse Paris","hotelName":"Inter Hotel Ariane Montparnasse Paris","hotelNameUtf8":"Inter Hotel Ariane Montparnasse Paris","countryName":"France","countryCode":"FRA","cityName":"Paris","thImgUrl":null,"blackOutDates":null,"currency":"AUD","curySymbole":"$","promoId":null,"shortMarketingText":"Stay 3 nights & Save 5% on your stay !","reviewerScore":"60","likes":"88%","userRating":"2","starRating":"2","hotelType":null,"bestFor":null,"sortOrder":"1","facilities":"Gym,Pool","facilitiesText":"Spa","price":"199","travelText":"save","hotelId":"351298","marketText":"Stay 3 nights & Save 5% on your stay !","isMemberExclusive":"0","isPromocodeApplicable":"value"},"hotel-id#17":{"hotelNameOld":"Le Meridien Etoile","hotelName":"Le Meridien Etoile","hotelNameUtf8":"Le Meridien Etoile","countryName":"France","countryCode":"FRA","cityName":"Paris","thImgUrl":null,"blackOutDates":null,"currency":"AUD","curySymbole":"$","promoId":null,"shortMarketingText":"Save 20% on your stay","reviewerScore":"60","likes":"88%","userRating":"4","starRating":"4","hotelType":null,"bestFor":null,"sortOrder":"1","facilities":"Gym,Pool","facilitiesText":"Spa","price":"199","travelText":"save","hotelId":"4647","marketText":"Save 20% on your stay","isMemberExclusive":"0","isPromocodeApplicable":"value"},"hotel-id#18":{"hotelNameOld":"Le Meridien Etoile","hotelName":"Le Meridien Etoile","hotelNameUtf8":"Le Meridien Etoile","countryName":"France","countryCode":"FRA","cityName":"Paris","thImgUrl":null,"blackOutDates":null,"currency":"AUD","curySymbole":"$","promoId":null,"shortMarketingText":"Save 10% on your stay","reviewerScore":"60","likes":"88%","userRating":"4","starRating":"4","hotelType":null,"bestFor":null,"sortOrder":"1","facilities":"Gym,Pool","facilitiesText":"Spa","price":"199","travelText":"save","hotelId":"4647","marketText":"Save 10% on your stay","isMemberExclusive":"0","isPromocodeApplicable":"value"},"hotel-id#19":{"hotelNameOld":"Hotel Belloy Saint Germain","hotelName":"Hotel Belloy Saint Germain","hotelNameUtf8":"Hotel Belloy Saint Germain","countryName":"France","countryCode":"FRA","cityName":"Paris","thImgUrl":null,"blackOutDates":null,"currency":"AUD","curySymbole":"$","promoId":null,"shortMarketingText":"Get 5% OFF on Sunday night!","reviewerScore":"60","likes":"88%","userRating":"4","starRating":"4","hotelType":null,"bestFor":null,"sortOrder":"1","facilities":"Gym,Pool","facilitiesText":"Spa","price":"199","travelText":"save","hotelId":"35819","marketText":"Get 5% OFF on Sunday night!","isMemberExclusive":"0","isPromocodeApplicable":"value"},"hotel-id#20":{"hotelNameOld":"Hotel Pavillon Opera Paris","hotelName":"Hotel Pavillon Opera Paris","hotelNameUtf8":"Hotel Pavillon Opera Paris","countryName":"France","countryCode":"FRA","cityName":"Paris","thImgUrl":null,"blackOutDates":null,"currency":"AUD","curySymbole":"$","promoId":null,"shortMarketingText":"Special offer! Get 25% off!","reviewerScore":"60","likes":"88%","userRating":"4","starRating":"4","hotelType":null,"bestFor":null,"sortOrder":"1","facilities":"Gym,Pool","facilitiesText":"Spa","price":"199","travelText":"save","hotelId":"36470","marketText":"Special offer! Get 25% off!","isMemberExclusive":"0","isPromocodeApplicable":"value"},"hotel-id#21":{"hotelNameOld":"Unic Renoir Saint Germain Hotel","hotelName":"Unic Renoir Saint Germain Hotel","hotelNameUtf8":"Unic Renoir Saint Germain Hotel","countryName":"France","countryCode":"FRA","cityName":"Paris","thImgUrl":null,"blackOutDates":null,"currency":"AUD","curySymbole":"$","promoId":null,"shortMarketingText":"","reviewerScore":"60","likes":"88%","userRating":"3","starRating":"3","hotelType":null,"bestFor":null,"sortOrder":"1","facilities":"Gym,Pool","facilitiesText":"Spa","price":"199","travelText":"save","hotelId":"21837","marketText":"","isMemberExclusive":"0","isPromocodeApplicable":"value"},"hotel-id#22":{"hotelNameOld":"Unic Renoir Saint Germain Hotel","hotelName":"Unic Renoir Saint Germain Hotel","hotelNameUtf8":"Unic Renoir Saint Germain Hotel","countryName":"France","countryCode":"FRA","cityName":"Paris","thImgUrl":null,"blackOutDates":null,"currency":"AUD","curySymbole":"$","promoId":null,"shortMarketingText":"Book now and save 33%","reviewerScore":"60","likes":"88%","userRating":"3","starRating":"3","hotelType":null,"bestFor":null,"sortOrder":"1","facilities":"Gym,Pool","facilitiesText":"Spa","price":"199","travelText":"save","hotelId":"21837","marketText":"Book now and save 33%","isMemberExclusive":"0","isPromocodeApplicable":"value"},"hotel-id#23":{"hotelNameOld":"Armstrong Hotel Paris","hotelName":"Armstrong Hotel Paris","hotelNameUtf8":"Armstrong Hotel Paris","countryName":"France","countryCode":"FRA","cityName":"Paris","thImgUrl":null,"blackOutDates":null,"currency":"AUD","curySymbole":"$","promoId":null,"shortMarketingText":"Stay 2 nights and get 15% off","reviewerScore":"60","likes":"88%","userRating":"2","starRating":"2","hotelType":null,"bestFor":null,"sortOrder":"1","facilities":"Gym,Pool","facilitiesText":"Spa","price":"199","travelText":"save","hotelId":"267120","marketText":"Stay 2 nights and get 15% off","isMemberExclusive":"0","isPromocodeApplicable":"value"},"hotel-id#24":{"hotelNameOld":"Renoir Hotel Paris","hotelName":"Renoir Hotel Paris","hotelNameUtf8":"Renoir Hotel Paris","countryName":"France","countryCode":"FRA","cityName":"Paris","thImgUrl":null,"blackOutDates":null,"currency":"AUD","curySymbole":"$","promoId":null,"shortMarketingText":"Book now and save 33%","reviewerScore":"60","likes":"88%","userRating":"3","starRating":"3","hotelType":null,"bestFor":null,"sortOrder":"1","facilities":"Gym,Pool","facilitiesText":"Spa","price":"199","travelText":"save","hotelId":"199285","marketText":"Book now and save 33%","isMemberExclusive":"0","isPromocodeApplicable":"value"},"hotel-id#25":{"hotelNameOld":"De Vendome Hotel Paris","hotelName":"De Vendome Hotel Paris","hotelNameUtf8":"De Vendome Hotel Paris","countryName":"France","countryCode":"FRA","cityName":"Paris","thImgUrl":null,"blackOutDates":null,"currency":"AUD","curySymbole":"$","promoId":null,"shortMarketingText":"Non Refundable! Get 10% off!","reviewerScore":"60","likes":"88%","userRating":"4","starRating":"4","hotelType":null,"bestFor":null,"sortOrder":"1","facilities":"Gym,Pool","facilitiesText":"Spa","price":"199","travelText":"save","hotelId":"117456","marketText":"Non Refundable! Get 10% off!","isMemberExclusive":"0","isPromocodeApplicable":"value"},"hotel-id#26":{"hotelNameOld":"Hotel Opera Cadet Paris","hotelName":"Hotel Opera Cadet Paris","hotelNameUtf8":"Hotel Opera Cadet Paris","countryName":"France","countryCode":"FRA","cityName":"Paris","thImgUrl":null,"blackOutDates":null,"currency":"AUD","curySymbole":"$","promoId":null,"shortMarketingText":"Non Refundable offer! Get 7% off!","reviewerScore":"60","likes":"88%","userRating":"4","starRating":"4","hotelType":null,"bestFor":null,"sortOrder":"1","facilities":"Gym,Pool","facilitiesText":"Spa","price":"199","travelText":"save","hotelId":"49015","marketText":"Non Refundable offer! Get 7% off!","isMemberExclusive":"0","isPromocodeApplicable":"value"},"hotel-id#27":{"hotelNameOld":"Classics Hotel Porte de Versailles","hotelName":"Classics Hotel Porte de Versailles","hotelNameUtf8":"Classics Hotel Porte de Versailles","countryName":"France","countryCode":"FRA","cityName":"Paris","thImgUrl":null,"blackOutDates":null,"currency":"AUD","curySymbole":"$","promoId":null,"shortMarketingText":"Stay 3 nights, get 10% off !","reviewerScore":"60","likes":"88%","userRating":"3","starRating":"3","hotelType":null,"bestFor":null,"sortOrder":"1","facilities":"Gym,Pool","facilitiesText":"Spa","price":"199","travelText":"save","hotelId":"239356","marketText":"Stay 3 nights, get 10% off !","isMemberExclusive":"0","isPromocodeApplicable":"value"},"hotel-id#28":{"hotelNameOld":"Classics Hotel Porte de Versailles","hotelName":"Classics Hotel Porte de Versailles","hotelNameUtf8":"Classics Hotel Porte de Versailles","countryName":"France","countryCode":"FRA","cityName":"Paris","thImgUrl":null,"blackOutDates":null,"currency":"AUD","curySymbole":"$","promoId":null,"shortMarketingText":"Special offer! SAVE 20% OFF","reviewerScore":"60","likes":"88%","userRating":"3","starRating":"3","hotelType":null,"bestFor":null,"sortOrder":"1","facilities":"Gym,Pool","facilitiesText":"Spa","price":"199","travelText":"save","hotelId":"239356","marketText":"Special offer! SAVE 20% OFF","isMemberExclusive":"0","isPromocodeApplicable":"value"},"hotel-id#29":{"hotelNameOld":"Hotel Madeleine Plaza","hotelName":"Hotel Madeleine Plaza","hotelNameUtf8":"Hotel Madeleine Plaza","countryName":"France","countryCode":"FRA","cityName":"Paris","thImgUrl":null,"blackOutDates":null,"currency":"AUD","curySymbole":"$","promoId":null,"shortMarketingText":"Exclusive offer  stay 2 nights and -20%","reviewerScore":"60","likes":"88%","userRating":"4","starRating":"4","hotelType":null,"bestFor":null,"sortOrder":"1","facilities":"Gym,Pool","facilitiesText":"Spa","price":"199","travelText":"save","hotelId":"11321","marketText":"Exclusive offer  stay 2 nights and -20%","isMemberExclusive":"0","isPromocodeApplicable":"value"},"hotel-id#30":{"hotelNameOld":"Hotel Plaza Etoile","hotelName":"Hotel Plaza Etoile","hotelNameUtf8":"Hotel Plaza Etoile","countryName":"France","countryCode":"FRA","cityName":"Paris","thImgUrl":null,"blackOutDates":null,"currency":"AUD","curySymbole":"$","promoId":null,"shortMarketingText":"Non Refundable Offer ! SAVE 10% OFF","reviewerScore":"60","likes":"88%","userRating":"3","starRating":"3","hotelType":null,"bestFor":null,"sortOrder":"1","facilities":"Gym,Pool","facilitiesText":"Spa","price":"199","travelText":"save","hotelId":"16009","marketText":"Non Refundable Offer ! SAVE 10% OFF","isMemberExclusive":"0","isPromocodeApplicable":"value"}}