{"hotel-id#1":{"hotelNameOld":"Belmond Copacabana Palace","hotelName":"Belmond Copacabana Palace","hotelNameUtf8":"Belmond Copacabana Palace","countryName":"Brazil","countryCode":"BRA","cityName":"Rio de Janeiro","thImgUrl":null,"blackOutDates":null,"currency":"AUD","curySymbole":"$","promoId":null,"shortMarketingText":"Save 20% on 5 nights or more","reviewerScore":"60","likes":"88%","userRating":"5","starRating":"5","hotelType":null,"bestFor":null,"sortOrder":"1","facilities":"Gym,Pool","facilitiesText":"Spa","price":"199","travelText":"save","hotelId":"201317","marketText":"Save 20% on 5 nights or more","isMemberExclusive":"0","isPromocodeApplicable":"value"},"hotel-id#2":{"hotelNameOld":"Belmond Copacabana Palace","hotelName":"Belmond Copacabana Palace","hotelNameUtf8":"Belmond Copacabana Palace","countryName":"Brazil","countryCode":"BRA","cityName":"Rio de Janeiro","thImgUrl":null,"blackOutDates":null,"currency":"AUD","curySymbole":"$","promoId":null,"shortMarketingText":"Save 15% on Suite Dreams","reviewerScore":"60","likes":"88%","userRating":"5","starRating":"5","hotelType":null,"bestFor":null,"sortOrder":"1","facilities":"Gym,Pool","facilitiesText":"Spa","price":"199","travelText":"save","hotelId":"201317","marketText":"Save 15% on Suite Dreams","isMemberExclusive":"0","isPromocodeApplicable":"value"},"hotel-id#3":{"hotelNameOld":"InterContinental Hotel Rio de Janeiro","hotelName":"InterContinental Hotel Rio de Janeiro","hotelNameUtf8":"InterContinental Hotel Rio de Janeiro","countryName":"Brazil","countryCode":"BRA","cityName":"Rio de Janeiro","thImgUrl":null,"blackOutDates":null,"currency":"AUD","curySymbole":"$","promoId":null,"shortMarketingText":"Save 25% on 4 nights or more","reviewerScore":"60","likes":"88%","userRating":"5","starRating":"5","hotelType":null,"bestFor":null,"sortOrder":"1","facilities":"Gym,Pool","facilitiesText":"Spa","price":"199","travelText":"save","hotelId":"14413","marketText":"Save 25% on 4 nights or more","isMemberExclusive":"0","isPromocodeApplicable":"value"},"hotel-id#4":{"hotelNameOld":"Golden Tulip Continental Hotel Rio De Janeiro","hotelName":"Golden Tulip Continental Hotel Rio De Janeiro","hotelNameUtf8":"Golden Tulip Continental Hotel Rio De Janeiro","countryName":"Brazil","countryCode":"BRA","cityName":"Rio de Janeiro","thImgUrl":null,"blackOutDates":null,"currency":"AUD","curySymbole":"$","promoId":null,"shortMarketingText":"Save 25% on 4 nights or more","reviewerScore":"60","likes":"88%","userRating":"4","starRating":"4","hotelType":null,"bestFor":null,"sortOrder":"1","facilities":"Gym,Pool","facilitiesText":"Spa","price":"199","travelText":"save","hotelId":"268401","marketText":"Save 25% on 4 nights or more","isMemberExclusive":"0","isPromocodeApplicable":"value"},"hotel-id#5":{"hotelNameOld":"Mar Ipanema Hotel","hotelName":"Mar Ipanema Hotel","hotelNameUtf8":"Mar Ipanema Hotel","countryName":"Brazil","countryCode":"BRA","cityName":"Rio de Janeiro","thImgUrl":null,"blackOutDates":null,"currency":"AUD","curySymbole":"$","promoId":null,"shortMarketingText":"Save 10% on 2 nights or more","reviewerScore":"60","likes":"88%","userRating":"3","starRating":"3","hotelType":null,"bestFor":null,"sortOrder":"1","facilities":"Gym,Pool","facilitiesText":"Spa","price":"199","travelText":"save","hotelId":"26258","marketText":"Save 10% on 2 nights or more","isMemberExclusive":"0","isPromocodeApplicable":"value"},"hotel-id#6":{"hotelNameOld":"Mar Palace Copacabana Hotel","hotelName":"Mar Palace Copacabana Hotel","hotelNameUtf8":"Mar Palace Copacabana Hotel","countryName":"Brazil","countryCode":"BRA","cityName":"Rio de Janeiro","thImgUrl":null,"blackOutDates":null,"currency":"AUD","curySymbole":"$","promoId":null,"shortMarketingText":"Save 25% per night","reviewerScore":"60","likes":"88%","userRating":"3","starRating":"3","hotelType":null,"bestFor":null,"sortOrder":"1","facilities":"Gym,Pool","facilitiesText":"Spa","price":"199","travelText":"save","hotelId":"181160","marketText":"Save 25% per night","isMemberExclusive":"0","isPromocodeApplicable":"value"},"hotel-id#7":{"hotelNameOld":"Hotel Marina Palace","hotelName":"Hotel Marina Palace","hotelNameUtf8":"Hotel Marina Palace","countryName":"Brazil","countryCode":"BRA","cityName":"Rio de Janeiro","thImgUrl":null,"blackOutDates":null,"currency":"AUD","curySymbole":"$","promoId":null,"shortMarketingText":"Save 25% on 4 nights or more","reviewerScore":"60","likes":"88%","userRating":"4","starRating":"4","hotelType":null,"bestFor":null,"sortOrder":"1","facilities":"Gym,Pool","facilitiesText":"Spa","price":"199","travelText":"save","hotelId":"39104","marketText":"Save 25% on 4 nights or more","isMemberExclusive":"0","isPromocodeApplicable":"value"},"hotel-id#8":{"hotelNameOld":"Orla Copacabana Hotel","hotelName":"Orla Copacabana Hotel","hotelNameUtf8":"Orla Copacabana Hotel","countryName":"Brazil","countryCode":"BRA","cityName":"Rio de Janeiro","thImgUrl":null,"blackOutDates":null,"currency":"AUD","curySymbole":"$","promoId":null,"shortMarketingText":"15% off per night","reviewerScore":"60","likes":"88%","userRating":"3","starRating":"3","hotelType":null,"bestFor":null,"sortOrder":"1","facilities":"Gym,Pool","facilitiesText":"Spa","price":"199","travelText":"save","hotelId":"84968","marketText":"15% off per night","isMemberExclusive":"0","isPromocodeApplicable":"value"},"hotel-id#9":{"hotelNameOld":"Hotel Olinda Rio","hotelName":"Hotel Olinda Rio","hotelNameUtf8":"Hotel Olinda Rio","countryName":"Brazil","countryCode":"BRA","cityName":"Rio de Janeiro","thImgUrl":null,"blackOutDates":null,"currency":"AUD","curySymbole":"$","promoId":null,"shortMarketingText":"Save 37%","reviewerScore":"60","likes":"88%","userRating":"3","starRating":"3","hotelType":null,"bestFor":null,"sortOrder":"1","facilities":"Gym,Pool","facilitiesText":"Spa","price":"199","travelText":"save","hotelId":"6001","marketText":"Save 37%","isMemberExclusive":"0","isPromocodeApplicable":"value"},"hotel-id#10":{"hotelNameOld":"Hotel Olinda Rio","hotelName":"Hotel Olinda Rio","hotelNameUtf8":"Hotel Olinda Rio","countryName":"Brazil","countryCode":"BRA","cityName":"Rio de Janeiro","thImgUrl":null,"blackOutDates":null,"currency":"AUD","curySymbole":"$","promoId":null,"shortMarketingText":"Save 30%","reviewerScore":"60","likes":"88%","userRating":"3","starRating":"3","hotelType":null,"bestFor":null,"sortOrder":"1","facilities":"Gym,Pool","facilitiesText":"Spa","price":"199","travelText":"save","hotelId":"6001","marketText":"Save 30%","isMemberExclusive":"0","isPromocodeApplicable":"value"},"hotel-id#11":{"hotelNameOld":"Rio Othon Palace","hotelName":"Rio Othon Palace","hotelNameUtf8":"Rio Othon Palace","countryName":"Brazil","countryCode":"BRA","cityName":"Rio de Janeiro","thImgUrl":null,"blackOutDates":null,"currency":"AUD","curySymbole":"$","promoId":null,"shortMarketingText":"Save 10%","reviewerScore":"60","likes":"88%","userRating":"4","starRating":"4","hotelType":null,"bestFor":null,"sortOrder":"1","facilities":"Gym,Pool","facilitiesText":"Spa","price":"199","travelText":"save","hotelId":"45610","marketText":"Save 10%","isMemberExclusive":"0","isPromocodeApplicable":"value"},"hotel-id#12":{"hotelNameOld":"Rio Othon Palace","hotelName":"Rio Othon Palace","hotelNameUtf8":"Rio Othon Palace","countryName":"Brazil","countryCode":"BRA","cityName":"Rio de Janeiro","thImgUrl":null,"blackOutDates":null,"currency":"AUD","curySymbole":"$","promoId":null,"shortMarketingText":"Executive Suite, Save 20%","reviewerScore":"60","likes":"88%","userRating":"4","starRating":"4","hotelType":null,"bestFor":null,"sortOrder":"1","facilities":"Gym,Pool","facilitiesText":"Spa","price":"199","travelText":"save","hotelId":"45610","marketText":"Executive Suite, Save 20%","isMemberExclusive":"0","isPromocodeApplicable":"value"},"hotel-id#13":{"hotelNameOld":"Aeroporto Othon Hotel Rio de Janeiro","hotelName":"Aeroporto Othon Hotel Rio de Janeiro","hotelNameUtf8":"Aeroporto Othon Hotel Rio de Janeiro","countryName":"Brazil","countryCode":"BRA","cityName":"Rio de Janeiro","thImgUrl":null,"blackOutDates":null,"currency":"AUD","curySymbole":"$","promoId":null,"shortMarketingText":"Save 10%","reviewerScore":"60","likes":"88%","userRating":"2","starRating":"2","hotelType":null,"bestFor":null,"sortOrder":"1","facilities":"Gym,Pool","facilitiesText":"Spa","price":"199","travelText":"save","hotelId":"47070","marketText":"Save 10%","isMemberExclusive":"0","isPromocodeApplicable":"value"},"hotel-id#14":{"hotelNameOld":"Porto Bay Rio Internacional Hotel","hotelName":"Porto Bay Rio Internacional Hotel","hotelNameUtf8":"Porto Bay Rio Internacional Hotel","countryName":"Brazil","countryCode":"BRA","cityName":"Rio de Janeiro","thImgUrl":null,"blackOutDates":null,"currency":"AUD","curySymbole":"$","promoId":null,"shortMarketingText":"Save 15% on 3 nights or more","reviewerScore":"60","likes":"88%","userRating":"4","starRating":"4","hotelType":null,"bestFor":null,"sortOrder":"1","facilities":"Gym,Pool","facilitiesText":"Spa","price":"199","travelText":"save","hotelId":"64536","marketText":"Save 15% on 3 nights or more","isMemberExclusive":"0","isPromocodeApplicable":"value"},"hotel-id#15":{"hotelNameOld":"Porto Bay Rio Internacional Hotel","hotelName":"Porto Bay Rio Internacional Hotel","hotelNameUtf8":"Porto Bay Rio Internacional Hotel","countryName":"Brazil","countryCode":"BRA","cityName":"Rio de Janeiro","thImgUrl":null,"blackOutDates":null,"currency":"AUD","curySymbole":"$","promoId":null,"shortMarketingText":"Save 20%","reviewerScore":"60","likes":"88%","userRating":"4","starRating":"4","hotelType":null,"bestFor":null,"sortOrder":"1","facilities":"Gym,Pool","facilitiesText":"Spa","price":"199","travelText":"save","hotelId":"64536","marketText":"Save 20%","isMemberExclusive":"0","isPromocodeApplicable":"value"},"hotel-id#16":{"hotelNameOld":"Windsor Barra Hotel","hotelName":"Windsor Barra Hotel","hotelNameUtf8":"Windsor Barra Hotel","countryName":"Brazil","countryCode":"BRA","cityName":"Rio de Janeiro","thImgUrl":null,"blackOutDates":null,"currency":"AUD","curySymbole":"$","promoId":null,"shortMarketingText":"4th night FREE","reviewerScore":"60","likes":"88%","userRating":"4","starRating":"4","hotelType":null,"bestFor":null,"sortOrder":"1","facilities":"Gym,Pool","facilitiesText":"Spa","price":"199","travelText":"save","hotelId":"1023661","marketText":"4th night FREE","isMemberExclusive":"0","isPromocodeApplicable":"value"},"hotel-id#17":{"hotelNameOld":"Pestana Rio Atlantica Hotel","hotelName":"Pestana Rio Atlantica Hotel","hotelNameUtf8":"Pestana Rio Atlantica Hotel","countryName":"Brazil","countryCode":"BRA","cityName":"Rio de Janeiro","thImgUrl":null,"blackOutDates":null,"currency":"AUD","curySymbole":"$","promoId":null,"shortMarketingText":"Save 15%","reviewerScore":"60","likes":"88%","userRating":"4","starRating":"4","hotelType":null,"bestFor":null,"sortOrder":"1","facilities":"Gym,Pool","facilitiesText":"Spa","price":"199","travelText":"save","hotelId":"115445","marketText":"Save 15%","isMemberExclusive":"0","isPromocodeApplicable":"value"},"hotel-id#18":{"hotelNameOld":"Arena Copacabana Hotel","hotelName":"Arena Copacabana Hotel","hotelNameUtf8":"Arena Copacabana Hotel","countryName":"Brazil","countryCode":"BRA","cityName":"Rio de Janeiro","thImgUrl":null,"blackOutDates":null,"currency":"AUD","curySymbole":"$","promoId":null,"shortMarketingText":"Save 32%","reviewerScore":"60","likes":"88%","userRating":"4","starRating":"4","hotelType":null,"bestFor":null,"sortOrder":"1","facilities":"Gym,Pool","facilitiesText":"Spa","price":"199","travelText":"save","hotelId":"332908","marketText":"Save 32%","isMemberExclusive":"0","isPromocodeApplicable":"value"},"hotel-id#19":{"hotelNameOld":"Arena Copacabana Hotel","hotelName":"Arena Copacabana Hotel","hotelNameUtf8":"Arena Copacabana Hotel","countryName":"Brazil","countryCode":"BRA","cityName":"Rio de Janeiro","thImgUrl":null,"blackOutDates":null,"currency":"AUD","curySymbole":"$","promoId":null,"shortMarketingText":"Save 28%","reviewerScore":"60","likes":"88%","userRating":"4","starRating":"4","hotelType":null,"bestFor":null,"sortOrder":"1","facilities":"Gym,Pool","facilitiesText":"Spa","price":"199","travelText":"save","hotelId":"332908","marketText":"Save 28%","isMemberExclusive":"0","isPromocodeApplicable":"value"},"hotel-id#20":{"hotelNameOld":"Arena Copacabana Hotel","hotelName":"Arena Copacabana Hotel","hotelNameUtf8":"Arena Copacabana Hotel","countryName":"Brazil","countryCode":"BRA","cityName":"Rio de Janeiro","thImgUrl":null,"blackOutDates":null,"currency":"AUD","curySymbole":"$","promoId":null,"shortMarketingText":"Save 25% per night","reviewerScore":"60","likes":"88%","userRating":"4","starRating":"4","hotelType":null,"bestFor":null,"sortOrder":"1","facilities":"Gym,Pool","facilitiesText":"Spa","price":"199","travelText":"save","hotelId":"332908","marketText":"Save 25% per night","isMemberExclusive":"0","isPromocodeApplicable":"value"},"hotel-id#21":{"hotelNameOld":"Royal Tulip Rio De Janeiro Hotel","hotelName":"Royal Tulip Rio De Janeiro Hotel","hotelNameUtf8":"Royal Tulip Rio De Janeiro Hotel","countryName":"Brazil","countryCode":"BRA","cityName":"Rio de Janeiro","thImgUrl":null,"blackOutDates":null,"currency":"AUD","curySymbole":"$","promoId":null,"shortMarketingText":"Save 25% on 4 nights or more","reviewerScore":"60","likes":"88%","userRating":"3","starRating":"3","hotelType":null,"bestFor":null,"sortOrder":"1","facilities":"Gym,Pool","facilitiesText":"Spa","price":"199","travelText":"save","hotelId":"815441","marketText":"Save 25% on 4 nights or more","isMemberExclusive":"0","isPromocodeApplicable":"value"},"hotel-id#22":{"hotelNameOld":"Windsor Asturias","hotelName":"Windsor Asturias","hotelNameUtf8":"Windsor Asturias","countryName":"Brazil","countryCode":"BRA","cityName":"Rio de Janeiro","thImgUrl":null,"blackOutDates":null,"currency":"AUD","curySymbole":"$","promoId":null,"shortMarketingText":"Save 15% on weekends","reviewerScore":"60","likes":"88%","userRating":"3","starRating":"3","hotelType":null,"bestFor":null,"sortOrder":"1","facilities":"Gym,Pool","facilitiesText":"Spa","price":"199","travelText":"save","hotelId":"986071","marketText":"Save 15% on weekends","isMemberExclusive":"0","isPromocodeApplicable":"value"},"hotel-id#23":{"hotelNameOld":"Windsor Asturias","hotelName":"Windsor Asturias","hotelNameUtf8":"Windsor Asturias","countryName":"Brazil","countryCode":"BRA","cityName":"Rio de Janeiro","thImgUrl":null,"blackOutDates":null,"currency":"AUD","curySymbole":"$","promoId":null,"shortMarketingText":"Save 10%","reviewerScore":"60","likes":"88%","userRating":"3","starRating":"3","hotelType":null,"bestFor":null,"sortOrder":"1","facilities":"Gym,Pool","facilitiesText":"Spa","price":"199","travelText":"save","hotelId":"986071","marketText":"Save 10%","isMemberExclusive":"0","isPromocodeApplicable":"value"},"hotel-id#24":{"hotelNameOld":"Windsor Atlantica","hotelName":"Windsor Atlantica","hotelNameUtf8":"Windsor Atlantica","countryName":"Brazil","countryCode":"BRA","cityName":"Rio de Janeiro","thImgUrl":null,"blackOutDates":null,"currency":"AUD","curySymbole":"$","promoId":null,"shortMarketingText":"Save 10%","reviewerScore":"60","likes":"88%","userRating":"4","starRating":"4","hotelType":null,"bestFor":null,"sortOrder":"1","facilities":"Gym,Pool","facilitiesText":"Spa","price":"199","travelText":"save","hotelId":"503651","marketText":"Save 10%","isMemberExclusive":"0","isPromocodeApplicable":"value"},"hotel-id#25":{"hotelNameOld":"Windsor Atlantica","hotelName":"Windsor Atlantica","hotelNameUtf8":"Windsor Atlantica","countryName":"Brazil","countryCode":"BRA","cityName":"Rio de Janeiro","thImgUrl":null,"blackOutDates":null,"currency":"AUD","curySymbole":"$","promoId":null,"shortMarketingText":"Save 25% on 4 nights","reviewerScore":"60","likes":"88%","userRating":"4","starRating":"4","hotelType":null,"bestFor":null,"sortOrder":"1","facilities":"Gym,Pool","facilitiesText":"Spa","price":"199","travelText":"save","hotelId":"503651","marketText":"Save 25% on 4 nights","isMemberExclusive":"0","isPromocodeApplicable":"value"},"hotel-id#26":{"hotelNameOld":"Angra Dos Reis Boutique Hotel","hotelName":"Angra Dos Reis Boutique Hotel","hotelNameUtf8":"Angra Dos Reis Boutique Hotel","countryName":"Brazil","countryCode":"BRA","cityName":"Rio de Janeiro","thImgUrl":null,"blackOutDates":null,"currency":"AUD","curySymbole":"$","promoId":null,"shortMarketingText":"6th night FREE","reviewerScore":"60","likes":"88%","userRating":"3","starRating":"3","hotelType":null,"bestFor":null,"sortOrder":"1","facilities":"Gym,Pool","facilitiesText":"Spa","price":"199","travelText":"save","hotelId":"443211","marketText":"6th night FREE","isMemberExclusive":"0","isPromocodeApplicable":"value"},"hotel-id#27":{"hotelNameOld":"Ramada Rio Centro","hotelName":"Ramada Rio Centro","hotelNameUtf8":"Ramada Rio Centro","countryName":"Brazil","countryCode":"BRA","cityName":"Rio de Janeiro","thImgUrl":null,"blackOutDates":null,"currency":"AUD","curySymbole":"$","promoId":null,"shortMarketingText":"Stay 3, Save 20%","reviewerScore":"60","likes":"88%","userRating":"3","starRating":"3","hotelType":null,"bestFor":null,"sortOrder":"1","facilities":"Gym,Pool","facilitiesText":"Spa","price":"199","travelText":"save","hotelId":"1021911","marketText":"Stay 3, Save 20%","isMemberExclusive":"0","isPromocodeApplicable":"value"},"hotel-id#28":{"hotelNameOld":"Miramar Hotel By Windsor","hotelName":"Miramar Hotel By Windsor","hotelNameUtf8":"Miramar Hotel By Windsor","countryName":"Brazil","countryCode":"BRA","cityName":"Rio de Janeiro","thImgUrl":null,"blackOutDates":null,"currency":"AUD","curySymbole":"$","promoId":null,"shortMarketingText":"Save 25% on 4 nights or more","reviewerScore":"60","likes":"88%","userRating":"4","starRating":"4","hotelType":null,"bestFor":null,"sortOrder":"1","facilities":"Gym,Pool","facilitiesText":"Spa","price":"199","travelText":"save","hotelId":"1122791","marketText":"Save 25% on 4 nights or more","isMemberExclusive":"0","isPromocodeApplicable":"value"},"hotel-id#29":{"hotelNameOld":"Copacabana Rio Hotel","hotelName":"Copacabana Rio Hotel","hotelNameUtf8":"Copacabana Rio Hotel","countryName":"Brazil","countryCode":"BRA","cityName":"Rio de Janeiro","thImgUrl":null,"blackOutDates":null,"currency":"AUD","curySymbole":"$","promoId":null,"shortMarketingText":"Save 13% on 7 nights or more","reviewerScore":"60","likes":"88%","userRating":"3","starRating":"3","hotelType":null,"bestFor":null,"sortOrder":"1","facilities":"Gym,Pool","facilitiesText":"Spa","price":"199","travelText":"save","hotelId":"306518","marketText":"Save 13% on 7 nights or more","isMemberExclusive":"0","isPromocodeApplicable":"value"},"hotel-id#30":{"hotelNameOld":"Sofitel Rio de Janeiro Copacabana","hotelName":"Sofitel Rio de Janeiro Copacabana","hotelNameUtf8":"Sofitel Rio de Janeiro Copacabana","countryName":"Brazil","countryCode":"BRA","cityName":"Rio de Janeiro","thImgUrl":null,"blackOutDates":null,"currency":"AUD","curySymbole":"$","promoId":null,"shortMarketingText":"Save 30% on your stay","reviewerScore":"60","likes":"88%","userRating":"4","starRating":"4","hotelType":null,"bestFor":null,"sortOrder":"1","facilities":"Gym,Pool","facilitiesText":"Spa","price":"199","travelText":"save","hotelId":"71814","marketText":"Save 30% on your stay","isMemberExclusive":"0","isPromocodeApplicable":"value"}}