{"hotel-id#1":{"hotelNameOld":"Bettoja Massimo D Azeglio Hotel Rome","hotelName":"Bettoja Massimo D Azeglio Hotel Rome","hotelNameUtf8":"Bettoja Massimo D Azeglio Hotel Rome","countryName":"Italy","countryCode":"ITA","cityName":"Rome","thImgUrl":null,"blackOutDates":null,"currency":"AUD","curySymbole":"$","promoId":null,"shortMarketingText":"15% Off - Book Now & Save 15%","reviewerScore":"60","likes":"88%","userRating":"4","starRating":"4","hotelType":null,"bestFor":null,"sortOrder":"1","facilities":"Gym,Pool","facilitiesText":"Spa","price":"199","travelText":"save","hotelId":"235606","marketText":"15% Off - Book Now & Save 15%","isMemberExclusive":"0","isPromocodeApplicable":"value"},"hotel-id#2":{"hotelNameOld":"Bettoja Massimo D Azeglio Hotel Rome","hotelName":"Bettoja Massimo D Azeglio Hotel Rome","hotelNameUtf8":"Bettoja Massimo D Azeglio Hotel Rome","countryName":"Italy","countryCode":"ITA","cityName":"Rome","thImgUrl":null,"blackOutDates":null,"currency":"AUD","curySymbole":"$","promoId":null,"shortMarketingText":"10% Off - Stay 3 nights & Safe 10%","reviewerScore":"60","likes":"88%","userRating":"4","starRating":"4","hotelType":null,"bestFor":null,"sortOrder":"1","facilities":"Gym,Pool","facilitiesText":"Spa","price":"199","travelText":"save","hotelId":"235606","marketText":"10% Off - Stay 3 nights & Safe 10%","isMemberExclusive":"0","isPromocodeApplicable":"value"},"hotel-id#3":{"hotelNameOld":"Bettoja Massimo D Azeglio Hotel Rome","hotelName":"Bettoja Massimo D Azeglio Hotel Rome","hotelNameUtf8":"Bettoja Massimo D Azeglio Hotel Rome","countryName":"Italy","countryCode":"ITA","cityName":"Rome","thImgUrl":null,"blackOutDates":null,"currency":"AUD","curySymbole":"$","promoId":null,"shortMarketingText":"Advance Booking","reviewerScore":"60","likes":"88%","userRating":"4","starRating":"4","hotelType":null,"bestFor":null,"sortOrder":"1","facilities":"Gym,Pool","facilitiesText":"Spa","price":"199","travelText":"save","hotelId":"235606","marketText":"Advance Booking","isMemberExclusive":"0","isPromocodeApplicable":"value"},"hotel-id#4":{"hotelNameOld":"Diplomatic Hotel Rome","hotelName":"Diplomatic Hotel Rome","hotelNameUtf8":"Diplomatic Hotel Rome","countryName":"Italy","countryCode":"ITA","cityName":"Rome","thImgUrl":null,"blackOutDates":null,"currency":"AUD","curySymbole":"$","promoId":null,"shortMarketingText":"10% Off - Stay 3 Nights & Save 10%","reviewerScore":"60","likes":"88%","userRating":"3","starRating":"3","hotelType":null,"bestFor":null,"sortOrder":"1","facilities":"Gym,Pool","facilitiesText":"Spa","price":"199","travelText":"save","hotelId":"308690","marketText":"10% Off - Stay 3 Nights & Save 10%","isMemberExclusive":"0","isPromocodeApplicable":"value"},"hotel-id#5":{"hotelNameOld":"Savoy Hotel Rome","hotelName":"Savoy Hotel Rome","hotelNameUtf8":"Savoy Hotel Rome","countryName":"Italy","countryCode":"ITA","cityName":"Rome","thImgUrl":null,"blackOutDates":null,"currency":"AUD","curySymbole":"$","promoId":null,"shortMarketingText":"10% Off - Stay 3 nights & Safe 10%","reviewerScore":"60","likes":"88%","userRating":"4","starRating":"4","hotelType":null,"bestFor":null,"sortOrder":"1","facilities":"Gym,Pool","facilitiesText":"Spa","price":"199","travelText":"save","hotelId":"5915","marketText":"10% Off - Stay 3 nights & Safe 10%","isMemberExclusive":"0","isPromocodeApplicable":"value"},"hotel-id#6":{"hotelNameOld":"Valadier Hotel Rome","hotelName":"Valadier Hotel Rome","hotelNameUtf8":"Valadier Hotel Rome","countryName":"Italy","countryCode":"ITA","cityName":"Rome","thImgUrl":null,"blackOutDates":null,"currency":"AUD","curySymbole":"$","promoId":null,"shortMarketingText":"10% Off - Stay 3 Nights & Save 10%","reviewerScore":"60","likes":"88%","userRating":"4","starRating":"4","hotelType":null,"bestFor":null,"sortOrder":"1","facilities":"Gym,Pool","facilitiesText":"Spa","price":"199","travelText":"save","hotelId":"27208","marketText":"10% Off - Stay 3 Nights & Save 10%","isMemberExclusive":"0","isPromocodeApplicable":"value"},"hotel-id#7":{"hotelNameOld":"Starhotels Michelangelo Hotel Rome","hotelName":"Starhotels Michelangelo Hotel Rome","hotelNameUtf8":"Starhotels Michelangelo Hotel Rome","countryName":"Italy","countryCode":"ITA","cityName":"Rome","thImgUrl":null,"blackOutDates":null,"currency":"AUD","curySymbole":"$","promoId":null,"shortMarketingText":"Save 15%  Non Refundable","reviewerScore":"60","likes":"88%","userRating":"4","starRating":"4","hotelType":null,"bestFor":null,"sortOrder":"1","facilities":"Gym,Pool","facilitiesText":"Spa","price":"199","travelText":"save","hotelId":"332598","marketText":"Save 15%  Non Refundable","isMemberExclusive":"0","isPromocodeApplicable":"value"},"hotel-id#8":{"hotelNameOld":"Starhotels Michelangelo Hotel Rome","hotelName":"Starhotels Michelangelo Hotel Rome","hotelNameUtf8":"Starhotels Michelangelo Hotel Rome","countryName":"Italy","countryCode":"ITA","cityName":"Rome","thImgUrl":null,"blackOutDates":null,"currency":"AUD","curySymbole":"$","promoId":null,"shortMarketingText":"Save 10% - Stay 2 nights","reviewerScore":"60","likes":"88%","userRating":"4","starRating":"4","hotelType":null,"bestFor":null,"sortOrder":"1","facilities":"Gym,Pool","facilitiesText":"Spa","price":"199","travelText":"save","hotelId":"332598","marketText":"Save 10% - Stay 2 nights","isMemberExclusive":"0","isPromocodeApplicable":"value"},"hotel-id#9":{"hotelNameOld":"Starhotels Michelangelo Hotel Rome","hotelName":"Starhotels Michelangelo Hotel Rome","hotelNameUtf8":"Starhotels Michelangelo Hotel Rome","countryName":"Italy","countryCode":"ITA","cityName":"Rome","thImgUrl":null,"blackOutDates":null,"currency":"AUD","curySymbole":"$","promoId":null,"shortMarketingText":"Stay 3Nights & Save 20% Off","reviewerScore":"60","likes":"88%","userRating":"4","starRating":"4","hotelType":null,"bestFor":null,"sortOrder":"1","facilities":"Gym,Pool","facilitiesText":"Spa","price":"199","travelText":"save","hotelId":"332598","marketText":"Stay 3Nights & Save 20% Off","isMemberExclusive":"0","isPromocodeApplicable":"value"},"hotel-id#10":{"hotelNameOld":"Duke Hotel Rome - Boutique Hotel","hotelName":"Duke Hotel Rome - Boutique Hotel","hotelNameUtf8":"Duke Hotel Rome - Boutique Hotel","countryName":"Italy","countryCode":"ITA","cityName":"Rome","thImgUrl":null,"blackOutDates":null,"currency":"AUD","curySymbole":"$","promoId":null,"shortMarketingText":"Book Now & Save 15%","reviewerScore":"60","likes":"88%","userRating":"5","starRating":"5","hotelType":null,"bestFor":null,"sortOrder":"1","facilities":"Gym,Pool","facilitiesText":"Spa","price":"199","travelText":"save","hotelId":"329789","marketText":"Book Now & Save 15%","isMemberExclusive":"0","isPromocodeApplicable":"value"},"hotel-id#11":{"hotelNameOld":"Duke Hotel Rome - Boutique Hotel","hotelName":"Duke Hotel Rome - Boutique Hotel","hotelNameUtf8":"Duke Hotel Rome - Boutique Hotel","countryName":"Italy","countryCode":"ITA","cityName":"Rome","thImgUrl":null,"blackOutDates":null,"currency":"AUD","curySymbole":"$","promoId":null,"shortMarketingText":"Stay 4 Nights & Save 11%","reviewerScore":"60","likes":"88%","userRating":"5","starRating":"5","hotelType":null,"bestFor":null,"sortOrder":"1","facilities":"Gym,Pool","facilitiesText":"Spa","price":"199","travelText":"save","hotelId":"329789","marketText":"Stay 4 Nights & Save 11%","isMemberExclusive":"0","isPromocodeApplicable":"value"},"hotel-id#12":{"hotelNameOld":"Duke Hotel Rome - Boutique Hotel","hotelName":"Duke Hotel Rome - Boutique Hotel","hotelNameUtf8":"Duke Hotel Rome - Boutique Hotel","countryName":"Italy","countryCode":"ITA","cityName":"Rome","thImgUrl":null,"blackOutDates":null,"currency":"AUD","curySymbole":"$","promoId":null,"shortMarketingText":"Book Now & Save 14%","reviewerScore":"60","likes":"88%","userRating":"5","starRating":"5","hotelType":null,"bestFor":null,"sortOrder":"1","facilities":"Gym,Pool","facilitiesText":"Spa","price":"199","travelText":"save","hotelId":"329789","marketText":"Book Now & Save 14%","isMemberExclusive":"0","isPromocodeApplicable":"value"},"hotel-id#13":{"hotelNameOld":"Duke Hotel Rome - Boutique Hotel","hotelName":"Duke Hotel Rome - Boutique Hotel","hotelNameUtf8":"Duke Hotel Rome - Boutique Hotel","countryName":"Italy","countryCode":"ITA","cityName":"Rome","thImgUrl":null,"blackOutDates":null,"currency":"AUD","curySymbole":"$","promoId":null,"shortMarketingText":"Stay 3 Nights & Save 10%","reviewerScore":"60","likes":"88%","userRating":"5","starRating":"5","hotelType":null,"bestFor":null,"sortOrder":"1","facilities":"Gym,Pool","facilitiesText":"Spa","price":"199","travelText":"save","hotelId":"329789","marketText":"Stay 3 Nights & Save 10%","isMemberExclusive":"0","isPromocodeApplicable":"value"},"hotel-id#14":{"hotelNameOld":"Rex Hotel Rome","hotelName":"Rex Hotel Rome","hotelNameUtf8":"Rex Hotel Rome","countryName":"Italy","countryCode":"ITA","cityName":"Rome","thImgUrl":null,"blackOutDates":null,"currency":"AUD","curySymbole":"$","promoId":null,"shortMarketingText":"20% Off - Stay 3 Nights & Save 20%","reviewerScore":"60","likes":"88%","userRating":"4","starRating":"4","hotelType":null,"bestFor":null,"sortOrder":"1","facilities":"Gym,Pool","facilitiesText":"Spa","price":"199","travelText":"save","hotelId":"70495","marketText":"20% Off - Stay 3 Nights & Save 20%","isMemberExclusive":"0","isPromocodeApplicable":"value"},"hotel-id#15":{"hotelNameOld":"Rex Hotel Rome","hotelName":"Rex Hotel Rome","hotelNameUtf8":"Rex Hotel Rome","countryName":"Italy","countryCode":"ITA","cityName":"Rome","thImgUrl":null,"blackOutDates":null,"currency":"AUD","curySymbole":"$","promoId":null,"shortMarketingText":"10% Off - Book Now & Save 10%","reviewerScore":"60","likes":"88%","userRating":"4","starRating":"4","hotelType":null,"bestFor":null,"sortOrder":"1","facilities":"Gym,Pool","facilitiesText":"Spa","price":"199","travelText":"save","hotelId":"70495","marketText":"10% Off - Book Now & Save 10%","isMemberExclusive":"0","isPromocodeApplicable":"value"},"hotel-id#16":{"hotelNameOld":"BEST WESTERN Ambra Palace","hotelName":"BEST WESTERN Ambra Palace","hotelNameUtf8":"BEST WESTERN Ambra Palace","countryName":"Italy","countryCode":"ITA","cityName":"Rome","thImgUrl":null,"blackOutDates":null,"currency":"AUD","curySymbole":"$","promoId":null,"shortMarketingText":"Stay 3 Nights or more and save 10%","reviewerScore":"60","likes":"88%","userRating":"4","starRating":"4","hotelType":null,"bestFor":null,"sortOrder":"1","facilities":"Gym,Pool","facilitiesText":"Spa","price":"199","travelText":"save","hotelId":"162594","marketText":"Stay 3 Nights or more and save 10%","isMemberExclusive":"0","isPromocodeApplicable":"value"},"hotel-id#17":{"hotelNameOld":"BEST WESTERN Ambra Palace","hotelName":"BEST WESTERN Ambra Palace","hotelNameUtf8":"BEST WESTERN Ambra Palace","countryName":"Italy","countryCode":"ITA","cityName":"Rome","thImgUrl":null,"blackOutDates":null,"currency":"AUD","curySymbole":"$","promoId":null,"shortMarketingText":"15% Off - Book Now & Save 15%","reviewerScore":"60","likes":"88%","userRating":"4","starRating":"4","hotelType":null,"bestFor":null,"sortOrder":"1","facilities":"Gym,Pool","facilitiesText":"Spa","price":"199","travelText":"save","hotelId":"162594","marketText":"15% Off - Book Now & Save 15%","isMemberExclusive":"0","isPromocodeApplicable":"value"},"hotel-id#18":{"hotelNameOld":"Sina Bernini Bristol Hotel Rome","hotelName":"Sina Bernini Bristol Hotel Rome","hotelNameUtf8":"Sina Bernini Bristol Hotel Rome","countryName":"Italy","countryCode":"ITA","cityName":"Rome","thImgUrl":null,"blackOutDates":null,"currency":"AUD","curySymbole":"$","promoId":null,"shortMarketingText":"15% Off - Stay 3 Nights & Save 15%","reviewerScore":"60","likes":"88%","userRating":"5","starRating":"5","hotelType":null,"bestFor":null,"sortOrder":"1","facilities":"Gym,Pool","facilitiesText":"Spa","price":"199","travelText":"save","hotelId":"26767","marketText":"15% Off - Stay 3 Nights & Save 15%","isMemberExclusive":"0","isPromocodeApplicable":"value"},"hotel-id#19":{"hotelNameOld":"Sina Bernini Bristol Hotel Rome","hotelName":"Sina Bernini Bristol Hotel Rome","hotelNameUtf8":"Sina Bernini Bristol Hotel Rome","countryName":"Italy","countryCode":"ITA","cityName":"Rome","thImgUrl":null,"blackOutDates":null,"currency":"AUD","curySymbole":"$","promoId":null,"shortMarketingText":"Book Now and Save 10% Non Refundable","reviewerScore":"60","likes":"88%","userRating":"5","starRating":"5","hotelType":null,"bestFor":null,"sortOrder":"1","facilities":"Gym,Pool","facilitiesText":"Spa","price":"199","travelText":"save","hotelId":"26767","marketText":"Book Now and Save 10% Non Refundable","isMemberExclusive":"0","isPromocodeApplicable":"value"},"hotel-id#20":{"hotelNameOld":"Brasile Hotel Rome","hotelName":"Brasile Hotel Rome","hotelNameUtf8":"Brasile Hotel Rome","countryName":"Italy","countryCode":"ITA","cityName":"Rome","thImgUrl":null,"blackOutDates":null,"currency":"AUD","curySymbole":"$","promoId":null,"shortMarketingText":"Save More than 10%","reviewerScore":"60","likes":"88%","userRating":"3","starRating":"3","hotelType":null,"bestFor":null,"sortOrder":"1","facilities":"Gym,Pool","facilitiesText":"Spa","price":"199","travelText":"save","hotelId":"58538","marketText":"Save More than 10%","isMemberExclusive":"0","isPromocodeApplicable":"value"},"hotel-id#21":{"hotelNameOld":"BEST WESTERN Hotel Spring House","hotelName":"BEST WESTERN Hotel Spring House","hotelNameUtf8":"BEST WESTERN Hotel Spring House","countryName":"Italy","countryCode":"ITA","cityName":"Rome","thImgUrl":null,"blackOutDates":null,"currency":"AUD","curySymbole":"$","promoId":null,"shortMarketingText":"10% Off - Stay 3 Nights & Save 10%","reviewerScore":"60","likes":"88%","userRating":"3","starRating":"3","hotelType":null,"bestFor":null,"sortOrder":"1","facilities":"Gym,Pool","facilitiesText":"Spa","price":"199","travelText":"save","hotelId":"22710","marketText":"10% Off - Stay 3 Nights & Save 10%","isMemberExclusive":"0","isPromocodeApplicable":"value"},"hotel-id#22":{"hotelNameOld":"Veneto Palace Hotel Rome","hotelName":"Veneto Palace Hotel Rome","hotelNameUtf8":"Veneto Palace Hotel Rome","countryName":"Italy","countryCode":"ITA","cityName":"Rome","thImgUrl":null,"blackOutDates":null,"currency":"AUD","curySymbole":"$","promoId":null,"shortMarketingText":"","reviewerScore":"60","likes":"88%","userRating":"4","starRating":"4","hotelType":null,"bestFor":null,"sortOrder":"1","facilities":"Gym,Pool","facilitiesText":"Spa","price":"199","travelText":"save","hotelId":"253882","marketText":"","isMemberExclusive":"0","isPromocodeApplicable":"value"},"hotel-id#23":{"hotelNameOld":"Daniela Hotel Rome","hotelName":"Daniela Hotel Rome","hotelNameUtf8":"Daniela Hotel Rome","countryName":"Italy","countryCode":"ITA","cityName":"Rome","thImgUrl":null,"blackOutDates":null,"currency":"AUD","curySymbole":"$","promoId":null,"shortMarketingText":"Stay 3 Nights & Save 5%","reviewerScore":"60","likes":"88%","userRating":"3","starRating":"3","hotelType":null,"bestFor":null,"sortOrder":"1","facilities":"Gym,Pool","facilitiesText":"Spa","price":"199","travelText":"save","hotelId":"35600","marketText":"Stay 3 Nights & Save 5%","isMemberExclusive":"0","isPromocodeApplicable":"value"},"hotel-id#24":{"hotelNameOld":"Exe Domus Aurea Hotel Rome","hotelName":"Exe Domus Aurea Hotel Rome","hotelNameUtf8":"Exe Domus Aurea Hotel Rome","countryName":"Italy","countryCode":"ITA","cityName":"Rome","thImgUrl":null,"blackOutDates":null,"currency":"AUD","curySymbole":"$","promoId":null,"shortMarketingText":"Stay 4 Nights & Save 10%","reviewerScore":"60","likes":"88%","userRating":"3","starRating":"3","hotelType":null,"bestFor":null,"sortOrder":"1","facilities":"Gym,Pool","facilitiesText":"Spa","price":"199","travelText":"save","hotelId":"259510","marketText":"Stay 4 Nights & Save 10%","isMemberExclusive":"0","isPromocodeApplicable":"value"},"hotel-id#25":{"hotelNameOld":"Exe Domus Aurea Hotel Rome","hotelName":"Exe Domus Aurea Hotel Rome","hotelNameUtf8":"Exe Domus Aurea Hotel Rome","countryName":"Italy","countryCode":"ITA","cityName":"Rome","thImgUrl":null,"blackOutDates":null,"currency":"AUD","curySymbole":"$","promoId":null,"shortMarketingText":"Stay 3 Nights & Save 5%","reviewerScore":"60","likes":"88%","userRating":"3","starRating":"3","hotelType":null,"bestFor":null,"sortOrder":"1","facilities":"Gym,Pool","facilitiesText":"Spa","price":"199","travelText":"save","hotelId":"259510","marketText":"Stay 3 Nights & Save 5%","isMemberExclusive":"0","isPromocodeApplicable":"value"},"hotel-id#26":{"hotelNameOld":"Exe Domus Aurea Hotel Rome","hotelName":"Exe Domus Aurea Hotel Rome","hotelNameUtf8":"Exe Domus Aurea Hotel Rome","countryName":"Italy","countryCode":"ITA","cityName":"Rome","thImgUrl":null,"blackOutDates":null,"currency":"AUD","curySymbole":"$","promoId":null,"shortMarketingText":"Save 15% Off Non Refundable","reviewerScore":"60","likes":"88%","userRating":"3","starRating":"3","hotelType":null,"bestFor":null,"sortOrder":"1","facilities":"Gym,Pool","facilitiesText":"Spa","price":"199","travelText":"save","hotelId":"259510","marketText":"Save 15% Off Non Refundable","isMemberExclusive":"0","isPromocodeApplicable":"value"},"hotel-id#27":{"hotelNameOld":"Majestic Hotel  Rome","hotelName":"Majestic Hotel  Rome","hotelNameUtf8":"Majestic Hotel  Rome","countryName":"Italy","countryCode":"ITA","cityName":"Rome","thImgUrl":null,"blackOutDates":null,"currency":"AUD","curySymbole":"$","promoId":null,"shortMarketingText":"Save 5%","reviewerScore":"60","likes":"88%","userRating":"5","starRating":"5","hotelType":null,"bestFor":null,"sortOrder":"1","facilities":"Gym,Pool","facilitiesText":"Spa","price":"199","travelText":"save","hotelId":"26592","marketText":"Save 5%","isMemberExclusive":"0","isPromocodeApplicable":"value"},"hotel-id#28":{"hotelNameOld":"Siviglia Hotel Rome","hotelName":"Siviglia Hotel Rome","hotelNameUtf8":"Siviglia Hotel Rome","countryName":"Italy","countryCode":"ITA","cityName":"Rome","thImgUrl":null,"blackOutDates":null,"currency":"AUD","curySymbole":"$","promoId":null,"shortMarketingText":"Stay 3 Nights & Save 5%","reviewerScore":"60","likes":"88%","userRating":"3","starRating":"3","hotelType":null,"bestFor":null,"sortOrder":"1","facilities":"Gym,Pool","facilitiesText":"Spa","price":"199","travelText":"save","hotelId":"25836","marketText":"Stay 3 Nights & Save 5%","isMemberExclusive":"0","isPromocodeApplicable":"value"},"hotel-id#29":{"hotelNameOld":"Sofitel Rome Villa Borghese","hotelName":"Sofitel Rome Villa Borghese","hotelNameUtf8":"Sofitel Rome Villa Borghese","countryName":"Italy","countryCode":"ITA","cityName":"Rome","thImgUrl":null,"blackOutDates":null,"currency":"AUD","curySymbole":"$","promoId":null,"shortMarketingText":"","reviewerScore":"60","likes":"88%","userRating":"5","starRating":"5","hotelType":null,"bestFor":null,"sortOrder":"1","facilities":"Gym,Pool","facilitiesText":"Spa","price":"199","travelText":"save","hotelId":"66286","marketText":"","isMemberExclusive":"0","isPromocodeApplicable":"value"},"hotel-id#30":{"hotelNameOld":"Borromini Hotel Rome","hotelName":"Borromini Hotel Rome","hotelNameUtf8":"Borromini Hotel Rome","countryName":"Italy","countryCode":"ITA","cityName":"Rome","thImgUrl":null,"blackOutDates":null,"currency":"AUD","curySymbole":"$","promoId":null,"shortMarketingText":"8% Off - Book Now & Save 8%","reviewerScore":"60","likes":"88%","userRating":"4","starRating":"4","hotelType":null,"bestFor":null,"sortOrder":"1","facilities":"Gym,Pool","facilitiesText":"Spa","price":"199","travelText":"save","hotelId":"320209","marketText":"8% Off - Book Now & Save 8%","isMemberExclusive":"0","isPromocodeApplicable":"value"}}