{"hotel-id#1":{"hotelNameOld":"The Westin Bund Center Shanghai","hotelName":"The Westin Bund Center Shanghai","hotelNameUtf8":"The Westin Bund Center Shanghai","countryName":"China","countryCode":"CHN","cityName":"Shanghai","thImgUrl":null,"blackOutDates":null,"currency":"AUD","curySymbole":"$","promoId":null,"shortMarketingText":"Stay 5 Night & Save 25%","reviewerScore":"60","likes":"88%","userRating":"5","starRating":"5","hotelType":null,"bestFor":null,"sortOrder":"1","facilities":"Gym,Pool","facilitiesText":"Spa","price":"199","travelText":"save","hotelId":"82675","marketText":"Stay 5 Night & Save 25%","isMemberExclusive":"0","isPromocodeApplicable":"value"},"hotel-id#2":{"hotelNameOld":"The Westin Bund Center Shanghai","hotelName":"The Westin Bund Center Shanghai","hotelNameUtf8":"The Westin Bund Center Shanghai","countryName":"China","countryCode":"CHN","cityName":"Shanghai","thImgUrl":null,"blackOutDates":null,"currency":"AUD","curySymbole":"$","promoId":null,"shortMarketingText":"Book 7 Days In Advance & Save 10%","reviewerScore":"60","likes":"88%","userRating":"5","starRating":"5","hotelType":null,"bestFor":null,"sortOrder":"1","facilities":"Gym,Pool","facilitiesText":"Spa","price":"199","travelText":"save","hotelId":"82675","marketText":"Book 7 Days In Advance & Save 10%","isMemberExclusive":"0","isPromocodeApplicable":"value"},"hotel-id#3":{"hotelNameOld":"The Westin Bund Center Shanghai","hotelName":"The Westin Bund Center Shanghai","hotelNameUtf8":"The Westin Bund Center Shanghai","countryName":"China","countryCode":"CHN","cityName":"Shanghai","thImgUrl":null,"blackOutDates":null,"currency":"AUD","curySymbole":"$","promoId":null,"shortMarketingText":"Book 14 days in advance  & Save 15%","reviewerScore":"60","likes":"88%","userRating":"5","starRating":"5","hotelType":null,"bestFor":null,"sortOrder":"1","facilities":"Gym,Pool","facilitiesText":"Spa","price":"199","travelText":"save","hotelId":"82675","marketText":"Book 14 days in advance  & Save 15%","isMemberExclusive":"0","isPromocodeApplicable":"value"},"hotel-id#4":{"hotelNameOld":"The Westin Bund Center Shanghai","hotelName":"The Westin Bund Center Shanghai","hotelNameUtf8":"The Westin Bund Center Shanghai","countryName":"China","countryCode":"CHN","cityName":"Shanghai","thImgUrl":null,"blackOutDates":null,"currency":"AUD","curySymbole":"$","promoId":null,"shortMarketingText":"Book 21 Days In Advance & Save 25%","reviewerScore":"60","likes":"88%","userRating":"5","starRating":"5","hotelType":null,"bestFor":null,"sortOrder":"1","facilities":"Gym,Pool","facilitiesText":"Spa","price":"199","travelText":"save","hotelId":"82675","marketText":"Book 21 Days In Advance & Save 25%","isMemberExclusive":"0","isPromocodeApplicable":"value"},"hotel-id#5":{"hotelNameOld":"The Westin Bund Center Shanghai","hotelName":"The Westin Bund Center Shanghai","hotelNameUtf8":"The Westin Bund Center Shanghai","countryName":"China","countryCode":"CHN","cityName":"Shanghai","thImgUrl":null,"blackOutDates":null,"currency":"AUD","curySymbole":"$","promoId":null,"shortMarketingText":"Book Now & Save 20%","reviewerScore":"60","likes":"88%","userRating":"5","starRating":"5","hotelType":null,"bestFor":null,"sortOrder":"1","facilities":"Gym,Pool","facilitiesText":"Spa","price":"199","travelText":"save","hotelId":"82675","marketText":"Book Now & Save 20%","isMemberExclusive":"0","isPromocodeApplicable":"value"},"hotel-id#6":{"hotelNameOld":"Hilton Shanghai hotel","hotelName":"Hilton Shanghai hotel","hotelNameUtf8":"Hilton Shanghai hotel","countryName":"China","countryCode":"CHN","cityName":"Shanghai","thImgUrl":"https:\/\/www.tnetnoc.com\/hotelphotos\/585\/6585\/2631759-Hilton-Shanghai-Hotel-Exterior-3-LP.jpg","blackOutDates":null,"currency":"AUD","curySymbole":"$","promoId":null,"shortMarketingText":"China Year End Sale - Rate includes 30% off","reviewerScore":"60","likes":"88%","userRating":"5","starRating":"5","hotelType":null,"bestFor":null,"sortOrder":"1","facilities":"Gym,Pool","facilitiesText":"Spa","price":"199","travelText":"save","hotelId":"6585","marketText":"China Year End Sale - Rate includes 30% off","isMemberExclusive":"0","isPromocodeApplicable":"value"},"hotel-id#7":{"hotelNameOld":"Fairmont Peace Hotel","hotelName":"Fairmont Peace Hotel","hotelNameUtf8":"Fairmont Peace Hotel","countryName":"China","countryCode":"CHN","cityName":"Shanghai","thImgUrl":null,"blackOutDates":null,"currency":"AUD","curySymbole":"$","promoId":null,"shortMarketingText":"Book 3 days In Advance & Save 15%","reviewerScore":"60","likes":"88%","userRating":"5","starRating":"5","hotelType":null,"bestFor":null,"sortOrder":"1","facilities":"Gym,Pool","facilitiesText":"Spa","price":"199","travelText":"save","hotelId":"347314","marketText":"Book 3 days In Advance & Save 15%","isMemberExclusive":"0","isPromocodeApplicable":"value"},"hotel-id#8":{"hotelNameOld":"Fairmont Peace Hotel","hotelName":"Fairmont Peace Hotel","hotelNameUtf8":"Fairmont Peace Hotel","countryName":"China","countryCode":"CHN","cityName":"Shanghai","thImgUrl":null,"blackOutDates":null,"currency":"AUD","curySymbole":"$","promoId":null,"shortMarketingText":"Book 3 days In Advance & Save 15%","reviewerScore":"60","likes":"88%","userRating":"5","starRating":"5","hotelType":null,"bestFor":null,"sortOrder":"1","facilities":"Gym,Pool","facilitiesText":"Spa","price":"199","travelText":"save","hotelId":"347314","marketText":"Book 3 days In Advance & Save 15%","isMemberExclusive":"0","isPromocodeApplicable":"value"},"hotel-id#9":{"hotelNameOld":"Fairmont Peace Hotel","hotelName":"Fairmont Peace Hotel","hotelNameUtf8":"Fairmont Peace Hotel","countryName":"China","countryCode":"CHN","cityName":"Shanghai","thImgUrl":null,"blackOutDates":null,"currency":"AUD","curySymbole":"$","promoId":null,"shortMarketingText":"Book Now & Save 25%","reviewerScore":"60","likes":"88%","userRating":"5","starRating":"5","hotelType":null,"bestFor":null,"sortOrder":"1","facilities":"Gym,Pool","facilitiesText":"Spa","price":"199","travelText":"save","hotelId":"347314","marketText":"Book Now & Save 25%","isMemberExclusive":"0","isPromocodeApplicable":"value"},"hotel-id#10":{"hotelNameOld":"Fairmont Peace Hotel","hotelName":"Fairmont Peace Hotel","hotelNameUtf8":"Fairmont Peace Hotel","countryName":"China","countryCode":"CHN","cityName":"Shanghai","thImgUrl":null,"blackOutDates":null,"currency":"AUD","curySymbole":"$","promoId":null,"shortMarketingText":"Book Now & Save 35%","reviewerScore":"60","likes":"88%","userRating":"5","starRating":"5","hotelType":null,"bestFor":null,"sortOrder":"1","facilities":"Gym,Pool","facilitiesText":"Spa","price":"199","travelText":"save","hotelId":"347314","marketText":"Book Now & Save 35%","isMemberExclusive":"0","isPromocodeApplicable":"value"},"hotel-id#11":{"hotelNameOld":"Park Hotel","hotelName":"Park Hotel","hotelNameUtf8":"Park Hotel","countryName":"China","countryCode":"CHN","cityName":"Shanghai","thImgUrl":null,"blackOutDates":null,"currency":"AUD","curySymbole":"$","promoId":null,"shortMarketingText":"Stay 7 Nights & Save 40%","reviewerScore":"60","likes":"88%","userRating":"4","starRating":"4","hotelType":null,"bestFor":null,"sortOrder":"1","facilities":"Gym,Pool","facilitiesText":"Spa","price":"199","travelText":"save","hotelId":"307076","marketText":"Stay 7 Nights & Save 40%","isMemberExclusive":"0","isPromocodeApplicable":"value"},"hotel-id#12":{"hotelNameOld":"Park Hotel","hotelName":"Park Hotel","hotelNameUtf8":"Park Hotel","countryName":"China","countryCode":"CHN","cityName":"Shanghai","thImgUrl":null,"blackOutDates":null,"currency":"AUD","curySymbole":"$","promoId":null,"shortMarketingText":"Book 7 days In Advance & Save 10%","reviewerScore":"60","likes":"88%","userRating":"4","starRating":"4","hotelType":null,"bestFor":null,"sortOrder":"1","facilities":"Gym,Pool","facilitiesText":"Spa","price":"199","travelText":"save","hotelId":"307076","marketText":"Book 7 days In Advance & Save 10%","isMemberExclusive":"0","isPromocodeApplicable":"value"},"hotel-id#13":{"hotelNameOld":"Park Hotel","hotelName":"Park Hotel","hotelNameUtf8":"Park Hotel","countryName":"China","countryCode":"CHN","cityName":"Shanghai","thImgUrl":null,"blackOutDates":null,"currency":"AUD","curySymbole":"$","promoId":null,"shortMarketingText":"Book 30 days In Advance & Save 30%","reviewerScore":"60","likes":"88%","userRating":"4","starRating":"4","hotelType":null,"bestFor":null,"sortOrder":"1","facilities":"Gym,Pool","facilitiesText":"Spa","price":"199","travelText":"save","hotelId":"307076","marketText":"Book 30 days In Advance & Save 30%","isMemberExclusive":"0","isPromocodeApplicable":"value"},"hotel-id#14":{"hotelNameOld":"Sofitel Shanghai Hyland","hotelName":"Sofitel Shanghai Hyland","hotelNameUtf8":"Sofitel Shanghai Hyland","countryName":"China","countryCode":"CHN","cityName":"Shanghai","thImgUrl":"https:\/\/www.tnetnoc.com\/hotelphotos\/307\/81307\/2631759-Sofitel-Shanghai-Hyland-Hotel-Exterior-4-LP.jpg","blackOutDates":null,"currency":"AUD","curySymbole":"$","promoId":null,"shortMarketingText":"Rate includes up to 40% off","reviewerScore":"60","likes":"88%","userRating":"5","starRating":"5","hotelType":null,"bestFor":null,"sortOrder":"1","facilities":"Gym,Pool","facilitiesText":"Spa","price":"199","travelText":"save","hotelId":"81307","marketText":"Rate includes up to 40% off","isMemberExclusive":"0","isPromocodeApplicable":"value"},"hotel-id#15":{"hotelNameOld":"Sofitel Shanghai Hyland","hotelName":"Sofitel Shanghai Hyland","hotelNameUtf8":"Sofitel Shanghai Hyland","countryName":"China","countryCode":"CHN","cityName":"Shanghai","thImgUrl":"https:\/\/www.tnetnoc.com\/hotelphotos\/307\/81307\/2631759-Sofitel-Shanghai-Hyland-Hotel-Exterior-4-LP.jpg","blackOutDates":null,"currency":"AUD","curySymbole":"$","promoId":null,"shortMarketingText":"Save 30% on your stay","reviewerScore":"60","likes":"88%","userRating":"5","starRating":"5","hotelType":null,"bestFor":null,"sortOrder":"1","facilities":"Gym,Pool","facilitiesText":"Spa","price":"199","travelText":"save","hotelId":"81307","marketText":"Save 30% on your stay","isMemberExclusive":"0","isPromocodeApplicable":"value"},"hotel-id#16":{"hotelNameOld":"Sofitel Shanghai Hyland","hotelName":"Sofitel Shanghai Hyland","hotelNameUtf8":"Sofitel Shanghai Hyland","countryName":"China","countryCode":"CHN","cityName":"Shanghai","thImgUrl":"https:\/\/www.tnetnoc.com\/hotelphotos\/307\/81307\/2631759-Sofitel-Shanghai-Hyland-Hotel-Exterior-4-LP.jpg","blackOutDates":null,"currency":"AUD","curySymbole":"$","promoId":null,"shortMarketingText":"Save 25% on your stay","reviewerScore":"60","likes":"88%","userRating":"5","starRating":"5","hotelType":null,"bestFor":null,"sortOrder":"1","facilities":"Gym,Pool","facilitiesText":"Spa","price":"199","travelText":"save","hotelId":"81307","marketText":"Save 25% on your stay","isMemberExclusive":"0","isPromocodeApplicable":"value"},"hotel-id#17":{"hotelNameOld":"Hotel Equatorial Shanghai","hotelName":"Hotel Equatorial Shanghai","hotelNameUtf8":"Hotel Equatorial Shanghai","countryName":"China","countryCode":"CHN","cityName":"Shanghai","thImgUrl":null,"blackOutDates":null,"currency":"AUD","curySymbole":"$","promoId":null,"shortMarketingText":"Stay 2 Nights & Save 20%","reviewerScore":"60","likes":"88%","userRating":"4","starRating":"4","hotelType":null,"bestFor":null,"sortOrder":"1","facilities":"Gym,Pool","facilitiesText":"Spa","price":"199","travelText":"save","hotelId":"208163","marketText":"Stay 2 Nights & Save 20%","isMemberExclusive":"0","isPromocodeApplicable":"value"},"hotel-id#18":{"hotelNameOld":"Hotel Equatorial Shanghai","hotelName":"Hotel Equatorial Shanghai","hotelNameUtf8":"Hotel Equatorial Shanghai","countryName":"China","countryCode":"CHN","cityName":"Shanghai","thImgUrl":null,"blackOutDates":null,"currency":"AUD","curySymbole":"$","promoId":null,"shortMarketingText":"Book 14 Days In Advance & Save 30%","reviewerScore":"60","likes":"88%","userRating":"4","starRating":"4","hotelType":null,"bestFor":null,"sortOrder":"1","facilities":"Gym,Pool","facilitiesText":"Spa","price":"199","travelText":"save","hotelId":"208163","marketText":"Book 14 Days In Advance & Save 30%","isMemberExclusive":"0","isPromocodeApplicable":"value"},"hotel-id#19":{"hotelNameOld":"Hotel Equatorial Shanghai","hotelName":"Hotel Equatorial Shanghai","hotelNameUtf8":"Hotel Equatorial Shanghai","countryName":"China","countryCode":"CHN","cityName":"Shanghai","thImgUrl":null,"blackOutDates":null,"currency":"AUD","curySymbole":"$","promoId":null,"shortMarketingText":"Stay 3 Nights & Save 25%","reviewerScore":"60","likes":"88%","userRating":"4","starRating":"4","hotelType":null,"bestFor":null,"sortOrder":"1","facilities":"Gym,Pool","facilitiesText":"Spa","price":"199","travelText":"save","hotelId":"208163","marketText":"Stay 3 Nights & Save 25%","isMemberExclusive":"0","isPromocodeApplicable":"value"},"hotel-id#20":{"hotelNameOld":"Hotel Equatorial Shanghai","hotelName":"Hotel Equatorial Shanghai","hotelNameUtf8":"Hotel Equatorial Shanghai","countryName":"China","countryCode":"CHN","cityName":"Shanghai","thImgUrl":null,"blackOutDates":null,"currency":"AUD","curySymbole":"$","promoId":null,"shortMarketingText":"Book 30 Days In Advance & Save 40%","reviewerScore":"60","likes":"88%","userRating":"4","starRating":"4","hotelType":null,"bestFor":null,"sortOrder":"1","facilities":"Gym,Pool","facilitiesText":"Spa","price":"199","travelText":"save","hotelId":"208163","marketText":"Book 30 Days In Advance & Save 40%","isMemberExclusive":"0","isPromocodeApplicable":"value"},"hotel-id#21":{"hotelNameOld":"Renaissance Shanghai Yangtze Hotel","hotelName":"Renaissance Shanghai Yangtze Hotel","hotelNameUtf8":"Renaissance Shanghai Yangtze Hotel","countryName":"China","countryCode":"CHN","cityName":"Shanghai","thImgUrl":null,"blackOutDates":null,"currency":"AUD","curySymbole":"$","promoId":null,"shortMarketingText":"Save 20% on your stay","reviewerScore":"60","likes":"88%","userRating":"4","starRating":"4","hotelType":null,"bestFor":null,"sortOrder":"1","facilities":"Gym,Pool","facilitiesText":"Spa","price":"199","travelText":"save","hotelId":"4374","marketText":"Save 20% on your stay","isMemberExclusive":"0","isPromocodeApplicable":"value"},"hotel-id#22":{"hotelNameOld":"Novotel Shanghai Atlantis","hotelName":"Novotel Shanghai Atlantis","hotelNameUtf8":"Novotel Shanghai Atlantis","countryName":"China","countryCode":"CHN","cityName":"Shanghai","thImgUrl":null,"blackOutDates":null,"currency":"AUD","curySymbole":"$","promoId":null,"shortMarketingText":"Rate includes up to 40% off","reviewerScore":"60","likes":"88%","userRating":"4","starRating":"4","hotelType":null,"bestFor":null,"sortOrder":"1","facilities":"Gym,Pool","facilitiesText":"Spa","price":"199","travelText":"save","hotelId":"81254","marketText":"Rate includes up to 40% off","isMemberExclusive":"0","isPromocodeApplicable":"value"},"hotel-id#23":{"hotelNameOld":"City Hotel Shanghai","hotelName":"City Hotel Shanghai","hotelNameUtf8":"City Hotel Shanghai","countryName":"China","countryCode":"CHN","cityName":"Shanghai","thImgUrl":"https:\/\/www.tnetnoc.com\/hotelphotos\/856\/103856\/69481597-City-Hotel-Shanghai-Other-13-LP.jpg","blackOutDates":null,"currency":"AUD","curySymbole":"$","promoId":null,"shortMarketingText":"Member Only Offer-Stay 3 Nights & Save 23%","reviewerScore":"60","likes":"88%","userRating":"4","starRating":"4","hotelType":null,"bestFor":null,"sortOrder":"1","facilities":"Gym,Pool","facilitiesText":"Spa","price":"199","travelText":"save","hotelId":"103856","marketText":"Member Only Offer-Stay 3 Nights & Save 23%","isMemberExclusive":"1","isPromocodeApplicable":"value"},"hotel-id#24":{"hotelNameOld":"City Hotel Shanghai","hotelName":"City Hotel Shanghai","hotelNameUtf8":"City Hotel Shanghai","countryName":"China","countryCode":"CHN","cityName":"Shanghai","thImgUrl":"https:\/\/www.tnetnoc.com\/hotelphotos\/856\/103856\/69481597-City-Hotel-Shanghai-Other-13-LP.jpg","blackOutDates":null,"currency":"AUD","curySymbole":"$","promoId":null,"shortMarketingText":"Stay 3 Nights & Save 20%","reviewerScore":"60","likes":"88%","userRating":"4","starRating":"4","hotelType":null,"bestFor":null,"sortOrder":"1","facilities":"Gym,Pool","facilitiesText":"Spa","price":"199","travelText":"save","hotelId":"103856","marketText":"Stay 3 Nights & Save 20%","isMemberExclusive":"0","isPromocodeApplicable":"value"},"hotel-id#25":{"hotelNameOld":"City Hotel Shanghai","hotelName":"City Hotel Shanghai","hotelNameUtf8":"City Hotel Shanghai","countryName":"China","countryCode":"CHN","cityName":"Shanghai","thImgUrl":"https:\/\/www.tnetnoc.com\/hotelphotos\/856\/103856\/69481597-City-Hotel-Shanghai-Other-13-LP.jpg","blackOutDates":null,"currency":"AUD","curySymbole":"$","promoId":null,"shortMarketingText":"Stay 3 Nights & Save 25%","reviewerScore":"60","likes":"88%","userRating":"4","starRating":"4","hotelType":null,"bestFor":null,"sortOrder":"1","facilities":"Gym,Pool","facilitiesText":"Spa","price":"199","travelText":"save","hotelId":"103856","marketText":"Stay 3 Nights & Save 25%","isMemberExclusive":"0","isPromocodeApplicable":"value"},"hotel-id#26":{"hotelNameOld":"City Hotel Shanghai","hotelName":"City Hotel Shanghai","hotelNameUtf8":"City Hotel Shanghai","countryName":"China","countryCode":"CHN","cityName":"Shanghai","thImgUrl":"https:\/\/www.tnetnoc.com\/hotelphotos\/856\/103856\/69481597-City-Hotel-Shanghai-Other-13-LP.jpg","blackOutDates":null,"currency":"AUD","curySymbole":"$","promoId":null,"shortMarketingText":"Book 14 Days In Advance & Save 20%","reviewerScore":"60","likes":"88%","userRating":"4","starRating":"4","hotelType":null,"bestFor":null,"sortOrder":"1","facilities":"Gym,Pool","facilitiesText":"Spa","price":"199","travelText":"save","hotelId":"103856","marketText":"Book 14 Days In Advance & Save 20%","isMemberExclusive":"0","isPromocodeApplicable":"value"},"hotel-id#27":{"hotelNameOld":"City Hotel Shanghai","hotelName":"City Hotel Shanghai","hotelNameUtf8":"City Hotel Shanghai","countryName":"China","countryCode":"CHN","cityName":"Shanghai","thImgUrl":"https:\/\/www.tnetnoc.com\/hotelphotos\/856\/103856\/69481597-City-Hotel-Shanghai-Other-13-LP.jpg","blackOutDates":null,"currency":"AUD","curySymbole":"$","promoId":null,"shortMarketingText":"Book 21 Days In Advance & Stay 2 Nights & Save 28%","reviewerScore":"60","likes":"88%","userRating":"4","starRating":"4","hotelType":null,"bestFor":null,"sortOrder":"1","facilities":"Gym,Pool","facilitiesText":"Spa","price":"199","travelText":"save","hotelId":"103856","marketText":"Book 21 Days In Advance & Stay 2 Nights & Save 28%","isMemberExclusive":"0","isPromocodeApplicable":"value"},"hotel-id#28":{"hotelNameOld":"City Hotel Shanghai","hotelName":"City Hotel Shanghai","hotelNameUtf8":"City Hotel Shanghai","countryName":"China","countryCode":"CHN","cityName":"Shanghai","thImgUrl":"https:\/\/www.tnetnoc.com\/hotelphotos\/856\/103856\/69481597-City-Hotel-Shanghai-Other-13-LP.jpg","blackOutDates":null,"currency":"AUD","curySymbole":"$","promoId":null,"shortMarketingText":"Book 21 Days In Advance & Save 25%","reviewerScore":"60","likes":"88%","userRating":"4","starRating":"4","hotelType":null,"bestFor":null,"sortOrder":"1","facilities":"Gym,Pool","facilitiesText":"Spa","price":"199","travelText":"save","hotelId":"103856","marketText":"Book 21 Days In Advance & Save 25%","isMemberExclusive":"0","isPromocodeApplicable":"value"},"hotel-id#29":{"hotelNameOld":"Majesty Plaza Hotel Shanghai","hotelName":"Majesty Plaza Hotel Shanghai","hotelNameUtf8":"Majesty Plaza Hotel Shanghai","countryName":"China","countryCode":"CHN","cityName":"Shanghai","thImgUrl":null,"blackOutDates":null,"currency":"AUD","curySymbole":"$","promoId":null,"shortMarketingText":"Stay 3 Nights & Save 20%","reviewerScore":"60","likes":"88%","userRating":"5","starRating":"5","hotelType":null,"bestFor":null,"sortOrder":"1","facilities":"Gym,Pool","facilitiesText":"Spa","price":"199","travelText":"save","hotelId":"312497","marketText":"Stay 3 Nights & Save 20%","isMemberExclusive":"0","isPromocodeApplicable":"value"},"hotel-id#30":{"hotelNameOld":"Majesty Plaza Hotel Shanghai","hotelName":"Majesty Plaza Hotel Shanghai","hotelNameUtf8":"Majesty Plaza Hotel Shanghai","countryName":"China","countryCode":"CHN","cityName":"Shanghai","thImgUrl":null,"blackOutDates":null,"currency":"AUD","curySymbole":"$","promoId":null,"shortMarketingText":"Book 5 Days In Advance & Save 18%","reviewerScore":"60","likes":"88%","userRating":"5","starRating":"5","hotelType":null,"bestFor":null,"sortOrder":"1","facilities":"Gym,Pool","facilitiesText":"Spa","price":"199","travelText":"save","hotelId":"312497","marketText":"Book 5 Days In Advance & Save 18%","isMemberExclusive":"0","isPromocodeApplicable":"value"}}