{"hotel-id#1":{"hotelNameOld":"Swissotel Sydney","hotelName":"Swissotel Sydney","hotelNameUtf8":"Swissotel Sydney","countryName":"Australia","countryCode":"AUS","cityName":"Sydney","thImgUrl":null,"blackOutDates":null,"currency":"AUD","curySymbole":"$","promoId":null,"shortMarketingText":"Book Now & Save 15%","reviewerScore":"60","likes":"88%","userRating":"5","starRating":"5","hotelType":null,"bestFor":null,"sortOrder":"1","facilities":"Gym,Pool","facilitiesText":"Spa","price":"199","travelText":"save","hotelId":"64022","marketText":"Book Now & Save 15%","isMemberExclusive":"0","isPromocodeApplicable":"value"},"hotel-id#2":{"hotelNameOld":"Rydges World Square Hotel Sydney","hotelName":"Rydges World Square Hotel Sydney","hotelNameUtf8":"Rydges World Square Hotel Sydney","countryName":"Australia","countryCode":"AUS","cityName":"Sydney","thImgUrl":null,"blackOutDates":null,"currency":"AUD","curySymbole":"$","promoId":null,"shortMarketingText":"Advance Purchase, Save 10%","reviewerScore":"60","likes":"88%","userRating":"4","starRating":"4","hotelType":null,"bestFor":null,"sortOrder":"1","facilities":"Gym,Pool","facilitiesText":"Spa","price":"199","travelText":"save","hotelId":"259021","marketText":"Advance Purchase, Save 10%","isMemberExclusive":"0","isPromocodeApplicable":"value"},"hotel-id#3":{"hotelNameOld":"Amora Hotel Jamison Sydney","hotelName":"Amora Hotel Jamison Sydney","hotelNameUtf8":"Amora Hotel Jamison Sydney","countryName":"Australia","countryCode":"AUS","cityName":"Sydney","thImgUrl":null,"blackOutDates":null,"currency":"AUD","curySymbole":"$","promoId":null,"shortMarketingText":"Members Save 5% + Free Upgrade +1pm Late Check Out","reviewerScore":"60","likes":"88%","userRating":"5","starRating":"5","hotelType":null,"bestFor":null,"sortOrder":"1","facilities":"Gym,Pool","facilitiesText":"Spa","price":"199","travelText":"save","hotelId":"307925","marketText":"Members Save 5% + Free Upgrade +1pm Late Check Out","isMemberExclusive":"1","isPromocodeApplicable":"value"},"hotel-id#4":{"hotelNameOld":"BreakFree On George Sydney Apartments","hotelName":"BreakFree On George Sydney Apartments","hotelNameUtf8":"BreakFree On George Sydney Apartments","countryName":"Australia","countryCode":"AUS","cityName":"Sydney","thImgUrl":null,"blackOutDates":null,"currency":"AUD","curySymbole":"$","promoId":null,"shortMarketingText":"Breakfree 5 Day Sale, Book Now & Save!","reviewerScore":"60","likes":"88%","userRating":"4","starRating":"4","hotelType":null,"bestFor":null,"sortOrder":"1","facilities":"Gym,Pool","facilitiesText":"Spa","price":"199","travelText":"save","hotelId":"323307","marketText":"Breakfree 5 Day Sale, Book Now & Save!","isMemberExclusive":"0","isPromocodeApplicable":"value"},"hotel-id#5":{"hotelNameOld":"Mantra On Kent Sydney","hotelName":"Mantra On Kent Sydney","hotelNameUtf8":"Mantra On Kent Sydney","countryName":"Australia","countryCode":"AUS","cityName":"Sydney","thImgUrl":null,"blackOutDates":null,"currency":"AUD","curySymbole":"$","promoId":null,"shortMarketingText":"Members Only, Book Now & Save 10%","reviewerScore":"60","likes":"88%","userRating":"4","starRating":"4","hotelType":null,"bestFor":null,"sortOrder":"1","facilities":"Gym,Pool","facilitiesText":"Spa","price":"199","travelText":"save","hotelId":"327251","marketText":"Members Only, Book Now & Save 10%","isMemberExclusive":"1","isPromocodeApplicable":"value"},"hotel-id#6":{"hotelNameOld":"Travelodge Wynyard Sydney","hotelName":"Travelodge Wynyard Sydney","hotelNameUtf8":"Travelodge Wynyard Sydney","countryName":"Australia","countryCode":"AUS","cityName":"Sydney","thImgUrl":null,"blackOutDates":null,"currency":"AUD","curySymbole":"$","promoId":null,"shortMarketingText":"Limited Time Offer, Stay 2 Nights & Save 35%","reviewerScore":"60","likes":"88%","userRating":"4","starRating":"4","hotelType":null,"bestFor":null,"sortOrder":"1","facilities":"Gym,Pool","facilitiesText":"Spa","price":"199","travelText":"save","hotelId":"321099","marketText":"Limited Time Offer, Stay 2 Nights & Save 35%","isMemberExclusive":"0","isPromocodeApplicable":"value"},"hotel-id#7":{"hotelNameOld":"Travelodge Wynyard Sydney","hotelName":"Travelodge Wynyard Sydney","hotelNameUtf8":"Travelodge Wynyard Sydney","countryName":"Australia","countryCode":"AUS","cityName":"Sydney","thImgUrl":null,"blackOutDates":null,"currency":"AUD","curySymbole":"$","promoId":null,"shortMarketingText":"Book 30 Days In Advance & Save 10%","reviewerScore":"60","likes":"88%","userRating":"4","starRating":"4","hotelType":null,"bestFor":null,"sortOrder":"1","facilities":"Gym,Pool","facilitiesText":"Spa","price":"199","travelText":"save","hotelId":"321099","marketText":"Book 30 Days In Advance & Save 10%","isMemberExclusive":"0","isPromocodeApplicable":"value"},"hotel-id#8":{"hotelNameOld":"The Sydney Boulevard Hotel","hotelName":"The Sydney Boulevard Hotel","hotelNameUtf8":"The Sydney Boulevard Hotel","countryName":"Australia","countryCode":"AUS","cityName":"Sydney","thImgUrl":null,"blackOutDates":null,"currency":"AUD","curySymbole":"$","promoId":null,"shortMarketingText":"Early Bird -  Stay & Save 10%","reviewerScore":"60","likes":"88%","userRating":"4","starRating":"4","hotelType":null,"bestFor":null,"sortOrder":"1","facilities":"Gym,Pool","facilitiesText":"Spa","price":"199","travelText":"save","hotelId":"313588","marketText":"Early Bird -  Stay & Save 10%","isMemberExclusive":"0","isPromocodeApplicable":"value"},"hotel-id#9":{"hotelNameOld":"Sofitel Sydney Wentworth","hotelName":"Sofitel Sydney Wentworth","hotelNameUtf8":"Sofitel Sydney Wentworth","countryName":"Australia","countryCode":"AUS","cityName":"Sydney","thImgUrl":null,"blackOutDates":null,"currency":"AUD","curySymbole":"$","promoId":null,"shortMarketingText":"Save 30% on your stay","reviewerScore":"60","likes":"88%","userRating":"5","starRating":"5","hotelType":null,"bestFor":null,"sortOrder":"1","facilities":"Gym,Pool","facilitiesText":"Spa","price":"199","travelText":"save","hotelId":"77440","marketText":"Save 30% on your stay","isMemberExclusive":"0","isPromocodeApplicable":"value"},"hotel-id#10":{"hotelNameOld":"Sofitel Sydney Wentworth","hotelName":"Sofitel Sydney Wentworth","hotelNameUtf8":"Sofitel Sydney Wentworth","countryName":"Australia","countryCode":"AUS","cityName":"Sydney","thImgUrl":null,"blackOutDates":null,"currency":"AUD","curySymbole":"$","promoId":null,"shortMarketingText":"Save 25% on your stay","reviewerScore":"60","likes":"88%","userRating":"5","starRating":"5","hotelType":null,"bestFor":null,"sortOrder":"1","facilities":"Gym,Pool","facilitiesText":"Spa","price":"199","travelText":"save","hotelId":"77440","marketText":"Save 25% on your stay","isMemberExclusive":"0","isPromocodeApplicable":"value"},"hotel-id#11":{"hotelNameOld":"The Westin Sydney","hotelName":"The Westin Sydney","hotelNameUtf8":"The Westin Sydney","countryName":"Australia","countryCode":"AUS","cityName":"Sydney","thImgUrl":null,"blackOutDates":null,"currency":"AUD","curySymbole":"$","promoId":null,"shortMarketingText":"Save 10% on your stay","reviewerScore":"60","likes":"88%","userRating":"5","starRating":"5","hotelType":null,"bestFor":null,"sortOrder":"1","facilities":"Gym,Pool","facilitiesText":"Spa","price":"199","travelText":"save","hotelId":"28840","marketText":"Save 10% on your stay","isMemberExclusive":"0","isPromocodeApplicable":"value"},"hotel-id#12":{"hotelNameOld":"Seasons Harbour Plaza","hotelName":"Seasons Harbour Plaza","hotelNameUtf8":"Seasons Harbour Plaza","countryName":"Australia","countryCode":"AUS","cityName":"Sydney","thImgUrl":null,"blackOutDates":null,"currency":"AUD","curySymbole":"$","promoId":null,"shortMarketingText":"Book In Advance & Save 20%","reviewerScore":"60","likes":"88%","userRating":"5","starRating":"5","hotelType":null,"bestFor":null,"sortOrder":"1","facilities":"Gym,Pool","facilitiesText":"Spa","price":"199","travelText":"save","hotelId":"320361","marketText":"Book In Advance & Save 20%","isMemberExclusive":"0","isPromocodeApplicable":"value"},"hotel-id#13":{"hotelNameOld":"BreakFree Bankstown International","hotelName":"BreakFree Bankstown International","hotelNameUtf8":"BreakFree Bankstown International","countryName":"Australia","countryCode":"AUS","cityName":"Sydney","thImgUrl":null,"blackOutDates":null,"currency":"AUD","curySymbole":"$","promoId":null,"shortMarketingText":"Breakfree 5 Day Sale, Book Now & Save!","reviewerScore":"60","likes":"88%","userRating":"4","starRating":"4","hotelType":null,"bestFor":null,"sortOrder":"1","facilities":"Gym,Pool","facilitiesText":"Spa","price":"199","travelText":"save","hotelId":"327273","marketText":"Breakfree 5 Day Sale, Book Now & Save!","isMemberExclusive":"0","isPromocodeApplicable":"value"},"hotel-id#14":{"hotelNameOld":"Rydges Parramatta","hotelName":"Rydges Parramatta","hotelNameUtf8":"Rydges Parramatta","countryName":"Australia","countryCode":"AUS","cityName":"Sydney","thImgUrl":null,"blackOutDates":null,"currency":"AUD","curySymbole":"$","promoId":null,"shortMarketingText":"Stay 5 Nights and Save 20%","reviewerScore":"60","likes":"88%","userRating":"5","starRating":"5","hotelType":null,"bestFor":null,"sortOrder":"1","facilities":"Gym,Pool","facilitiesText":"Spa","price":"199","travelText":"save","hotelId":"321627","marketText":"Stay 5 Nights and Save 20%","isMemberExclusive":"0","isPromocodeApplicable":"value"},"hotel-id#15":{"hotelNameOld":"Rydges Parramatta","hotelName":"Rydges Parramatta","hotelNameUtf8":"Rydges Parramatta","countryName":"Australia","countryCode":"AUS","cityName":"Sydney","thImgUrl":null,"blackOutDates":null,"currency":"AUD","curySymbole":"$","promoId":null,"shortMarketingText":"Book Now & Save 10%","reviewerScore":"60","likes":"88%","userRating":"5","starRating":"5","hotelType":null,"bestFor":null,"sortOrder":"1","facilities":"Gym,Pool","facilitiesText":"Spa","price":"199","travelText":"save","hotelId":"321627","marketText":"Book Now & Save 10%","isMemberExclusive":"0","isPromocodeApplicable":"value"},"hotel-id#16":{"hotelNameOld":"Oaks Hyde Park Plaza Sydney","hotelName":"Oaks Hyde Park Plaza Sydney","hotelNameUtf8":"Oaks Hyde Park Plaza Sydney","countryName":"Australia","countryCode":"AUS","cityName":"Sydney","thImgUrl":null,"blackOutDates":null,"currency":"AUD","curySymbole":"$","promoId":null,"shortMarketingText":"Stay 3 Nights & Save 15%","reviewerScore":"60","likes":"88%","userRating":"4","starRating":"4","hotelType":null,"bestFor":null,"sortOrder":"1","facilities":"Gym,Pool","facilitiesText":"Spa","price":"199","travelText":"save","hotelId":"322691","marketText":"Stay 3 Nights & Save 15%","isMemberExclusive":"0","isPromocodeApplicable":"value"},"hotel-id#17":{"hotelNameOld":"Oaks Hyde Park Plaza Sydney","hotelName":"Oaks Hyde Park Plaza Sydney","hotelNameUtf8":"Oaks Hyde Park Plaza Sydney","countryName":"Australia","countryCode":"AUS","cityName":"Sydney","thImgUrl":null,"blackOutDates":null,"currency":"AUD","curySymbole":"$","promoId":null,"shortMarketingText":"Stay 2 Nights & Save 10%","reviewerScore":"60","likes":"88%","userRating":"4","starRating":"4","hotelType":null,"bestFor":null,"sortOrder":"1","facilities":"Gym,Pool","facilitiesText":"Spa","price":"199","travelText":"save","hotelId":"322691","marketText":"Stay 2 Nights & Save 10%","isMemberExclusive":"0","isPromocodeApplicable":"value"},"hotel-id#18":{"hotelNameOld":"Vibe Hotel Sydney","hotelName":"Vibe Hotel Sydney","hotelNameUtf8":"Vibe Hotel Sydney","countryName":"Australia","countryCode":"AUS","cityName":"Sydney","thImgUrl":null,"blackOutDates":null,"currency":"AUD","curySymbole":"$","promoId":null,"shortMarketingText":"Stay 3 Nights & Save 25%","reviewerScore":"60","likes":"88%","userRating":"4","starRating":"4","hotelType":null,"bestFor":null,"sortOrder":"1","facilities":"Gym,Pool","facilitiesText":"Spa","price":"199","travelText":"save","hotelId":"317414","marketText":"Stay 3 Nights & Save 25%","isMemberExclusive":"0","isPromocodeApplicable":"value"},"hotel-id#19":{"hotelNameOld":"Vibe Hotel Sydney","hotelName":"Vibe Hotel Sydney","hotelNameUtf8":"Vibe Hotel Sydney","countryName":"Australia","countryCode":"AUS","cityName":"Sydney","thImgUrl":null,"blackOutDates":null,"currency":"AUD","curySymbole":"$","promoId":null,"shortMarketingText":"Stay 2 Nights and Save 20%","reviewerScore":"60","likes":"88%","userRating":"4","starRating":"4","hotelType":null,"bestFor":null,"sortOrder":"1","facilities":"Gym,Pool","facilitiesText":"Spa","price":"199","travelText":"save","hotelId":"317414","marketText":"Stay 2 Nights and Save 20%","isMemberExclusive":"0","isPromocodeApplicable":"value"},"hotel-id#20":{"hotelNameOld":"Travelodge Sydney","hotelName":"Travelodge Sydney","hotelNameUtf8":"Travelodge Sydney","countryName":"Australia","countryCode":"AUS","cityName":"Sydney","thImgUrl":null,"blackOutDates":null,"currency":"AUD","curySymbole":"$","promoId":null,"shortMarketingText":"Members Only, Save 20% + FREE 1pm Late Check Out","reviewerScore":"60","likes":"88%","userRating":"4","starRating":"4","hotelType":null,"bestFor":null,"sortOrder":"1","facilities":"Gym,Pool","facilitiesText":"Spa","price":"199","travelText":"save","hotelId":"318477","marketText":"Members Only, Save 20% + FREE 1pm Late Check Out","isMemberExclusive":"1","isPromocodeApplicable":"value"},"hotel-id#21":{"hotelNameOld":"Travelodge Sydney","hotelName":"Travelodge Sydney","hotelNameUtf8":"Travelodge Sydney","countryName":"Australia","countryCode":"AUS","cityName":"Sydney","thImgUrl":null,"blackOutDates":null,"currency":"AUD","curySymbole":"$","promoId":null,"shortMarketingText":"Stay 3 Nights and Save 20%","reviewerScore":"60","likes":"88%","userRating":"4","starRating":"4","hotelType":null,"bestFor":null,"sortOrder":"1","facilities":"Gym,Pool","facilitiesText":"Spa","price":"199","travelText":"save","hotelId":"318477","marketText":"Stay 3 Nights and Save 20%","isMemberExclusive":"0","isPromocodeApplicable":"value"},"hotel-id#22":{"hotelNameOld":"Travelodge Sydney","hotelName":"Travelodge Sydney","hotelNameUtf8":"Travelodge Sydney","countryName":"Australia","countryCode":"AUS","cityName":"Sydney","thImgUrl":null,"blackOutDates":null,"currency":"AUD","curySymbole":"$","promoId":null,"shortMarketingText":"Book 30 Days In Advance & Save 15%","reviewerScore":"60","likes":"88%","userRating":"4","starRating":"4","hotelType":null,"bestFor":null,"sortOrder":"1","facilities":"Gym,Pool","facilitiesText":"Spa","price":"199","travelText":"save","hotelId":"318477","marketText":"Book 30 Days In Advance & Save 15%","isMemberExclusive":"0","isPromocodeApplicable":"value"},"hotel-id#23":{"hotelNameOld":"Travelodge Sydney","hotelName":"Travelodge Sydney","hotelNameUtf8":"Travelodge Sydney","countryName":"Australia","countryCode":"AUS","cityName":"Sydney","thImgUrl":null,"blackOutDates":null,"currency":"AUD","curySymbole":"$","promoId":null,"shortMarketingText":"Book 7 Days in Advance & Save 10%","reviewerScore":"60","likes":"88%","userRating":"4","starRating":"4","hotelType":null,"bestFor":null,"sortOrder":"1","facilities":"Gym,Pool","facilitiesText":"Spa","price":"199","travelText":"save","hotelId":"318477","marketText":"Book 7 Days in Advance & Save 10%","isMemberExclusive":"0","isPromocodeApplicable":"value"},"hotel-id#24":{"hotelNameOld":"Stamford Plaza Sydney Airport","hotelName":"Stamford Plaza Sydney Airport","hotelNameUtf8":"Stamford Plaza Sydney Airport","countryName":"Australia","countryCode":"AUS","cityName":"Sydney","thImgUrl":null,"blackOutDates":null,"currency":"AUD","curySymbole":"$","promoId":null,"shortMarketingText":"Members - Save additional 5%","reviewerScore":"60","likes":"88%","userRating":"5","starRating":"5","hotelType":null,"bestFor":null,"sortOrder":"1","facilities":"Gym,Pool","facilitiesText":"Spa","price":"199","travelText":"save","hotelId":"72535","marketText":"Members - Save additional 5%","isMemberExclusive":"1","isPromocodeApplicable":"value"},"hotel-id#25":{"hotelNameOld":"Adina Apartment Hotel Sydney","hotelName":"Adina Apartment Hotel Sydney","hotelNameUtf8":"Adina Apartment Hotel Sydney","countryName":"Australia","countryCode":"AUS","cityName":"Sydney","thImgUrl":null,"blackOutDates":null,"currency":"AUD","curySymbole":"$","promoId":null,"shortMarketingText":"Stay 3 Nights & Save 20%","reviewerScore":"60","likes":"88%","userRating":"5","starRating":"5","hotelType":null,"bestFor":null,"sortOrder":"1","facilities":"Gym,Pool","facilitiesText":"Spa","price":"199","travelText":"save","hotelId":"326961","marketText":"Stay 3 Nights & Save 20%","isMemberExclusive":"0","isPromocodeApplicable":"value"},"hotel-id#26":{"hotelNameOld":"Adina Apartment Hotel Sydney","hotelName":"Adina Apartment Hotel Sydney","hotelNameUtf8":"Adina Apartment Hotel Sydney","countryName":"Australia","countryCode":"AUS","cityName":"Sydney","thImgUrl":null,"blackOutDates":null,"currency":"AUD","curySymbole":"$","promoId":null,"shortMarketingText":"Stay 2 Nights and Save 10%","reviewerScore":"60","likes":"88%","userRating":"5","starRating":"5","hotelType":null,"bestFor":null,"sortOrder":"1","facilities":"Gym,Pool","facilitiesText":"Spa","price":"199","travelText":"save","hotelId":"326961","marketText":"Stay 2 Nights and Save 10%","isMemberExclusive":"0","isPromocodeApplicable":"value"},"hotel-id#27":{"hotelNameOld":"Adina Apartment Hotel Sydney","hotelName":"Adina Apartment Hotel Sydney","hotelNameUtf8":"Adina Apartment Hotel Sydney","countryName":"Australia","countryCode":"AUS","cityName":"Sydney","thImgUrl":null,"blackOutDates":null,"currency":"AUD","curySymbole":"$","promoId":null,"shortMarketingText":"Book 30 Days In Advance & Save 10%","reviewerScore":"60","likes":"88%","userRating":"5","starRating":"5","hotelType":null,"bestFor":null,"sortOrder":"1","facilities":"Gym,Pool","facilitiesText":"Spa","price":"199","travelText":"save","hotelId":"326961","marketText":"Book 30 Days In Advance & Save 10%","isMemberExclusive":"0","isPromocodeApplicable":"value"},"hotel-id#28":{"hotelNameOld":"Adina Apartment Hotel Sydney, Central","hotelName":"Adina Apartment Hotel Sydney, Central","hotelNameUtf8":"Adina Apartment Hotel Sydney, Central","countryName":"Australia","countryCode":"AUS","cityName":"Sydney","thImgUrl":null,"blackOutDates":null,"currency":"AUD","curySymbole":"$","promoId":null,"shortMarketingText":"Limited Time Offer, Stay 3 Nights & Save 35%","reviewerScore":"60","likes":"88%","userRating":"5","starRating":"5","hotelType":null,"bestFor":null,"sortOrder":"1","facilities":"Gym,Pool","facilitiesText":"Spa","price":"199","travelText":"save","hotelId":"310879","marketText":"Limited Time Offer, Stay 3 Nights & Save 35%","isMemberExclusive":"0","isPromocodeApplicable":"value"},"hotel-id#29":{"hotelNameOld":"Adina Apartment Hotel Sydney, Central","hotelName":"Adina Apartment Hotel Sydney, Central","hotelNameUtf8":"Adina Apartment Hotel Sydney, Central","countryName":"Australia","countryCode":"AUS","cityName":"Sydney","thImgUrl":null,"blackOutDates":null,"currency":"AUD","curySymbole":"$","promoId":null,"shortMarketingText":"Stay 3 Nights & Save 15%","reviewerScore":"60","likes":"88%","userRating":"5","starRating":"5","hotelType":null,"bestFor":null,"sortOrder":"1","facilities":"Gym,Pool","facilitiesText":"Spa","price":"199","travelText":"save","hotelId":"310879","marketText":"Stay 3 Nights & Save 15%","isMemberExclusive":"0","isPromocodeApplicable":"value"},"hotel-id#30":{"hotelNameOld":"Adina Apartment Hotel Sydney, Central","hotelName":"Adina Apartment Hotel Sydney, Central","hotelNameUtf8":"Adina Apartment Hotel Sydney, Central","countryName":"Australia","countryCode":"AUS","cityName":"Sydney","thImgUrl":null,"blackOutDates":null,"currency":"AUD","curySymbole":"$","promoId":null,"shortMarketingText":"Stay 2 Nights & Save 10%","reviewerScore":"60","likes":"88%","userRating":"5","starRating":"5","hotelType":null,"bestFor":null,"sortOrder":"1","facilities":"Gym,Pool","facilitiesText":"Spa","price":"199","travelText":"save","hotelId":"310879","marketText":"Stay 2 Nights & Save 10%","isMemberExclusive":"0","isPromocodeApplicable":"value"}}